request_id,t_start,t_end,latency_ms,status,server_latency_s
189850bc-13b8-45ef-b2d5-2539ebbb882c,1782296905.866728,1782296991.320631,85453.90,200,0.05822099099987099
dc077444-2094-45e6-88b2-e272726e7967,1782296932.873475,1782296932.943778,70.30,200,0.05670934699992358
358a0ca3-db28-4bbc-87f4-4e345749f8d1,1782296933.302611,1782296933.362791,60.18,200,0.05506440500084864
5c0e831b-0ad1-47e0-a0b3-16c6bfafa954,1782296933.490158,1782296933.560375,70.22,200,0.06279287799952726
e238f0e5-f311-4dba-966d-5fcbb992e055,1782296933.620740,1782296933.697267,76.53,200,0.0693955390006522
1b511129-2464-4f05-b87e-2d5cdd3a660b,1782296933.644801,1782296933.844109,199.31,200,0.07521606000045722
5c38bd44-0acb-45ed-9176-308fe8352323,1782296933.669893,1782296933.843890,174.00,200,0.0671429989997705
e09f0e7e-0645-41fb-b2ad-5cff6a016efa,1782296933.678269,1782296933.902713,224.44,200,0.057953735000410234
2f2d0b55-7e7d-484e-9a3d-39cf992c83c1,1782296933.886641,1782296933.966378,79.74,200,0.06197978999989573
e4b2743c-737b-4ff6-b68e-484c9cf66f7a,1782296934.387228,1782296934.446068,58.84,200,0.053866214000663604
6d7b797f-c25a-47a8-bef9-8a0414515ba7,1782296934.606535,1782296934.665486,58.95,200,0.054018224999708764
b0542a91-2d95-4bad-98c1-84678ecc3978,1782296934.758960,1782296934.851527,92.57,200,0.08647388499957742
90356475-7b39-4300-929c-2ffaa5601b9e,1782296934.786991,1782296934.989382,202.39,200,0.06606650199955766
8561bbba-4c0c-4e09-bafb-a0623fb5a683,1782296934.816149,1782296934.989661,173.51,200,0.06816055899980711
3a15b6c8-5253-46b9-9281-114315b9965d,1782296934.881434,1782296935.071467,190.03,200,0.08057494000058796
2fd30c6f-fbcc-4d89-9be8-161e47dcb882,1782296935.311279,1782296935.383544,72.26,200,0.06659151399981056
1ad0927b-cc0c-413a-a837-e5d1d9572287,1782296935.498080,1782296935.577008,78.93,200,0.07204634699974122
8d1e5a1a-af27-4db2-b1d4-c1b20c5b1d32,1782296935.628448,1782296935.719128,90.68,200,0.08308780599963939
73e76f3a-1902-4050-8e94-b52d780facfe,1782296935.652811,1782296935.741547,88.74,200,0.08070501500060345
1d806acc-59cb-486f-95a7-8a0df67210c3,1782296935.677035,1782296935.817660,140.62,200,0.07395954099956725
10c845c4-d341-4ad6-a017-0668ffba261a,1782296935.686234,1782296935.823902,137.67,200,0.10118923600020935
e52ace1c-e220-4c46-a497-3f4235d03159,1782296935.896814,1782296935.969074,72.26,200,0.060533000000759785
8eff1dfc-ec1c-40fe-bada-ecb2a0a91e7c,1782296936.399120,1782296936.465868,66.75,200,0.06067614699986734
6b8996fd-5ddb-4769-8162-84d0f79a254e,1782296936.618508,1782296936.695094,76.59,200,0.06996948599953612
162902e4-adb9-4a5c-9099-5e7502a80c82,1782296936.770672,1782296936.859005,88.33,200,0.08134226899983332
61e306df-b017-4658-8638-20f6a7ed1ad6,1782296936.798741,1782296936.887712,88.97,200,0.08198818700020638
0621e175-0871-4314-9ba1-d2426a19b9f0,1782296936.827614,1782296936.940224,112.61,200,0.07536014000015712
d5ec897b-cecd-4906-97b2-c48a08031f2d,1782296936.890044,1782296936.992062,102.02,200,0.08417262700004358
8f7ae4f7-daea-47d8-892c-c583d4b927ee,1782296937.319291,1782296937.413908,94.62,200,0.08629805100008525
692e4230-0499-446a-ab99-52cd5b26edc1,1782296937.507562,1782296937.586803,79.24,200,0.07195158499962417
511316aa-6583-4ad7-845c-9ba45d0da21e,1782296937.637348,1782296937.729395,92.05,200,0.08482713800003694
318fe138-8d8f-42bf-b7e6-9e4376f1f220,1782296937.661830,1782296937.878214,216.38,200,0.06873164399985399
017b58f7-9e1c-441f-9706-efdd79d894e6,1782296937.686294,1782296937.877804,191.51,200,0.07627612199939904
890b3773-582e-405c-abc6-27902136794e,1782296937.694449,1782296937.775587,81.14,200,0.07315207099964027
4dddc981-4e45-4283-b2a4-33a0bd61ca57,1782296937.885636,1782296937.981421,95.78,200,0.0821930380006961
3f1b5813-bf7a-4f6b-8a39-e10662227845,1782296938.260488,1782296938.335730,75.24,200,0.06748129700008576
b5544ad3-584d-4331-8989-2cb804964be5,1782296938.424338,1782296938.510306,85.97,200,0.07932620999963547
48ddf317-c602-4fef-9d30-cd5a92ff72c1,1782296938.538830,1782296938.621953,83.12,200,0.07618137700046645
b1141d17-5b93-4d49-bfea-74cf3a238d97,1782296938.560354,1782296938.723103,162.75,200,0.09698740200019529
eedbe7f5-9e51-43bf-afb7-dae2225eac4d,1782296938.581109,1782296938.800704,219.60,200,0.07622654599981615
bccb7665-67f3-4644-a66d-e9ee8dc018e2,1782296938.589206,1782296938.890848,301.64,200,0.08842569999978878
7ec39aec-8d71-49e0-988d-b2731b4699d0,1782296938.840302,1782296938.972028,131.73,200,0.0787322830001358
08006ec9-6340-41ca-a5a2-4dc71c9e1157,1782296938.895868,1782296939.045541,149.67,200,0.07166509699982271
9117737d-2ea1-4ce9-9bb4-ce08adb1995a,1782296939.325366,1782296939.393963,68.60,200,0.06307694099996297
8f0285c8-bb84-4022-b92d-7a8397238919,1782296939.513639,1782296939.584961,71.32,200,0.06500452099953691
b6a92264-c143-425f-8311-5e8b4e08ce44,1782296939.643855,1782296939.736976,93.12,200,0.08380082299936475
59cca7b8-22cc-4185-ba74-0d5d94d8570b,1782296939.667919,1782296939.820922,153.00,200,0.08215765000022657
fb914c71-aa30-4f71-b16b-f135ab1d680c,1782296939.691633,1782296939.792151,100.52,200,0.09263870399990992
be1fa38c-e03e-427b-a32b-5f50091b50c2,1782296939.700226,1782296939.874039,173.81,200,0.08012305099964578
358bd275-b585-431b-a460-c3a1e1abbb72,1782296939.898945,1782296939.980816,81.87,200,0.06810538800073118
8235b6d8-0e6f-4e50-ab5a-de9028b45ed8,1782296940.327945,1782296940.409168,81.22,200,0.07289123500049755
44432d77-fb34-46ec-b896-a1968a061af4,1782296940.515644,1782296940.582839,67.20,200,0.06208490199969674
19a25279-4750-41f4-9f2c-18b79a63bf32,1782296940.646261,1782296940.715224,68.96,200,0.06312134599920682
884e4e9d-4ea1-45e0-bd83-b9afa57b83e5,1782296940.670357,1782296940.789016,118.66,200,0.07114839599944389
d7bc60cc-166e-484c-b265-f307b1a93d5d,1782296940.694896,1782296940.774273,79.38,200,0.06893256399962411
db08c950-e40c-4c5c-96b2-4431a307a497,1782296940.703248,1782296940.851839,148.59,200,0.07643181000003096
992fe378-6cc8-4230-b79c-c25de5d8f332,1782296940.899854,1782296940.993503,93.65,200,0.0751574799996888
b8503e5a-f286-4963-a223-6eb1aa0ab33b,1782296941.328531,1782296941.395699,67.17,200,0.061703358000158914
06dffec8-5d48-439f-8c4e-1dd98d1eec0b,1782296941.516296,1782296941.592590,76.29,200,0.06905563100008294
c9efce30-6609-4f6c-8489-7357e51a05fb,1782296941.647034,1782296941.714825,67.79,200,0.061899309999716934
78d8a955-1ad9-4862-8e48-fb436d62e23d,1782296941.671016,1782296941.784794,113.78,200,0.06844789999922796
78519026-1d02-403a-9940-c696448bc4bf,1782296941.695525,1782296941.771202,75.68,200,0.06729376099974615
29c03eb6-0d97-4d42-a6ab-2405f4758c54,1782296941.703778,1782296941.841426,137.65,200,0.0688636860004408
f52d56b3-6b9f-4bd3-a71f-4f03ed63c06f,1782296941.895898,1782296941.973439,77.54,200,0.06355097100004059
f2765be0-8e75-43b9-b23f-41cb7004003c,1782296942.270521,1782296942.352030,81.51,200,0.0732069119994776
b0379b35-ba77-4b51-8790-c588debe7b4d,1782296942.435490,1782296942.504733,69.24,200,0.0635945290005111
49cefe36-4295-45c9-8431-3c3066408069,1782296942.549274,1782296942.651928,102.65,200,0.09386758399978135
4e34ab67-b3b0-4430-bd5b-cc35cba4b05b,1782296942.570974,1782296942.756243,185.27,200,0.10209224600021116
7dcde90b-f747-4aca-929f-057905091346,1782296942.592423,1782296942.852693,260.27,200,0.09521513900017453
09217d6e-b0f6-4282-976c-91af0102b22b,1782296942.599420,1782296942.704659,105.24,200,0.0960525009995763
1135dde0-2bc2-4e1a-b601-be56658c8e56,1782296942.850970,1782296942.936363,85.39,200,0.07838638199973502
f3d78399-f7cf-4513-b1db-216c50dbe5c8,1782296942.917138,1782296943.010025,92.89,200,0.07139953000023525
4e4534f9-6f1c-4dec-b34b-174861c0cc86,1782296943.419011,1782296943.482539,63.53,200,0.05737191299976985
39f2559b-d742-491b-a5c2-209150fda8ce,1782296943.638016,1782296943.719553,81.54,200,0.07325766800022393
b1f8c0bf-169c-40ff-8535-4b82d7ad47ef,1782296943.790044,1782296943.873065,83.02,200,0.07625010300034774
4c9a01e2-fa67-42c4-844a-b4909d38f16b,1782296943.818186,1782296943.899890,81.70,200,0.07534412799941492
85db3494-1c5d-4053-a7b0-de6047cd4fdb,1782296943.846963,1782296943.959860,112.90,200,0.08488294499966287
80af8ba4-3211-4b15-b256-eb1f1331d76c,1782296943.894861,1782296944.006249,111.39,200,0.09371983800065209
19a8ecbf-7d60-435b-9573-5eab9eb1137c,1782296944.228035,1782296944.289116,61.08,200,0.05601099600062298
432c5e1f-99d8-4e40-b52b-81d5c2878dec,1782296944.374597,1782296944.451767,77.17,200,0.06880744000045524
443924a3-a82a-43ab-9aaa-a30c39bdf047,1782296944.475231,1782296944.564745,89.51,200,0.08016450800005259
a2fcc102-ecd9-4bfc-aa81-60d14de1b58d,1782296944.495289,1782296944.572739,77.45,200,0.07038600400028372
b34c7266-9240-46d1-8bc5-17413e045702,1782296944.512844,1782296944.652323,139.48,200,0.07821266799965088
cdfed026-df9f-4ede-b33a-6da1bb98dc1a,1782296944.519418,1782296944.653727,134.31,200,0.08842299400021147
0bde17ee-606a-466d-82fb-a37fc524cb8b,1782296944.743236,1782296944.815896,72.66,200,0.06670654700064915
ea5a0dd0-6bba-4c4f-bf07-45f5bab19cc3,1782296944.845366,1782296944.914371,69.00,200,0.06251927399989654
f2538297-6833-474b-ae14-76927cc40e79,1782296944.896763,1782296944.977144,80.38,200,0.0639871139992465
2157b3b5-da2a-4d0b-b292-9bfe48101491,1782296945.230129,1782296945.292287,62.16,200,0.056816318999153737
797bf7d8-ef57-493f-8715-655fc73b1923,1782296945.375787,1782296945.442062,66.27,200,0.060021279000466166
ac7cfb35-abb7-4cfd-8449-8f4a243bdce3,1782296945.477579,1782296945.550610,73.03,200,0.0662592639991999
431c2f63-d105-4f1a-a49e-ad87094d1b25,1782296945.496158,1782296945.572007,75.85,200,0.06774160500026483
d5bfead7-123c-422b-a9da-b748bb13675e,1782296945.515713,1782296945.644114,128.40,200,0.07033494000006613
29e0de63-93eb-4fd6-93a3-8f55692648fc,1782296945.521836,1782296945.707551,185.71,200,0.06228134199955093
6817aa38-2d50-4942-813f-195f275d211e,1782296945.745016,1782296945.815502,70.49,200,0.06448708800053282
c5b637d4-b8b3-4ca3-81e1-1558f60b793f,1782296945.847927,1782296945.944382,96.45,200,0.08710446099939873
04070ad3-8156-499b-9f9b-66edcf01e142,1782296945.913092,1782296946.016013,102.92,200,0.08424483700036944
23c39f43-2a71-4b13-bdd4-934b43e5bb11,1782296946.341788,1782296946.409400,67.61,200,0.06258375800007343
ed1ac930-edc3-41f5-915a-22fca5f454d7,1782296946.530474,1782296946.603174,72.70,200,0.06571720499960065
e35dd9fc-90c9-40c7-b41a-9db0ec183424,1782296946.664289,1782296946.754539,90.25,200,0.08115021199955663
fd248f63-eaae-49cf-9d34-050517577aa7,1782296946.685636,1782296946.761937,76.30,200,0.06643478499972844
b9bd51a5-6130-4eb5-ad54-07d878874efa,1782296946.709381,1782296946.817396,108.02,200,0.0619549189996178
c5eef21c-f612-4b48-b54f-b01c1ce1024c,1782296946.717426,1782296946.900317,182.89,200,0.07928456100034964
275d97b8-c113-45cf-b128-f8ae52bc8e75,1782296946.919938,1782296946.989222,69.28,200,0.05788028499955544
ab12e5e8-6baa-47af-a60a-c0d55d5244ff,1782296947.348668,1782296947.410111,61.44,200,0.05621212000005471
f6c70127-a625-4a3d-b3f6-984d08bc882a,1782296947.536633,1782296947.598219,61.59,200,0.05584629399982077
f136da33-0ecc-4cf7-8fc1-a5ff76c48c6e,1782296947.667643,1782296947.732974,65.33,200,0.05954048599960515
96d90bb9-575f-4850-8187-94a78713c345,1782296947.691559,1782296947.780716,89.16,200,0.07869315500010998
ab4ab3db-7d99-4026-983c-e4f46ed77e7b,1782296947.716165,1782296947.795226,79.06,200,0.06107580699972459
e6450331-c55a-450d-a539-fb4a1ef85277,1782296947.724380,1782296947.866880,142.50,200,0.08306539499972132
1fd40cd7-fbf6-4998-a5f6-03d1ec7b73a0,1782296947.905590,1782296947.986071,80.48,200,0.0670626800001628
7272c8e4-4e36-470c-9a72-ecdfa4cd176a,1782296948.238885,1782296948.303725,64.84,200,0.059925317999841354
d34bca9b-4ff6-41c6-a79f-164cb37b9642,1782296948.385158,1782296948.455886,70.73,200,0.06564248999984557
a2ff50ee-005b-4494-81a4-cf52f649a8f9,1782296948.486376,1782296948.547262,60.89,200,0.05561827500059735
66d2041e-13c0-4a6d-b508-5b33f22e8159,1782296948.506389,1782296948.605380,98.99,200,0.056957841999974335
1c626f5f-387f-4e86-9b71-54be10d8e633,1782296948.524030,1782296948.669003,144.97,200,0.06204620900007285
f5c911e5-6d17-4b8a-aeb2-8e4b5b41d54f,1782296948.530631,1782296948.733950,203.32,200,0.06432298599975184
d67694b6-e067-408f-94e3-4fb3546f2619,1782296948.754332,1782296948.829153,74.82,200,0.06594348999988142
a0854af1-e41b-41ea-8aa4-3d0cbcd10f89,1782296948.856535,1782296948.918447,61.91,200,0.05588330500086158
c3b7e898-4517-4cef-98c1-bf2852ef5b46,1782296948.922500,1782296948.993495,71.00,200,0.05846589500015398
00b8ef31-29ad-4078-a384-feb59ead8ec4,1782296949.351440,1782296949.412400,60.96,200,0.05552552900007868
5030613f-b8a6-4cd3-8d4a-587d5a1016d0,1782296949.539862,1782296949.599843,59.98,200,0.054554479000216816
4adeb100-803a-443b-9650-a2f01fa9d59e,1782296949.670307,1782296949.740202,69.89,200,0.06344412199996441
fca85607-3587-4d33-93f8-8c4441996d59,1782296949.694291,1782296949.771160,76.87,200,0.06996665299993765
975e92fb-1375-459d-bd6a-7b94ce8c354f,1782296949.718828,1782296949.808990,90.16,200,0.06759345699992991
6280482f-1708-4ece-97bf-377028eed594,1782296949.726735,1782296949.881519,154.78,200,0.07153854100033641
a7f0c5b2-0ec7-47a8-bc78-db96375663e0,1782296949.927075,1782296949.994535,67.46,200,0.05595317799998156
a0d64803-e56f-4624-afe2-7ca56dd09ca9,1782296950.356613,1782296950.442243,85.63,200,0.0759468989999732
a5f2d0fd-80f3-4d7a-a804-ed8defd17484,1782296950.544062,1782296950.614163,70.10,200,0.06350119299986545
379156e2-6fef-4386-a65a-53a909b62ebe,1782296950.674926,1782296950.746563,71.64,200,0.06471831199996814
c3161027-0e0c-4c94-92bb-abfd4f6faa06,1782296950.698239,1782296950.812221,113.98,200,0.06342768800004706
462d2b04-3c77-4e1a-af01-60cc4e4271a0,1782296950.723305,1782296950.882296,158.99,200,0.06861643699994602
1edc6d15-74f2-4ae7-9f09-0d6e9528ef0e,1782296950.731880,1782296950.965297,233.42,200,0.08103256800040981
b2d9971c-5785-4cf8-8386-8cc47c633f6e,1782296950.924697,1782296951.016997,92.30,200,0.07331910199991398
6b50a3a9-b065-4345-97c6-4e7c9b987214,1782296951.299265,1782296951.383672,84.41,200,0.07645794000018213
22feaea3-f7c1-4353-aba0-65419fdb6b11,1782296951.463262,1782296951.541101,77.84,200,0.07034934500006784
d72dc8a1-04e2-489c-9b2c-00476c130c75,1782296951.578873,1782296951.716489,137.62,200,0.11874704700039729
1dea152d-976e-49d9-97a2-0dc76a409ffd,1782296951.598877,1782296951.807917,209.04,200,0.09036702799949126
c1ad4a03-7afd-42f6-a128-954831da7776,1782296951.621021,1782296951.870478,249.46,200,0.06140981099997589
8ce4081b-0be3-406d-aede-da8e6d52a120,1782296951.627220,1782296951.741846,114.63,200,0.1059695379999539
703f4b53-2314-4546-ab43-6c53bf65f9d3,1782296951.878847,1782296951.967611,88.76,200,0.08040888800042012
bb00d4ab-ec78-4a4b-b288-59d7ec8ef1c0,1782296951.928612,1782296952.005590,76.98,200,0.061372486000436766
2c734c3d-3c5b-46c9-87c2-c10042535f0e,1782296952.303632,1782296952.369140,65.51,200,0.05976912000005541
e0332bd3-251b-451b-b1fb-d538a2399bc6,1782296952.467702,1782296952.528259,60.56,200,0.05465983399972174
0961e93d-700e-45bb-93a8-395409662f55,1782296952.581806,1782296952.648129,66.32,200,0.06043479400068463
12db0c09-88e8-42b8-8ace-1280d69e859b,1782296952.602956,1782296952.669307,66.35,200,0.06008552999992389
54e93840-b471-42dc-9dcf-16acaa01f156,1782296952.624389,1782296952.808626,184.24,200,0.07124012700023741
b19eced3-2ca6-4636-8d16-af5186e00d5b,1782296952.631976,1782296952.808370,176.39,200,0.06278747199939971
5e8df53c-4474-4099-a569-0dcc59d854a3,1782296952.883005,1782296952.944729,61.72,200,0.056050778000098944
f2638f78-5c98-493d-a4e5-9c00e3bebe9c,1782296952.928131,1782296953.018306,90.17,200,0.06982539699947665
e64092fc-7b73-445f-9a4b-dd245031d098,1782296953.304159,1782296953.362193,58.03,200,0.05273407599997881
b48ec846-11bb-463d-9e10-1195edf41e16,1782296953.467623,1782296953.543522,75.90,200,0.06842266700004984
a8f09812-9ec2-4d4c-9205-e9f879002c92,1782296953.581943,1782296953.685438,103.50,200,0.09496467900044081
21cb74be-865d-4f0f-9b38-b3a526372235,1782296953.602924,1782296953.697036,94.11,200,0.0865799800003515
8aef29b0-c18d-4462-a3f3-b37f1f2cdb74,1782296953.624352,1782296953.778904,154.55,200,0.08962745899953006
4df008a9-f00a-4449-8e19-bfb9b2267fd4,1782296953.631306,1782296953.764672,133.37,200,0.06618168000022706
c75c65fd-5bb5-4f98-8fd3-215a3f006cba,1782296953.884449,1782296953.954612,70.16,200,0.06461384700014605
d527b2ac-ebad-4fb9-b2b1-df7627709fed,1782296953.938494,1782296954.014564,76.07,200,0.0583808270002919
47a03b5d-624d-4f6a-99d1-5d988c421f7d,1782296954.367507,1782296954.427168,59.66,200,0.054301806999319524
1a3acb19-7907-4d43-bee8-992506bcbe34,1782296954.555775,1782296954.625994,70.22,200,0.06444472200018936
85d639d7-0b3b-4e66-8227-3f40b338b452,1782296954.686522,1782296954.746186,59.66,200,0.05393732700031251
3b0234fd-fbed-49aa-a214-9b67f206ecaf,1782296954.709647,1782296954.813044,103.40,200,0.06606709900006535
585731f8-ab39-435f-add7-67f00d09f860,1782296954.734586,1782296954.801692,67.11,200,0.059615327000756224
cc5fabfe-7ecc-4d18-856b-86fd50dc740f,1782296954.742661,1782296954.865911,123.25,200,0.06338743400010571
5a4acdac-f0fe-4d1f-b972-376b25e48c61,1782296954.951790,1782296955.026219,74.43,200,0.06135613800051942
68ab13c5-8fd0-49f2-aacc-821af68ad4fe,1782296955.452250,1782296955.514857,62.61,200,0.05730752600084088
25e2bb0b-a811-496c-8275-9d6523ce258d,1782296958.573829,1782296958.649552,75.72,200,0.06943538499945134
39b09978-4ba6-4f40-aa11-db2d84ba47d4,1782296958.602213,1782296958.718638,116.43,200,0.06757757699961076
55e5d103-31b3-4ce1-9c95-493346937c49,1782296958.631398,1782296958.785381,153.98,200,0.06543518499984202
e1b22a25-5c3f-4951-8b1c-caeb7ccbb44c,1782296958.717079,1782296958.855092,138.01,200,0.06628237499990064
b6de2ca0-b5e1-441b-9c14-709cefea40d5,1782296959.144042,1782296959.202908,58.87,200,0.05375118699976156
5dc9a324-4b0f-491b-b74b-d7eb086fe3e3,1782296959.331440,1782296959.402165,70.72,200,0.06537058100002469
4e937865-8f5f-42ca-a075-8e4c9a60a2d4,1782296959.462562,1782296959.525486,62.92,200,0.057555953000701265
d5e1c943-755c-4766-9f9e-ac5f2e14092d,1782296959.485653,1782296959.597987,112.33,200,0.07121260199983226
ea7f8bfa-fd3f-42db-b4c0-203ea33d9133,1782296959.510354,1782296959.725744,215.39,200,0.058974401999876136
9d28ceb9-87ff-4bde-918c-77aa13b64f08,1782296959.518450,1782296959.725382,206.93,200,0.06486718100040889
92244828-89e1-4930-97fb-a6bc00487af7,1782296959.723580,1782296959.792272,68.69,200,0.05542601399974956
f045e7d2-9a67-4799-acc6-8649b39f1cf4,1782296960.325318,1782296960.400970,75.65,200,0.06998320799993962
a333e34a-c851-4964-b146-f7d92daf7962,1782296960.588462,1782296960.651516,63.05,200,0.05741494900030375
89c28486-34fb-4a21-bfd8-3170fbc56e48,1782296960.699704,1782296960.765836,66.13,200,0.05512304900003073
e4986afe-8a1d-4f88-87b7-99902cb30b19,1782296960.771922,1782296960.833424,61.50,200,0.05608057499921415
84f7387d-a515-4e6a-93b5-88b3deccc6af,1782296960.804909,1782296960.869216,64.31,200,0.057922371000131534
1a674072-c72c-4288-bb4e-c66e7d1fad3b,1782296961.128701,1782296961.186209,57.51,200,0.0524216769999839
1cbb5bcb-cf7b-4764-a184-fc415ca0b527,1782296961.316694,1782296961.378675,61.98,200,0.05681800399997883
766d9e5d-4ec8-4fec-83c9-230dfb7429be,1782296961.447298,1782296961.510445,63.15,200,0.057487852000122075
6acf848f-b0ed-4694-a7b2-4fc74aaf6709,1782296961.470549,1782296961.570777,100.23,200,0.058830346999457106
c37fc2b7-0e46-4c97-a38b-fc7be8e61ae5,1782296961.495284,1782296961.564266,68.98,200,0.061978108000403154
3a21da19-7022-432d-a326-f8d592c0b945,1782296961.504115,1782296961.634302,130.19,200,0.06271618499977194
6e67f0bb-f97f-4193-be81-a02ad73aad50,1782296961.694149,1782296961.759948,65.80,200,0.05464397499963525
652f5e77-4a8a-4497-97c9-a3be9c0a754a,1782296962.068511,1782296962.128920,60.41,200,0.05423564000011538
7888851d-63f7-4f69-a19f-e178ca04a7c1,1782296962.234364,1782296962.301363,67.00,200,0.0609022280004865
27dda106-2715-4850-b826-1d74e4fe046c,1782296962.347887,1782296962.430860,82.97,200,0.07732906600085698
0dba37d8-2229-4749-8be8-731dc7e94785,1782296962.369051,1782296962.457100,88.05,200,0.07961472900024091
2b15d978-61be-455f-82cb-6e7ab5c3b736,1782296962.390625,1782296962.513623,123.00,200,0.08092016400041757
b1b05f14-a7c8-4c09-9b4a-09f18e1aeeb8,1782296962.397640,1782296962.592317,194.68,200,0.07733096100037073
b0bbaed5-f126-4d60-8662-cde6d4504edd,1782296962.648777,1782296962.745895,97.12,200,0.08652825900026073
04070db6-8ba7-43cd-96e9-7138848824d5,1782296962.683196,1782296962.770068,86.87,200,0.07175550200008729
d5a14da4-613e-4144-9dfd-732f25c05b8d,1782296962.983903,1782296963.041461,57.56,200,0.051938238999355235
694359d3-61c8-4d8c-861a-5494e2555eea,1782296963.115944,1782296963.176969,61.02,200,0.056031086999610125
95637c95-687b-4ac3-80dd-c82b6ecb42fd,1782296963.206433,1782296963.272934,66.50,200,0.060785771000155364
cefe82a8-0652-4b32-9615-9a946567ec50,1782296963.223755,1782296963.342188,118.43,200,0.06834769600027357
e4a9f840-2c40-4b26-b937-0b082686cde2,1782296963.240406,1782296963.337118,96.71,200,0.08690642400051729
e73e6ed3-3e6a-4aa9-b1f9-e263210a3af7,1782296963.246570,1782296963.402956,156.39,200,0.06480416500016872
15ad2f5a-c7a0-4277-b355-641c45e4f4e6,1782296963.447389,1782296963.526220,78.83,200,0.07119327800046449
f1b14c22-fdaf-49a0-96c8-660ba2475a89,1782296963.540572,1782296963.605287,64.72,200,0.059843934000127774
892a356e-85a8-4005-b181-0cb7a7cf27f1,1782296963.662730,1782296963.726749,64.02,200,0.058978243999263213
ca7e5401-12fb-4578-b28a-5fcb4a066530,1782296963.705462,1782296963.791962,86.50,200,0.06378129499989882
4237bc08-3f26-4c51-a21b-4345a6012b4d,1782296964.134741,1782296964.198677,63.94,200,0.0585312299999714
3ceae6f9-526c-40f8-9fe4-2234888887b1,1782296964.322218,1782296964.380976,58.76,200,0.053718187999947986
53686833-1702-4097-a7a9-4acfc2bd5ff8,1782296964.454373,1782296964.531900,77.53,200,0.07105918399975053
940f6803-9c36-4b59-91ca-8db150d42ebd,1782296964.477411,1782296964.714217,236.81,200,0.09466445999987627
fa4267df-5b0c-42a5-a1e4-64a7d1596610,1782296964.501416,1782296964.713729,212.31,200,0.0829419739993682
ffe22ee9-639b-4a5a-8012-04a07ad25b36,1782296964.510093,1782296964.788378,278.28,200,0.07419331799974316
c49957fd-d36c-445f-b6aa-4203005bedcd,1782296964.737555,1782296964.816499,78.94,200,0.06579194000005373
519b4da5-8321-4056-8a17-a013c99ef75e,1782296965.339664,1782296965.401628,61.96,200,0.05664056700061337
d89bada4-1b26-46ee-bbab-2e338bf7247c,1782296965.603194,1782296965.679695,76.50,200,0.07121127000027627
1bc2c021-acc7-4bce-b4f8-c16dc89d5e40,1782296965.706711,1782296965.779323,72.61,200,0.060841575999802444
c09c355c-8e7f-40df-916c-91a3d27fcf10,1782296965.785262,1782296965.851837,66.58,200,0.06073370400008571
21e3690a-a440-4ae3-b4be-e1be4131e9dc,1782296965.819413,1782296965.923089,103.68,200,0.07021566200000962
cde2dccf-a340-4549-aef2-4dbea459d03e,1782296966.081210,1782296966.142573,61.36,200,0.05626818400014599
5da66c57-3680-4ea2-9927-a1ae04d355c0,1782296966.247051,1782296966.309438,62.39,200,0.05719000299995969
9c301cd9-53fc-4da2-94b3-6994166672cc,1782296966.359916,1782296966.435043,75.13,200,0.06902264500058664
87f88e04-34ad-4241-83d1-4fc5b45e75b2,1782296966.381057,1782296966.462997,81.94,200,0.07476044999930309
dc714873-797a-4bc8-a93a-24c5e62c18c4,1782296966.402938,1782296966.512051,109.11,200,0.07556748099977995
d748f90b-3aab-4b26-b136-c9317bf6ada0,1782296966.409675,1782296966.534251,124.58,200,0.06974111500039726
b81ca3f5-b12e-423c-8202-d2e69fa803e3,1782296966.661795,1782296966.750123,88.33,200,0.08239236099962
91fb223e-b770-4bd1-81c4-89bbc86c05f5,1782296966.715900,1782296966.806557,90.66,200,0.07111945600081526
7c48a862-f740-47a1-9e7e-746a8c2cb7c6,1782296967.144415,1782296967.206261,61.85,200,0.0564535559997239
669a812e-761a-42c3-b755-9ae523229409,1782296967.332799,1782296967.393935,61.14,200,0.05591270799959602
dde6b181-9736-4d5f-9a82-ddd49ebae912,1782296967.463398,1782296967.526788,63.39,200,0.05785466999986966
c819c931-40e6-4e01-86c8-8e1800d96eb0,1782296967.487566,1782296967.599853,112.29,200,0.07101686999976664
d92bc5d0-1424-4a96-8459-10630725741f,1782296967.511896,1782296967.580446,68.55,200,0.06127110600027663
e2ebf218-150b-4ea9-ba8f-48de679b4cf5,1782296967.520483,1782296967.662621,142.14,200,0.06195035499968071
eb96f294-7b49-4a6b-951f-fc1c3542f9e3,1782296967.711159,1782296967.792690,81.53,200,0.06931196400000772
606b7a8f-5167-43bb-92aa-ea9a3a12054f,1782296968.085814,1782296968.146363,60.55,200,0.0553318180000133
bb628293-0681-40d4-9fc0-70d75aebe96b,1782296968.251865,1782296968.330955,79.09,200,0.0712124040001072
65d8bf0c-a9a0-4e77-b41d-97747b6114ac,1782296968.364367,1782296968.437315,72.95,200,0.0664299399995798
cf6d0fab-eb53-49f8-b09f-5b56e43ad331,1782296968.386266,1782296968.458937,72.67,200,0.06622369300021091
1c98fe2d-98be-4c5d-b654-712678ae40b1,1782296968.406960,1782296968.587109,180.15,200,0.08201066600031481
44d45312-855f-4448-86c5-de1ec20bacec,1782296968.414918,1782296968.502481,87.56,200,0.06386467599986645
fb6a7c1f-5344-429a-8627-84c73b2b8c29,1782296968.665653,1782296968.739084,73.43,200,0.06739103400013846
0bbcfcc3-cc3e-4fa3-abd1-6fc1180d7614,1782296968.732850,1782296968.819226,86.38,200,0.07226884700048686
aa9a5caa-3cd4-4d3b-98a2-dd9feeaad508,1782296969.234197,1782296969.289962,55.77,200,0.05076469000050565
eba1739b-2b12-47af-8385-c22a90a423be,1782296969.452433,1782296969.514099,61.67,200,0.056463373999577016
75446157-1a97-4a17-b2d1-57ef6bf246f5,1782296969.604635,1782296969.669851,65.22,200,0.059755981999842334
16840ca7-480d-469e-b6ae-a6b5851b6c8f,1782296969.633599,1782296969.708028,74.43,200,0.06791164400056005
fa6ad090-f1c6-42d4-b600-42ce64034d89,1782296969.662338,1782296969.733837,71.50,200,0.06288642300023639
07e61a24-6ca3-49fe-8d5d-5c2b643f3170,1782296969.717068,1782296969.797291,80.22,200,0.06156426400048076
751e1837-5c90-4568-b8b4-cd1f78643b1f,1782296970.092013,1782296970.150565,58.55,200,0.053391444999761006
be8c93e7-6a86-4a08-8256-d76feee4fad4,1782296970.255961,1782296970.312595,56.63,200,0.05184757000006357
72aa5d7a-a161-45c1-87b5-fdcfd4ad21b3,1782296970.370286,1782296970.431379,61.09,200,0.05586892400060606
6b2d63ac-3282-46a3-b5c2-0e590843519e,1782296970.392197,1782296970.499257,107.06,200,0.06692005100012466
a291ed61-d383-4b80-bfb7-854573006717,1782296970.412800,1782296970.562366,149.57,200,0.06228854500022862
7e072c5a-1597-4fd4-b3c0-be0afe6b1f66,1782296970.420410,1782296970.492613,72.20,200,0.0644736889998967
fefce984-afcb-4550-a757-0f94b098cdcf,1782296970.671931,1782296970.741687,69.76,200,0.06362888300009217
acd3019a-393d-4cbd-b52e-a38a84bd173a,1782296970.737889,1782296970.805977,68.09,200,0.05625081600010162
921d1d71-cba5-48de-8168-318ba9b4f2c4,1782296971.238732,1782296971.297483,58.75,200,0.05298631599998771
45be31f5-2619-4604-8a01-16c12634aadd,1782296971.457987,1782296971.519089,61.10,200,0.0559399020003184
fac33c53-73e4-49c8-bdb1-893b90626016,1782296971.610538,1782296971.672366,61.83,200,0.05699895799989463
f9e07f75-1e88-4aa7-aa7d-5b0ee577fbfa,1782296971.638510,1782296971.701040,62.53,200,0.05688060300053621
272e398f-5769-49bf-9523-899eb459f9a0,1782296971.667076,1782296971.763495,96.42,200,0.06119495300026756
97bc39db-a8b4-4dcd-89c7-2fd0c62250f6,1782296971.730426,1782296971.805084,74.66,200,0.06162972899983288
f5435abf-40e8-4d9f-99fe-fd450b1bf03e,1782296972.160023,1782296972.216463,56.44,200,0.05128435400001763
af86da6f-fdf8-4a87-a20d-afa224f3a22f,1782296972.348019,1782296972.420914,72.89,200,0.0677723259996128
ed37472b-f6cd-4d8e-85ef-16e64ecc46e1,1782296972.478352,1782296972.552930,74.58,200,0.06897527000000991
e403f558-8616-428c-8184-62562d891d74,1782296972.502568,1782296972.581865,79.30,200,0.07242480400054774
18d6f883-61d8-4a25-93ba-4f47d10e815c,1782296972.526651,1782296972.626836,100.18,200,0.07254729999931442
49927260-426b-4cef-b977-504e01429070,1782296972.535553,1782296972.716708,181.16,200,0.08569603199975973
8c1c5a09-7167-40d4-a9cc-e572b02c7171,1782296972.724948,1782296972.795572,70.62,200,0.05865808099952119
a25bc112-6734-4137-b24f-8cdd85653832,1782296973.100495,1782296973.159375,58.88,200,0.05366921899985755
d5f11cef-94c0-4b83-9d76-3a2d147d592c,1782296973.264787,1782296973.327257,62.47,200,0.05698528300035832
68b7e1bd-1770-493b-ab45-9853698413dc,1782296973.378736,1782296973.445105,66.37,200,0.06130748599935032
c1130066-8008-4c6f-8ea0-727b7f142f84,1782296973.399947,1782296973.511254,111.31,200,0.06517229599921848
43c59e4a-6ac0-4cc5-9071-fa8ff6e78653,1782296973.420488,1782296973.568616,148.13,200,0.05575224900076137
2e37a0be-e1da-45d4-b67d-19290fd7fcf9,1782296973.428386,1782296973.511012,82.63,200,0.07239206600024772
dc300944-47f9-40d9-ae25-8011fdc34b68,1782296973.680122,1782296973.741089,60.97,200,0.05572688200027187
70d4b92f-c285-4094-a6aa-b518f4eacb85,1782296973.745579,1782296973.814656,69.08,200,0.05860853299964219
1ac99c4f-36b2-4d02-b7f8-c515f62ba95d,1782296974.246784,1782296974.333727,86.94,200,0.07818684799985931
8fba04bb-3445-421b-a07d-9c9a78dadd62,1782296974.466686,1782296974.533857,67.17,200,0.060560866999367136
ae48638a-6632-474c-9c93-a682bb2ee383,1782296974.618480,1782296974.701809,83.33,200,0.07483730200056016
fc1c637b-7241-41b2-b979-569fb0e0f625,1782296974.646756,1782296974.886560,239.80,200,0.08131293399947026
906a781e-5a72-44d0-bdc6-77a1554c8f59,1782296974.675991,1782296974.886170,210.18,200,0.09881717499956721
1b5306ce-b7e5-4e41-96e5-12828f2f48c6,1782296974.731489,1782296974.845185,113.70,200,0.09794408800007659
77afd8b6-6d80-4ed2-94e5-7e622b43c6e6,1782296975.108546,1782296975.204310,95.76,200,0.08471686299981229
dcc66da4-3226-4b79-8031-3a4c5c7fe9f8,1782296975.270775,1782296975.340070,69.30,200,0.06298129000060726
f48a4be2-6ae5-400e-8004-6ba056a03063,1782296975.384755,1782296975.451378,66.62,200,0.06040182200013078
b68d685a-04c6-4e0b-a9cd-f7523bca67ad,1782296975.405820,1782296975.517907,112.09,200,0.06570057499993709
ad4e4d2d-f28a-49e7-b9fe-9e783a915b8a,1782296975.427003,1782296975.614180,187.18,200,0.08970817400040687
b9d33318-0c98-410f-a0a1-2d4b4b2eda87,1782296975.434407,1782296975.516454,82.05,200,0.07309227200039459
d29bc629-5785-460c-812c-aae3fbd898dc,1782296975.686893,1782296975.768419,81.53,200,0.07473802300046373
76aa29f3-49f1-4ae0-8b54-e8b26006dec2,1782296975.744383,1782296975.821623,77.24,200,0.06027020999954402
ec671e66-d3c1-4dab-8026-d853fabbd8f1,1782296976.173301,1782296976.234429,61.13,200,0.05605650899997272
693ff7a3-116f-4ba2-9d06-abe719d8127e,1782296976.360823,1782296976.422984,62.16,200,0.05689334099952248
33485803-bd17-415f-b827-a178200d8d19,1782296976.491426,1782296976.569206,77.78,200,0.06969123999988369
36ed2b11-62f3-472c-8ed1-70d3acbe5331,1782296976.515133,1782296976.631552,116.42,200,0.060931203000109235
85eeaa8d-0fd0-4acd-88cf-7f539328e852,1782296976.539880,1782296976.696534,156.65,200,0.06380482300028234
0c40fa6c-f7f8-4943-858f-1014ab825569,1782296976.548822,1782296976.758915,210.09,200,0.06122050399972068
b93f9082-63c0-4626-a1c0-e7cd867c0f81,1782296976.743710,1782296976.832045,88.33,200,0.07107086800078832
d7f85edd-042c-4a3c-b82c-2bc3a1910527,1782296977.172768,1782296977.248080,75.31,200,0.06840997400013293
ef052d7a-16af-46fe-8767-09433acd2bae,1782296977.360658,1782296977.439720,79.06,200,0.07053149400053371
3fa217e3-f2fb-4d0a-9628-f5a9bde03af4,1782296977.491194,1782296977.562596,71.40,200,0.06573221000053309
b8b3d7e7-deb4-43a5-9ec2-20e24e225d7b,1782296977.515306,1782296977.595336,80.03,200,0.07298464299947227
cd823448-b004-47ee-bb9f-60ae4051cf50,1782296977.540060,1782296977.628061,88.00,200,0.06424647899984848
8cf3b52d-fd7a-45f0-a52a-279c8d740a19,1782296977.548664,1782296977.664600,115.94,200,0.06788733499979571
a9c5a165-e73c-4674-b208-d4a79f54b770,1782296977.756958,1782296977.837481,80.52,200,0.06835296799999924
68e49893-6aa5-4027-bf66-0a886f9ffa6f,1782296978.257290,1782296978.318742,61.45,200,0.05549664099999063
16499a80-ae51-41a5-97d4-2a3cf40403f7,1782296978.477275,1782296978.537843,60.57,200,0.054735887999413535
6043af50-d719-4b65-9b68-be24802110e4,1782296978.629313,1782296978.724961,95.65,200,0.08616823299962562
dc9e3d14-e193-4286-9fe9-e8eea8f58336,1782296978.657799,1782296978.729367,71.57,200,0.06586885599972447
7a7cb7f4-18e6-4f81-b7e1-723c04a32830,1782296978.686318,1782296978.797063,110.74,200,0.06609970699992118
fab04b56-86a5-4298-959f-c5e57c343b87,1782296978.759555,1782296978.862238,102.68,200,0.06298993100062944
9cba72a0-5be9-4d86-a055-3fc90a0c363d,1782296979.260187,1782296979.330648,70.46,200,0.06522461300028226
893e2662-16bf-4a42-aa16-6be7b6da242d,1782296979.480236,1782296979.556724,76.49,200,0.07002968799952214
7e6a55e8-815b-4758-98c3-76de562bcecc,1782296979.632346,1782296979.708102,75.76,200,0.06911794600000576
f1e4c9a7-5a0e-4380-8ed2-1f80d1db6c13,1782296979.660677,1782296979.733821,73.14,200,0.0661536449997584
40ae4e38-5ca2-4425-bc3f-fcde3fc8e8e5,1782296979.689314,1782296979.776962,87.65,200,0.06764672500048619
e2f8a5cd-22fa-4c31-959a-32b91acdcc91,1782296979.762381,1782296979.855481,93.10,200,0.07212002800042683
1be8f186-8425-4c6f-9051-650324ca49e0,1782296980.263571,1782296980.327876,64.31,200,0.05882884099992225
951efb66-5002-4dcc-aa03-0ecd1c95419b,1782296980.482720,1782296980.557556,74.84,200,0.0672081699995033
8160337b-ad94-4375-8f10-52eb672518db,1782296980.635059,1782296980.724750,89.69,200,0.08065809800064017
af8990a4-7971-4a50-8bd9-1e8a98204d5d,1782296980.663899,1782296980.826670,162.77,200,0.10089881699968828
f0f83e18-a302-4dcd-9878-df13c70bc3e2,1782296980.691579,1782296980.822345,130.77,200,0.1175606719998541
4f41baff-90ce-4a63-b926-c2c74ae62a1a,1782296980.757403,1782296980.926294,168.89,200,0.09362795899960474
12dac05b-771d-4949-91ec-7c8bdc0bc7dc,1782296981.185423,1782296981.254657,69.23,200,0.06302653900002042
bee33277-9758-4d2b-bc6d-060c51e2f965,1782296981.374174,1782296981.447582,73.41,200,0.06748464400061494
4ce5c1d9-837e-48c5-822a-75e779118c58,1782296981.504142,1782296981.602267,98.12,200,0.08780220500011637
e7280413-279b-4086-b6a6-227ddecc2899,1782296981.527676,1782296981.603019,75.34,200,0.0668960570001218
0e257bd2-33dc-4610-a0a7-22f63a187058,1782296981.551900,1782296981.696383,144.48,200,0.09265737800069473
e6d5b83e-4b1e-41ed-b561-ae91ba68eee0,1782296981.560535,1782296981.706552,146.02,200,0.0999116259999937
ff173cf4-548a-42fe-972b-2a646a0f37c9,1782296981.753245,1782296981.829508,76.26,200,0.06286318100046628
34e167af-ea31-4292-b46d-b28980ebba71,1782296982.127333,1782296982.192560,65.23,200,0.06008323500009283
a6b86d4a-5254-450d-bbeb-e68fa6927fa2,1782296982.291985,1782296982.354003,62.02,200,0.056737836000138486
e6cf2a32-1c90-4539-ad73-439e25dc2d45,1782296982.407567,1782296982.496401,88.83,200,0.08158450799965067
138a15e3-d61a-408f-9a3f-7f503f27622b,1782296982.428231,1782296982.581421,153.19,200,0.08392472099967563
82596799-c26b-41e5-bbc5-fd432b939e3c,1782296982.449677,1782296982.652837,203.16,200,0.06941210700006195
2dfb07d8-fe90-4c52-8b6d-26617ace3c22,1782296982.456070,1782296982.739193,283.12,200,0.08459623399994598
9b6b5495-b2ac-4411-aa8f-b62fa55d3d31,1782296982.707420,1782296982.828635,121.21,200,0.08626810100031435
b75adda7-f97f-43f6-9b06-98b3b7886035,1782296982.774619,1782296982.885905,111.29,200,0.09121202700043796
b88814ff-c2c4-43ec-9e9d-41bc45b6641d,1782296983.275992,1782296983.346567,70.58,200,0.0649868949994925
466cc9af-875d-4752-bea8-9925dff28acd,1782296983.495070,1782296983.557510,62.44,200,0.05714826399980666
1fee6cb3-85a5-4d2a-864e-84d3bfb05e68,1782296983.646992,1782296983.709505,62.51,200,0.05703948100017442
cf1bae1c-fff7-46c7-b214-c83e0510a1c0,1782296983.675148,1782296983.771497,96.35,200,0.06096461499964789
9e0ac6df-b135-434b-9cb5-88e4862ab5bc,1782296983.703857,1782296983.772165,68.31,200,0.06270639000013034
ea9630e6-842a-47b0-ad1b-3796c23044a2,1782296983.773872,1782296983.842920,69.05,200,0.05756965899945499
ea6d4e89-bb32-4209-8841-c2f863aa657d,1782296984.274982,1782296984.338092,63.11,200,0.05767261199980567
aed4fb39-e164-4777-a27a-7cd7a25ed48f,1782296984.493633,1782296984.567494,73.86,200,0.0683364980004626
66957461-975e-4f0e-b52e-96f05760fcfb,1782296984.646221,1782296984.716269,70.05,200,0.06380131900004926
4ac2cd24-4aa8-4c4a-9dc3-a966a4a2c6c8,1782296984.674169,1782296984.746471,72.30,200,0.06592598099996394
396484eb-83ef-4fd4-9b80-dd25036f30f5,1782296984.702713,1782296984.820552,117.84,200,0.07260589899942715
aa22f2fe-fdda-4354-bd44-e2530dd49e52,1782296984.781561,1782296984.891849,110.29,200,0.06948755500070547
d2e7f005-8d58-4793-b7bb-fc6a2bfdce2c,1782296985.282864,1782296985.360357,77.49,200,0.06936958099959156
4c7b4ff9-27ff-4fec-91df-a2eaa51046f5,1782296985.501892,1782296985.564358,62.47,200,0.05762755100022332
3b4ce272-a30d-4464-9d46-04351bb8a524,1782296985.653965,1782296985.715634,61.67,200,0.05691094399935537
076cb0fd-165a-403b-a010-0379eb261c7d,1782296985.682010,1782296985.772003,89.99,200,0.05489086200032034
d5cc19f4-162f-4c22-939b-41898153e840,1782296985.710713,1782296985.842333,131.62,200,0.06843044199922588
b75e9d12-0781-49d3-a3ac-ab186762a40c,1782296985.780509,1782296985.852095,71.59,200,0.06026942400058033
839b3cdd-1549-43ea-b774-c4456cb8745d,1782296986.281163,1782296986.340673,59.51,200,0.054124240999954054
bb3a6719-2b8f-46e7-87f6-50546a14bbd6,1782296986.500203,1782296986.561537,61.33,200,0.056305078999685065
8f95b5d0-7fd9-4039-813d-3890458c36f2,1782296986.652998,1782296986.722316,69.32,200,0.06288239100013016
c96ffa31-e4f3-47ef-b99d-f3fd9b13f462,1782296986.681832,1782296986.750083,68.25,200,0.06169195900019986
7f0c0c8e-c88b-401e-9b29-9954f88a050c,1782296986.710479,1782296986.810616,100.14,200,0.05921675599984155
97f28ca0-465c-4854-a050-dad52668f2b0,1782296986.800112,1782296986.869504,69.39,200,0.05520899899966025
acdf4a4b-058b-4e08-81b6-95838954b0ec,1782296987.401533,1782296987.465590,64.06,200,0.058463603999371117
7c3c620b-f475-4e04-b162-f6e195baede1,1782296987.665165,1782296987.740165,75.00,200,0.06870631699985097
705294c7-cb7b-41ad-857a-683c8162f2e1,1782296987.776570,1782296987.850772,74.20,200,0.061603002999618184
d5939a9e-8633-44f3-8d90-258009a516b1,1782296987.847658,1782296987.924331,76.67,200,0.06982154100023763
b4ee53f4-b3d3-457d-99fe-908e7fa37e29,1782296987.880635,1782296987.959137,78.50,200,0.07209865599998011
750a4fdb-713b-4928-8e2d-cce4620909bb,1782296988.205726,1782296988.263794,58.07,200,0.0528842359999544
63559ebf-a0d8-40bd-b630-ff480a1fbba4,1782296988.393292,1782296988.457364,64.07,200,0.059013189999859605
5ec92445-afad-4084-92bc-da2524f42b01,1782296991.280742,1782296991.386469,105.73,200,0.06483747999936895
fe78c588-3e7a-40eb-a95c-fcc72255ad34,1782296991.305273,1782296991.379351,74.08,200,0.06619606200001726
7a1d1022-b511-44c1-a46c-65001acd02e9,1782296991.313885,1782296991.448181,134.30,200,0.05984714399983204
8e3531b6-bfb9-4af0-8ed6-fe8118a3044d,1782296991.522968,1782296991.591781,68.81,200,0.05657184200026677
2b1c51f7-da8d-4a6e-9bd6-672fc4629f5f,1782296991.951713,1782296992.016199,64.49,200,0.059276646000398614
c0606adf-d356-4f3d-82a8-f62943b2e54e,1782296992.139769,1782296992.201429,61.66,200,0.05629224499989505
da58ca7a-c229-481d-9261-ae553673bd2b,1782296992.270829,1782296992.331572,60.74,200,0.05574287200033723
35d5f50a-e42a-496d-9751-e01d4395d4ba,1782296992.294757,1782296992.396931,102.17,200,0.0637030230000164
44e0221d-4af9-4b24-97fe-aa9a16de6310,1782296992.318646,1782296992.406284,87.64,200,0.07669247400008317
635a7426-b42a-4983-82ae-90fcde0318c5,1782296992.327925,1782296992.481381,153.46,200,0.07361366599980101
5beb61c8-0cea-4909-adfa-73c33cdb7e9c,1782296992.514391,1782296992.591989,77.60,200,0.06050895499993203
eb8ee8c1-e2ec-41aa-9dca-62f8e8fa0ac4,1782296992.943901,1782296993.002505,58.60,200,0.053444520000084594
64161ad7-6b46-4ce9-8ec3-af9dc8b6169c,1782296993.131004,1782296993.190431,59.43,200,0.05426281099971675
d881eac9-2c97-4d25-8d47-8979cedb41b7,1782296993.262837,1782296993.346740,83.90,200,0.07493306600008509
7c5db0bb-2090-4e1c-9084-372a148444d6,1782296993.286311,1782296993.356189,69.88,200,0.0634737230002429
149f069e-8982-4ba6-806d-0ae8ea734579,1782296993.310283,1782296993.417845,107.56,200,0.060383804000593955
1d1e9bef-48f2-4186-ba1e-b89278e38ee3,1782296993.319093,1782296993.483164,164.07,200,0.06419665000066743
bb5806b4-fd74-4be6-a55d-0e521996848c,1782296993.507715,1782296993.585881,78.17,200,0.06648565999967104
8205cd81-ca71-4054-bf3c-a474c5f37bb0,1782296993.883085,1782296994.008290,125.20,200,0.11265962700053933
c3de13e1-944e-460e-b4db-571dd43f9934,1782296994.047246,1782296994.146136,98.89,200,0.09112909800023772
8ca6f58d-3aa7-4f05-b360-f88b136889dd,1782296994.161040,1782296994.279145,118.10,200,0.10742896899955667
6adb1a52-679b-4d4c-b0a3-18eeab33d243,1782296994.182919,1782296994.306143,123.22,200,0.1113450049997482
d8633257-3b3c-4bf5-8a98-24f72829decb,1782296994.203492,1782296994.390450,186.96,200,0.10853769899949839
74d2ae0e-b9e1-4d55-bdc5-02c455de28b0,1782296994.211282,1782296994.495699,284.42,200,0.10259404699991137
2a5db44e-f7ee-4cb2-8f9e-00bcdcb2a472,1782296994.463938,1782296994.561463,97.52,200,0.08656421500018041
e623ec68-bf3f-45fe-84b6-1c7d37a3f7e6,1782296994.517468,1782296994.656834,139.37,200,0.09154750199923001
8ce45335-5129-424a-a131-cee880afab3c,1782296994.891911,1782296994.960796,68.89,200,0.06265650299974368
7adbfb7d-1717-4502-99bf-2cb498deb82a,1782296995.056283,1782296995.132409,76.13,200,0.06882140899961087
830ffaba-65b5-4a7b-9b92-c32239584fbc,1782296995.170270,1782296995.273838,103.57,200,0.09442074199978379
4c8f3823-eb2c-4a62-a7cd-737fff95c278,1782296995.191946,1782296995.297841,105.90,200,0.09564448800028913
4dd490cf-720c-4309-b5d5-6210e98fde27,1782296995.213557,1782296995.382828,169.27,200,0.08316470800036768
eaf0ff66-197d-48c4-b862-10057b0cb1a6,1782296995.219928,1782296995.454081,234.15,200,0.06843149799988169
dfaf23f9-071e-43c1-b264-357e00bbb1ff,1782296995.471548,1782296995.547038,75.49,200,0.06999365400042734
1dd89371-e65d-4ace-948d-05f08885bb98,1782296995.517829,1782296995.625076,107.25,200,0.0765108079995116
fc0a5f91-e8df-49ee-a4ed-aa3fc47a9b0b,1782296995.893948,1782296995.983490,89.54,200,0.0791047669999898
ea390a08-a6d6-412a-85c1-22d4332c3b09,1782296996.056988,1782296996.138079,81.09,200,0.0751071820004654
d0300a9e-4d4c-4351-b1c0-2d289be93032,1782296996.171667,1782296996.238840,67.17,200,0.06165843300004781
d5547c36-5e13-47e2-8ca0-26e4301dcbb7,1782296996.192833,1782296996.301639,108.81,200,0.06163434799964307
5baa30fd-df23-490d-9f7a-7357cd662771,1782296996.213428,1782296996.366688,153.26,200,0.06372275099965918
3f3b02d6-acf0-4ec3-b868-af2eb5be7593,1782296996.221503,1782296996.433949,212.45,200,0.06590003099972819
f5744390-e3fd-4faa-a418-6ff8e1e549f1,1782296996.472419,1782296996.533366,60.95,200,0.055969635999645106
281043c9-c66c-4b9f-a962-14d23e8de528,1782296996.537060,1782296996.607204,70.14,200,0.059036678999291325
4e3967ea-77e8-4bbd-8e77-b47631d9ba36,1782296997.038195,1782296997.103695,65.50,200,0.05974789499941835
9ca4ca53-f079-49d6-922f-660f74a1f294,1782296997.257188,1782296997.324448,67.26,200,0.06168856099975528
36b47b06-985f-41d7-8984-9b5ca4e0b9e3,1782296997.409118,1782296997.473570,64.45,200,0.057433027000115544
3caa13da-4b25-4209-afb4-7f194db99283,1782296997.437410,1782296997.550824,113.41,200,0.07486279800014017
2eac8580-a6ab-4f9f-8d1a-c9aa7daa8028,1782296997.466637,1782296997.615683,149.05,200,0.06380947100024059
62194432-987c-44d8-82b5-16dc78a2e762,1782296997.555365,1782296997.673217,117.85,200,0.05597189100080868
339817d4-9b64-4122-9cf9-50679b391d73,1782296998.156963,1782296998.216747,59.78,200,0.054714149999199435
b1273b2d-cdb8-4e55-bbac-7f0b8f5c212b,1782296998.420287,1782296998.489278,68.99,200,0.06365251900024305
0c2785ae-61e5-49df-910b-99d6bb91150b,1782296998.516081,1782296998.586801,70.72,200,0.055572987999767065
d9382cdf-480c-4c8f-9fd4-91c99e384f56,1782296998.602718,1782296998.670616,67.90,200,0.062441629999739234
72e6ec2c-cd80-419d-a5d4-cbc799ac7bef,1782296998.636992,1782296998.731272,94.28,200,0.059641111999553686
8b59eb52-c6d2-48c7-83ca-afdd5f062ad8,1782296998.849629,1782296998.918571,68.94,200,0.06155489100001432
5525d771-8ca6-4ef1-8767-81ff5f7a6988,1782296998.996034,1782296999.064422,68.39,200,0.06253863700021611
de702e12-02a5-482c-a1ab-a984ee1710be,1782296999.096920,1782296999.172281,75.36,200,0.06934398900011729
1ddd4061-aff7-418c-ba92-dec502790f1c,1782296999.116902,1782296999.263339,146.44,200,0.08922480099954555
8e217a89-a9ab-411e-a822-c1a8c3b5a410,1782296999.134578,1782296999.231160,96.58,200,0.08783261500047956
fa5c7e03-4c75-4562-87c9-6e143f106f28,1782296999.141119,1782296999.347241,206.12,200,0.08059531599974434
ba5c6068-d3f4-4b14-80b3-5a49b61acae7,1782296999.364750,1782296999.426022,61.27,200,0.05635776499912026
0e263743-e3ad-4eda-8e0b-62a4d5858f7b,1782296999.467412,1782296999.532527,65.11,200,0.06014249000054406
34a0f4ec-8e6d-4060-aeff-09b76cec502d,1782296999.542982,1782296999.613044,70.06,200,0.05717327699949237
9b3d3cfe-9219-495a-a707-d5266b0e8b53,1782297000.044048,1782297000.107389,63.34,200,0.05782453699976031
1c829e16-2818-4173-8a2b-e2ee3ef43b6d,1782297000.262904,1782297000.325190,62.29,200,0.05707326299943816
b5d0be08-1d14-459b-a4c3-dc89a2e8c0b5,1782297000.415831,1782297000.489601,73.77,200,0.06829872300022544
8fcd24af-1a18-494b-8b3c-f474efbdbd31,1782297000.443962,1782297000.529955,85.99,200,0.07871120900017559
97741596-3a1a-49f9-8ba4-2ecbfaf50006,1782297000.473466,1782297000.565197,91.73,200,0.074060955999812
06105775-912a-42c6-a279-df371e1f9bf1,1782297000.535435,1782297000.613195,77.76,200,0.06279599200024677
34db737f-d1cc-40d6-9c79-d5fcaba3a336,1782297000.964943,1782297001.029438,64.49,200,0.05931966400021338
a9d125e4-75a7-4683-858b-d009049732fc,1782297001.151872,1782297001.213605,61.73,200,0.05602222899960907
7bde9d4b-104d-48a8-af26-f8f6833acc5f,1782297001.283040,1782297001.351518,68.48,200,0.06261937700037379
ab215abc-ff2f-4c4c-b61b-6f09327a7186,1782297001.307384,1782297001.376853,69.47,200,0.061810315999537124
911d6b94-852d-4bba-93a7-8966d58ced38,1782297001.331299,1782297001.443991,112.69,200,0.06609098300032201
550c8f10-f1b3-4c44-8e98-056ba12e39ab,1782297001.340406,1782297001.506200,165.79,200,0.06095710299996426
7f584b74-3793-4b5a-9d9d-5adbbe3a562a,1782297001.550828,1782297001.627187,76.36,200,0.06230692400004045
cec33821-e5ff-4601-93f7-5b3366baf564,1782297002.051303,1782297002.118841,67.54,200,0.06174329400073475
2da7a9e8-ed57-4144-ad61-270d8e057574,1782297002.271325,1782297002.331735,60.41,200,0.05519849699976476
df2691a0-2325-4a90-afcf-99a0ae3f4505,1782297002.423249,1782297002.494384,71.13,200,0.0655398349999814
2333f45a-077d-4a5d-a78d-c5cdd297a85b,1782297002.451295,1782297002.566697,115.40,200,0.07027410500086262
208a80a7-834a-4aa3-8577-58632bbdcdc4,1782297002.480207,1782297002.584613,104.41,200,0.0917168939995463
0ec443cb-f21e-4281-aedc-594ad60b88d1,1782297002.544488,1782297002.660129,115.64,200,0.08983613199961837
0052af82-0676-44e2-a6b5-97b9ba582a70,1782297002.972928,1782297003.055171,82.24,200,0.0766232449996096
dc4104e4-3481-48bc-86d5-5f211d012917,1782297003.161686,1782297003.225575,63.89,200,0.05815319500015903
bda80fc1-7ae6-4189-9826-be7c55dd3823,1782297003.292046,1782297003.364882,72.84,200,0.06723285999942163
2f5e361a-5fa0-4fce-a638-4ea6ad39f19d,1782297003.316027,1782297003.414329,98.30,200,0.08699619799972425
c32bc93f-36fe-4a44-885b-e232d67c3668,1782297003.340458,1782297003.446819,106.36,200,0.07927288500013674
eb1fd5f7-3e26-45c8-91c6-081de1294465,1782297003.348621,1782297003.507487,158.87,200,0.08889623900086008
7885e863-fd21-4a68-9ceb-e0817038f052,1782297003.544288,1782297003.631898,87.61,200,0.07504755899935844
82c7334b-2e81-4fdb-aa26-68770485d3a0,1782297003.973764,1782297004.051460,77.70,200,0.0694410460000654
186a1acf-10dc-4c31-b055-2d5b3614ece5,1782297004.067271,1782297089.580415,85513.14,200,0.05690317999869876
662ea910-2b22-4bfa-a8cc-845c81d2dafb,1782297004.160945,1782297004.225775,64.83,200,0.05927525399965816
5528eec3-1f93-477c-8fbc-f3b9260c0892,1782297004.291240,1782297004.362941,71.70,200,0.06629382200026157
188a6e78-a13e-4d56-aaa0-7a726442ea06,1782297004.316247,1782297004.501470,185.22,200,0.07104270000036195
aa8aeaba-232f-4c2d-84bf-aa0cd51f37cc,1782297004.340195,1782297004.501089,160.89,200,0.06322391100002278
6ee82957-43b9-48c1-b686-da3687c9829c,1782297004.349082,1782297004.581502,232.42,200,0.07977168500019616
0df8b0b4-db80-41f2-b63d-78a82a6f9aa5,1782297004.559575,1782297004.660001,100.43,200,0.0767255649998333
8ab863a9-9c6c-4d9c-956e-191efa773bde,1782297005.060957,1782297005.135780,74.82,200,0.06875005199981388
34a53aa1-d6ec-48e0-a686-39a42766efaf,1782297005.280403,1782297005.363196,82.79,200,0.07555030100047588
f1acb766-a5f8-47dd-83f3-1f0f1d5a56df,1782297005.431741,1782297005.519996,88.25,200,0.08175648999986151
e19f7327-5715-4de1-8075-bee9e6b5bfad,1782297005.459903,1782297005.660081,200.18,200,0.07001991199922486
d1e9499e-5864-4952-afce-99dcc83110a4,1782297005.489427,1782297005.660312,170.89,200,0.06760361099986767
b6da7a53-f841-4c5b-942c-e118909127fb,1782297005.546308,1782297005.624029,77.72,200,0.06367433200011874
89033fc1-daca-4fc5-865e-94dfd2eb2511,1782297005.920993,1782297005.994175,73.18,200,0.06687520400009817
9de55085-1323-4b0e-a934-0c90130a4020,1782297006.085707,1782297006.149178,63.47,200,0.058330836999630264
df607b3e-4672-425a-b146-fdeda33e007c,1782297006.199841,1782297006.278500,78.66,200,0.07138232099987363
72ac64f7-f045-4e5a-8ef5-18ebf9bdf39b,1782297006.221241,1782297006.363640,142.40,200,0.08381015800023306
8f26c89f-2d6d-41c6-922c-898d41223908,1782297006.242233,1782297006.328326,86.09,200,0.0777300980007567
3c1db0dd-0aba-4c60-81c2-5fe036cb45d0,1782297006.249157,1782297006.399374,150.22,200,0.0694236830004229
152eee7d-7e67-419c-989a-4e6fb24faedc,1782297006.500867,1782297006.560416,59.55,200,0.0546558139994886
e83e68c3-816a-4413-9a4b-2cf8f71481a8,1782297006.543582,1782297006.631019,87.44,200,0.06801210100002208
bfafc4ce-bffe-4b34-baab-0144cb3e6f29,1782297006.919833,1782297006.980427,60.59,200,0.05500338500041835
53d776d9-ee5a-4d78-a24f-cafca34840a7,1782297007.082901,1782297007.151236,68.33,200,0.06240433499988285
9d22d114-27b0-4f45-ae26-be442471cad9,1782297007.196671,1782297007.281843,85.17,200,0.0791007690004335
2b93e5a8-2551-490e-a0a6-71e5f79913a8,1782297007.218722,1782297007.313600,94.88,200,0.08660226500069257
03251fbd-49a0-4e83-b947-16fd5cdee77c,1782297007.240369,1782297007.359741,119.37,200,0.0764556439999069
5f791531-a8a7-4089-b062-07f5539be072,1782297007.247085,1782297007.383927,136.84,200,0.06911310499981482
4d0ba21e-b8e4-4fe4-a213-0fc1a079db25,1782297007.498468,1782297007.563705,65.24,200,0.05943437299993093
9b308865-d3b6-415a-8b38-5297bd04851a,1782297007.548093,1782297007.634501,86.41,200,0.06920499799980462
4300c376-8c4e-48be-b350-f3101286204c,1782297007.923191,1782297007.991102,67.91,200,0.061971744000402396
23e9e04f-0d7c-483d-a1fa-06b202dab6d3,1782297008.086728,1782297008.162344,75.62,200,0.06823359000009077
a645674f-bab6-43f5-aa0b-497842789139,1782297008.201063,1782297008.277882,76.82,200,0.07017227200049092
3210d702-91b0-4105-8668-bd80ae66f450,1782297008.222362,1782297008.368831,146.47,200,0.0886276450000878
d0f20b58-5c0f-470b-8c41-13f4cfa81210,1782297008.243989,1782297008.453785,209.80,200,0.08247355799994693
2d8e144b-2e87-4d24-83bf-245c5b0d4589,1782297008.250708,1782297008.339156,88.45,200,0.07985724400077743
8dde1ff7-37b0-4211-bb70-2555e73b39a2,1782297008.502188,1782297008.587204,85.02,200,0.07799225500002649
bfdb2cad-d3cd-4733-b377-2ebb1bf20b5b,1782297008.586706,1782297008.659099,72.39,200,0.06149658300000738
53441244-e4a2-470c-8cd2-d0efd117617b,1782297009.189253,1782297009.271631,82.38,200,0.07397155799935717
e9eadb44-a7ff-4bdb-95f8-fe020fe47a53,1782297009.452223,1782297009.513200,60.98,200,0.05567180000070948
1abfcf51-b8d0-46b3-b18f-79df609b89ca,1782297009.551703,1782297009.626834,75.13,200,0.06486296200000652
c1d3ca67-8aeb-4801-859b-eea6b30e3fff,1782297009.634800,1782297009.698239,63.44,200,0.058174658000098134
bfd29406-e04b-41a6-bc2b-05fbae5a33b2,1782297009.667898,1782297009.731798,63.90,200,0.05801787200016406
22c691a8-08f9-413f-8874-6f20edaf73b2,1782297009.926564,1782297009.991765,65.20,200,0.059287266999490384
f4aae25a-f130-4634-98b0-9d2579bc61cd,1782297010.091172,1782297010.152141,60.97,200,0.055499836999842955
c17a99f5-82cd-4d3a-bb93-c7c892952c1b,1782297010.205604,1782297010.267160,61.56,200,0.05658471400056442
b319544a-5707-4dc1-a703-c5e96b71da64,1782297010.226447,1782297010.340806,114.36,200,0.07226433799951337
204610bd-6f8f-41dc-80fc-b7dd3921b669,1782297010.247951,1782297010.478360,230.41,200,0.05970295399947645
8f406c63-07be-4f07-a39b-ad76ac1db998,1782297010.255010,1782297010.478639,223.63,200,0.07502213299994764
caede50e-8cc7-4d13-843f-5f402acb7380,1782297010.506990,1782297010.576659,69.67,200,0.06437752599958912
465856b2-3203-4ee7-bb85-04bbf0070bf3,1782297010.553367,1782297010.652706,99.34,200,0.07339061299990135
fe958b7a-0140-4290-b7f2-e681df7458fc,1782297010.927887,1782297010.996436,68.55,200,0.062822277000123
15e4a859-888e-4f56-870b-11257d25ba47,1782297011.092893,1782297011.175169,82.28,200,0.0736322550001205
b2c1aa55-dabb-460c-8c5b-cc9b834aee57,1782297011.206579,1782297011.292639,86.06,200,0.08021485099925485
0df261cf-af98-4f3a-a8a4-1c6070e98ef5,1782297011.227506,1782297011.309883,82.38,200,0.07586336500025936
99d0b364-ba17-46e1-98bd-5deaefaead38,1782297011.249495,1782297011.356943,107.45,200,0.06334586100001616
f64457ab-6560-4f22-80f5-f6699296a5b3,1782297011.256365,1782297011.426393,170.03,200,0.06826890100001037
374fa5a2-22ba-430a-ba94-ce8b091a823d,1782297011.507853,1782297011.569236,61.38,200,0.05628268999953434
87cb23d0-eaec-431c-9f08-bb7aedc8d8c7,1782297011.565086,1782297011.634400,69.31,200,0.05699765800000023
5bccd879-a9d0-4ada-ae52-3537b1667e79,1782297011.994295,1782297012.056015,61.72,200,0.05615626600047108
5190a9d2-4615-4c5b-8e92-b6218cc258da,1782297012.181585,1782297012.243362,61.78,200,0.0561689859996477
7ef3d538-8e21-4c51-b4c3-3b65d4551250,1782297012.311744,1782297012.398256,86.51,200,0.07780032500068046
eb4c6b29-2127-444f-9de2-5b5331eb7481,1782297012.336858,1782297012.414211,77.35,200,0.06934182100030739
aa816003-390f-4682-9f97-cfca7e08d824,1782297012.361003,1782297012.480061,119.06,200,0.07993545199951768
6ddb3050-05f1-45f7-a824-e11e1cffb3df,1782297012.369697,1782297012.560944,191.25,200,0.07964111499950377
5fc92563-2068-43af-8266-a5b84c31cda3,1782297012.578657,1782297012.662955,84.30,200,0.07224590999976499
7cd68724-c942-49fa-85d3-a64fd8cd1d98,1782297013.081084,1782297013.141063,59.98,200,0.05444483199971728
38744cc2-e318-4a0d-bbbe-435d005e864a,1782297013.298620,1782297013.360838,62.22,200,0.05593726200004312
48ab0e0f-16fe-40db-8cb1-0f1165f7c7c7,1782297013.451494,1782297013.522033,70.54,200,0.06410708600014914
70b5b189-7612-47e7-8921-45cc0524bacc,1782297013.479539,1782297013.622142,142.60,200,0.0980967489995237
9ebacb7d-5694-4826-98f4-be8f4d768145,1782297013.508584,1782297013.603904,95.32,200,0.08433051199972397
dcf425d6-d9ef-43f4-9278-a84879a2ed72,1782297013.597873,1782297013.699395,101.52,200,0.07926951100034785
d3ecd266-022b-4688-9ac0-114f8a52a13c,1782297014.198358,1782297014.272972,74.61,200,0.0668069720004496
d0ec13e4-d368-4b32-96cf-e74cbb7323c7,1782297014.461563,1782297014.555274,93.71,200,0.08485280199965928
6587bb0e-e7ff-4b24-94e9-ca527d036711,1782297014.566263,1782297014.662635,96.37,200,0.08066954199966858
1ba7612d-3058-42aa-8958-f69d8014f809,1782297014.644026,1782297014.727016,82.99,200,0.07465394199971342
7c925ff3-4662-4d19-99e0-1c45a5f0ad35,1782297014.678560,1782297014.785653,107.09,200,0.057448663000286615
86d96711-f269-4872-acc9-10629561d58e,1782297014.940863,1782297015.002175,61.31,200,0.056300172000192106
53c2e88c-6a63-470b-8c38-a0c6273641dd,1782297015.106647,1782297015.192472,85.82,200,0.07932415699997364
82d3bbbf-eeca-4fb7-8781-15cb8b4bd532,1782297015.220027,1782297015.309175,89.15,200,0.08218503799980681
0c04946c-03b5-4081-a95c-d38a58e85595,1782297015.241435,1782297015.337772,96.34,200,0.08614833100000396
c88a3bbf-d3ec-4bb4-b98e-ed26a66c7808,1782297015.263046,1782297015.417689,154.64,200,0.07876210399990669
89197aba-81ac-4cd1-84d8-cbd6ccefa414,1782297015.270033,1782297015.494889,224.86,200,0.07560535999982676
72349480-b5f2-4d85-9938-16adcd37ca73,1782297015.522522,1782297015.606193,83.67,200,0.07590668200009532
81131a0d-846d-4585-ae60-fb4f26cb19c1,1782297015.586598,1782297015.667533,80.94,200,0.059917260000474926
f2d804c8-7044-4bfc-b7bb-7a90c5c46513,1782297016.087641,1782297016.151506,63.86,200,0.05853870700047992
2e81e209-ec67-44c4-b931-2681113d3b59,1782297016.307067,1782297016.369768,62.70,200,0.05724800799998775
8cef965e-4e34-41fe-95bc-b0aa048e9c80,1782297016.459370,1782297016.527280,67.91,200,0.06093965299987758
5ed763b3-85da-4d60-adf5-083f82f762c2,1782297016.487779,1782297016.595773,107.99,200,0.06723429399971792
0a31f557-6782-4946-b025-834b5906c466,1782297016.516889,1782297016.588875,71.99,200,0.06446793400027673
0cbde7a8-d32c-42af-bdb4-87a5ef5d620d,1782297016.629114,1782297016.706264,77.15,200,0.06159099999968021
47ec9188-104f-4bd7-bf93-0631751dc7b0,1782297017.380034,1782297017.442561,62.53,200,0.056929141000182426
6ec38825-ea3c-47a9-8343-e46c7ba5905d,1782297017.605776,1782297017.679025,73.25,200,0.061465752000003704
cde4c9f5-f771-4595-838b-05416107a6e8,1782297017.709058,1782297017.772055,63.00,200,0.05736031599917624
729360fe-43a1-477d-ab66-ee6553eda270,1782297017.936634,1782297017.998750,62.12,200,0.05651940600000671
1b728e4f-1e32-4140-8585-fd261104da3d,1782297018.207937,1782297018.273468,65.53,200,0.05955056499988132
57c9bab7-18a7-4454-a7a3-5e7bb545a9f4,1782297018.470995,1782297018.532026,61.03,200,0.056044839999231044
bfd6c80f-e720-43ee-bfd1-d5c70c782745,1782297018.582346,1782297018.679271,96.93,200,0.08215890999963449
c57d7b3b-5b9a-4ed4-a1c1-d05db2fdce90,1782297018.653645,1782297018.734992,81.35,200,0.07247178399848053
f9d05c9e-4ba8-45a4-ba48-36162f8ee6ed,1782297018.687397,1782297018.808802,121.41,200,0.06977190899851848
4431978d-d6e8-437c-96f0-a6efdb1c8dd4,1782297019.011345,1782297019.083519,72.17,200,0.06682268999975349
a2a6e360-f18e-4e90-b268-11cb57860c3a,1782297019.199011,1782297019.261645,62.63,200,0.05710781300149392
2bf0adee-947b-42eb-9d2d-50d6207289f9,1782297019.330080,1782297019.397868,67.79,200,0.06238082900017616
dc904bb0-a822-489e-b241-49dfd1cd80cf,1782297019.354024,1782297019.459529,105.51,200,0.06072113099980925
a242a84b-3e97-4217-bd30-06c1caf70935,1782297019.378387,1782297019.446960,68.57,200,0.06102323699997214
daca773b-df64-4409-857d-b867c6e6f034,1782297019.387138,1782297019.521966,134.83,200,0.06061925600079121
e2428769-2e24-4945-852f-1b5f5806596d,1782297019.595108,1782297019.662427,67.32,200,0.056013650999375386
0c2c0cc3-ba58-4288-858d-09bb7318a851,1782297020.096355,1782297020.160979,64.62,200,0.05858840600012627
18cdf72c-583a-486f-b144-bba34bcc6115,1782297020.315534,1782297020.373186,57.65,200,0.05240990800120926
c4c7a3a4-a7e3-4931-8fbf-8fd675d0a2d1,1782297020.467646,1782297020.534258,66.61,200,0.061405967999235145
83337122-28b3-4ed8-b9d6-5d2af36b61d0,1782297020.495546,1782297020.574817,79.27,200,0.07305352899857098
d6b5468c-17d4-462f-af6b-2bdd809c582b,1782297020.524351,1782297020.614985,90.63,200,0.07955460999983188
3ebae890-b5d1-4073-92ab-979b5603be8c,1782297020.599790,1782297020.682578,82.79,200,0.06593439700009185
fc778ac0-0258-4c82-9eac-0550cb063c40,1782297021.100254,1782297021.159124,58.87,200,0.05360388000008243
ce8d1d0e-3a61-40e2-b4a2-972c8e9faf27,1782297024.060494,1782297024.120678,60.18,200,0.054180203998839715
f7a2dd5e-3609-4d44-97d6-766f643d5e28,1782297024.212235,1782297024.274418,62.18,200,0.057029941001019324
470ca80d-a175-443e-bf70-4fb7cfe77468,1782297024.240306,1782297024.303522,63.22,200,0.05732783999883395
41ae1c56-2e48-452d-9462-9e0eabeac6e5,1782297024.269191,1782297024.367476,98.28,200,0.0623106570001255
2e91e4ae-af9a-4c66-93af-e71736a9b9d6,1782297024.336865,1782297024.410651,73.79,200,0.05888849300026777
0c27b742-91e8-4f7d-80b1-3b539bc8ac4e,1782297024.765509,1782297024.825760,60.25,200,0.05526539499987848
ea57744d-cd45-47d5-9400-101dc1c3d266,1782297024.954238,1782297025.011811,57.57,200,0.0524383880001551
7b617e54-7a9e-4c42-9982-c5d7fcadf501,1782297025.085266,1782297025.148339,63.07,200,0.05748674400092568
4888561f-9a75-4c2c-b22f-0298e6c8cf81,1782297025.108296,1782297025.214731,106.43,200,0.06509119300062594
734df6db-faac-4688-82a1-50d6b4093325,1782297025.133266,1782297025.200906,67.64,200,0.060892790999787394
4936d603-acea-45d8-968b-dc5205223323,1782297025.140878,1782297025.269223,128.34,200,0.06742846500128508
676a5fff-3f37-4171-be33-e35d953db57a,1782297025.345441,1782297025.427457,82.02,200,0.07045380899944576
c2942de8-1a71-479a-9df2-bcd61efd8e80,1782297025.846321,1782297025.904283,57.96,200,0.05294785299884097
967b8286-f7b0-4c92-aac4-9426fb69246a,1782297026.065866,1782297026.126439,60.57,200,0.05545167099990067
a574bce2-c75e-4e0d-a7b2-01adfd930fa7,1782297026.217930,1782297026.283591,65.66,200,0.060476681999716675
3a92314e-ad64-42d6-8428-e5bd7e06fabd,1782297026.245826,1782297026.317082,71.26,200,0.06526681599825679
306a393b-7fbe-4218-ac4e-7be8160804df,1782297026.274469,1782297026.347313,72.84,200,0.06258534900007362
1bdadc7f-904d-47aa-8e8c-c703aee8b9c5,1782297026.337640,1782297026.415546,77.91,200,0.060415951998948
85b556ab-f60b-456a-b157-c954479217f5,1782297026.767295,1782297026.833078,65.78,200,0.06045266999899468
93d0c907-0f8f-4f4c-a764-80dcab3af12e,1782297026.954551,1782297027.019086,64.54,200,0.0593268779994105
f98939ba-40f3-464e-b984-53933ee02bee,1782297027.084550,1782297027.160221,75.67,200,0.06771698800002923
65fde172-2637-4e1d-a5a0-a60d8bf84311,1782297027.109004,1782297027.224330,115.33,200,0.06301304299995536
5930895e-f734-4113-b95e-6a6951734642,1782297027.133459,1782297027.359614,226.16,200,0.06398344099943643
dd832ce0-2d31-48b6-9e22-bd8f2ebc6556,1782297027.142397,1782297027.359930,217.53,200,0.06842974800019874
94eb7868-2731-4e52-8d7e-d3251b20f24d,1782297027.364886,1782297027.462577,97.69,200,0.07786720399963087
536d8ad3-c1f1-488f-9d16-5b7ca93e3bd0,1782297027.966643,1782297028.037075,70.43,200,0.06529172000045946
1ccb242e-abc0-4428-8f4c-b64c6aa33c79,1782297028.229767,1782297028.302190,72.42,200,0.06605756200042379
79db7774-e9bf-475d-8963-ee1fa7003985,1782297028.351946,1782297028.423129,71.18,200,0.058772432999830926
6fa35b3b-3d59-46e5-a53d-ea93d6bd1d8d,1782297028.412691,1782297028.484714,72.02,200,0.06080538999958662
4c72b94b-bf89-40ec-a51b-cd19eac300e7,1782297028.445812,1782297028.540438,94.63,200,0.054565623999224044
ccb20499-f180-4dc8-ab91-d149b301faf4,1782297028.853117,1782297028.928104,74.99,200,0.06942427799913276
c22a011d-cd88-4b3a-9552-0da22046c32b,1782297029.072691,1782297029.140182,67.49,200,0.061869600000136415
53d3ff65-82c7-4ff8-9af8-96541f3a4e8d,1782297029.224644,1782297029.292710,68.07,200,0.06260614600068948
e6ee58a1-d0bf-42b8-b34d-cae82dff0034,1782297029.252748,1782297029.372150,119.40,200,0.07774893199893995
9ad7de15-e29a-4b3a-bd93-03b7c7adbcd4,1782297029.281709,1782297029.367208,85.50,200,0.07592441999986477
797c2d2f-7723-418d-8fc3-6ca2abbe03d4,1782297029.354993,1782297029.435460,80.47,200,0.061775977001161664
3e41afc0-36ac-4910-a7f6-ac8db2813073,1782297029.856476,1782297029.919438,62.96,200,0.0576550120003958
2db7123a-4301-45bf-9feb-2cd8df1e7d68,1782297030.074938,1782297030.136064,61.13,200,0.055837679999967804
18ed62ce-aa89-465c-b644-a68e0f2fb1c9,1782297030.227459,1782297030.289387,61.93,200,0.0573365800009924
9c2774f9-c01b-4e9a-8bdf-cfd1e625cc69,1782297030.255483,1782297030.410718,155.23,200,0.054215636000662926
0b1afd34-292c-4fbc-9e75-c2494f9d2695,1782297030.284887,1782297030.410347,125.46,200,0.06382484099958674
97119487-9ba9-43db-8fd2-ff951a7851df,1782297030.357978,1782297030.429965,71.99,200,0.060072958998716786
542fae2d-5474-4a93-b93a-446a85e182e1,1782297030.858804,1782297030.922059,63.26,200,0.05791472000055364
0e7ee8e0-ea09-4759-a0b6-9e0132e1317c,1782297031.078430,1782297031.158860,80.43,200,0.07495660400127235
b0d202ff-c0f9-4676-b4b6-4ce44994231d,1782297031.231310,1782297031.294687,63.38,200,0.05825156100036111
d16049d0-efe2-48d5-a759-bd72663f6205,1782297031.259465,1782297031.324523,65.06,200,0.0596034989994223
26d427e5-ad1a-4530-a007-db194b86a4fb,1782297031.288078,1782297031.392511,104.43,200,0.06672647599953052
16a8352a-9f47-4d80-8f48-f1a45f3c6956,1782297031.359939,1782297031.457445,97.51,200,0.06328331400072784
6ebb33b8-cfd8-4fd7-9823-a1ae2ffd4c5d,1782297031.861415,1782297031.936276,74.86,200,0.06823459899896989
9dc7bd0d-0bc1-40d0-a745-d7766f0146ad,1782297032.080928,1782297032.144660,63.73,200,0.05770604700046533
08374a81-c604-4b27-b54d-cc570a5650e7,1782297032.233104,1782297032.312498,79.39,200,0.07099593900056789
e5b8c44b-62f6-4e93-bcd3-09f429f09223,1782297032.261186,1782297032.329322,68.14,200,0.06175388799965731
99164b32-e466-4532-9af6-24457737fe45,1782297032.289560,1782297032.386747,97.19,200,0.056373306000750745
c2943993-c1c8-43ff-923e-5525ebe83662,1782297032.342584,1782297032.419161,76.58,200,0.06523945499975525
cc529f69-6f12-4da4-a426-f74163bdd26d,1782297032.718053,1782297032.782186,64.13,200,0.05855547800092609
bd39c0af-ffa3-442b-b3c4-4a8f9870c4a6,1782297032.882668,1782297032.946631,63.96,200,0.058003199999802746
1d3cd391-27e2-4b41-b94c-e58a04f31112,1782297032.996053,1782297033.056052,60.00,200,0.05505195099976845
7dad99e0-ce37-490c-939e-6817c254b20e,1782297033.017202,1782297033.118335,101.13,200,0.06081733899918618
e2869767-c56a-4ba3-9f83-2d414fd8bc22,1782297033.038888,1782297033.178808,139.92,200,0.05938723600047524
55db0152-2f55-4c13-ab26-62580da78a70,1782297033.046526,1782297033.240640,194.11,200,0.06072121800025343
627b7edc-e8e9-4507-ba48-6c8122737348,1782297033.297098,1782297033.358127,61.03,200,0.054780634000053396
f4fc262e-aac8-4f2c-8e80-32b7703dd8c8,1782297033.363012,1782297033.428799,65.79,200,0.053258680998624186
8eee4cef-1396-44bb-8d90-24102ad5c12b,1782297033.863509,1782297033.924003,60.49,200,0.05494096599977638
09bf7cc6-a3a3-4b4c-b443-2ddc052349dd,1782297034.083613,1782297034.145243,61.63,200,0.05498142699980235
01fe3579-d577-481c-b82c-fc92cb655152,1782297034.235753,1782297034.316267,80.51,200,0.07226452099894232
5fb6da56-4676-400c-9326-a1703c38612c,1782297034.264531,1782297034.333773,69.24,200,0.06267836600090959
c27a113c-8b96-4809-b1e2-1e4847620798,1782297034.293343,1782297034.392670,99.33,200,0.057802600000286475
7c63421f-6e7d-40a4-ac8f-6b75c3e4f716,1782297034.356432,1782297034.428637,72.20,200,0.06062110200036841
0fdee942-6791-46d6-a9da-d5fd4db60ea7,1782297034.785562,1782297034.843230,57.67,200,0.05267004400047881
3acfa498-0a26-4d39-9cd8-0c695cfdb109,1782297034.973672,1782297035.030817,57.15,200,0.052021874998899875
b2837abd-2640-496a-a2e7-1e2f61e6a340,1782297035.104203,1782297035.170357,66.15,200,0.06124796400035848
7a28803b-a254-4958-bcc4-e1faaa6ee924,1782297035.128607,1782297035.202374,73.77,200,0.06597517000045627
72455bc0-cc02-4f96-9f99-1e192b0af3ff,1782297035.152669,1782297035.242103,89.43,200,0.07024649800041516
454cf7ad-9515-4404-b65c-72edf82f3db3,1782297035.160749,1782297035.300964,140.21,200,0.05759168799886538
9d56b22e-e1c0-41e8-8c9f-e07ae8cea57d,1782297035.358310,1782297035.429261,70.95,200,0.05794286799937254
0b7fc389-8f56-4aab-a157-a459478d76ca,1782297035.786991,1782297035.848992,62.00,200,0.056213381998531986
bf622a55-99e0-4d5d-8e42-04b00128d6fc,1782297035.975449,1782297036.034845,59.40,200,0.0541868769996654
07bd07b0-62f8-4614-bc52-2122ce1c9cbe,1782297036.105376,1782297036.193725,88.35,200,0.07884046599974681
ac94f41f-7836-48f7-afba-944c8f980ea4,1782297036.129645,1782297036.200910,71.26,200,0.06489702099861461
fb50e9ae-57d0-47c7-937a-0d317959d7d6,1782297036.154272,1782297036.274129,119.86,200,0.07191263300046558
5faf2ccd-6f12-47d2-9604-63899b91bbf6,1782297036.163043,1782297036.337094,174.05,200,0.061610648001078516
9f2ecffc-6a85-4c17-ad18-ebf328b93be9,1782297036.355459,1782297036.434018,78.56,200,0.06752881900138163
865eaf0a-905d-4dc8-a1c2-af14a8cc5bbd,1782297036.730682,1782297036.790787,60.11,200,0.05518484499953047
dfe6c360-6ad3-4ced-b729-5bfd59438e0c,1782297036.896276,1782297036.956217,59.94,200,0.05489316599960148
b885887e-79dd-4643-9d1e-ead7aa3840c2,1782297037.009712,1782297037.075891,66.18,200,0.06052559599993401
306e0125-8c9d-4897-aaf0-7db7142154c4,1782297037.030570,1782297037.099192,68.62,200,0.06283750200054783
fa393156-fdee-4ab0-a34c-117ec8dc181d,1782297037.051101,1782297037.173852,122.75,200,0.07351212299909093
177046ed-d5fd-4cd3-8698-e2e7bacbe185,1782297037.058732,1782297037.143346,84.61,200,0.06615785299982235
ef07e19c-7fb1-4020-b49c-d4acf0dfc227,1782297037.310469,1782297037.395904,85.44,200,0.07856335999895236
ae4edb4b-7be8-4e86-a9d6-ced66d47e877,1782297037.374416,1782297037.453012,78.60,200,0.059770406000097864
021aea2b-45a4-4491-b91f-16a7ac88674e,1782297037.874724,1782297037.941018,66.29,200,0.0606937510001444
f8c5a558-b430-42dc-b71f-7a5b6e5757c1,1782297038.094471,1782297038.181306,86.83,200,0.08136324399856676
fe392345-cef0-43bc-8f04-853a1c7191b2,1782297038.245833,1782297038.321023,75.19,200,0.06976074100020924
a5f30b91-9c4e-4a34-92e7-9e03aae75e5c,1782297038.274775,1782297038.348345,73.57,200,0.06712818500091089
80c93c2d-0c6e-4138-8d46-ed7f2ee0d0c2,1782297038.303521,1782297038.427003,123.48,200,0.07743066599869053
81013ab3-2653-4fb9-909f-c8961c3b4821,1782297038.377701,1782297038.501846,124.14,200,0.0733037219997641
922e3055-63a1-4461-8cc1-56a510d859a6,1782297038.877593,1782297038.938144,60.55,200,0.05511245100024098
b69523b6-f923-482c-93fb-2dcdc30fe8a7,1782297039.097716,1782297039.162489,64.77,200,0.0585594169988326
e2a5965b-61a7-4279-9df5-670b6e6c299e,1782297039.250959,1782297039.320319,69.36,200,0.06277180899996893
6ed6b147-4655-46ff-b8c6-5551abb8e22b,1782297039.278920,1782297039.352549,73.63,200,0.06661713999892527
fae9b3ad-23e0-4d8b-9b80-d7bec275c19a,1782297039.305716,1782297039.426474,120.76,200,0.07254772600026627
29fb0e2d-befc-40b0-b78f-48238d453467,1782297039.394265,1782297039.474931,80.67,200,0.06680749900078808
6710b36d-e2b5-49e2-a157-94dde98c333d,1782297039.995976,1782297040.055527,59.55,200,0.05394323200016515
d6816d7a-01e1-424a-b0a7-8b15754a90a0,1782297040.259156,1782297040.326568,67.41,200,0.061754402000588016
1c709db9-448b-4541-9f9f-6dfb5958262a,1782297040.370229,1782297040.437552,67.32,200,0.05569211100009852
f5079e34-b9d2-4ec5-b368-23bb362a34b3,1782297040.441993,1782297040.519491,77.50,200,0.07225157199900423
58bcb278-97d9-4ae0-a30a-85e408fbe9f8,1782297040.476029,1782297040.552130,76.10,200,0.0664702030007902
a1dcf63f-bbf2-47de-898b-862686da53ba,1782297040.799570,1782297040.862709,63.14,200,0.05770364599993627
a3b9c3d8-fc4f-4d0e-87e0-903510fbf914,1782297040.987276,1782297041.053812,66.54,200,0.06044214999928954
3e663629-bfe6-4c9c-9d1a-a9002d595413,1782297041.118289,1782297041.191674,73.38,200,0.0678451200001291
1d434aa4-731c-4613-9238-42eac4eb1fb2,1782297041.142301,1782297041.301508,159.21,200,0.10524032800094574
e325bfbd-7153-4a76-859b-87618b215ee4,1782297041.165946,1782297041.255865,89.92,200,0.08222335100072087
941b73fb-c64d-4285-acc2-08e77f92b8cd,1782297041.174731,1782297041.342360,167.63,200,0.08482105300026888
d8f39994-962a-4b04-b453-f58afe8be5fc,1782297041.374665,1782297041.456794,82.13,200,0.06641095800114272
35958e39-f6d0-48de-997b-70f453e3a836,1782297041.803646,1782297041.871092,67.45,200,0.06187511300049664
c1e52109-9dae-45d8-9a4e-94a6b21d2347,1782297041.991570,1782297042.053156,61.59,200,0.05617939200055844
0b497eee-3c56-4b96-a90c-b7c4066ebbac,1782297042.121640,1782297042.185893,64.25,200,0.05802380500063009
eccf708e-3de7-423a-b07f-f1ac8b4a1f68,1782297042.145780,1782297042.256690,110.91,200,0.06963095500032068
2e5e86ec-865c-414c-b115-c7fe440ab0f7,1782297042.170295,1782297042.240691,70.40,200,0.061728034999759984
eb27fa21-64b9-470c-8eb4-77d79a4de482,1782297042.178735,1782297042.298083,119.35,200,0.05616128100155038
aeaf45d2-5cb6-4273-8739-af14730eb649,1782297042.374668,1782297042.445105,70.44,200,0.05913087899898528
f1332668-9e31-4cc6-b796-46a64c97db6f,1782297042.803881,1782297042.867936,64.05,200,0.05867520900028467
e47874ff-de2c-46ae-a087-6b0ff78e6250,1782297042.991580,1782297043.061253,69.67,200,0.06389585699980671
4cf328e6-ba28-4fc9-90d3-3643f455de1b,1782297043.122754,1782297043.183684,60.93,200,0.0548775579991343
3f50db63-54bd-4f38-af85-8d8978200e28,1782297043.146781,1782297043.244151,97.37,200,0.05959080700085906
45672def-f078-4627-850f-c48d5b6f7669,1782297043.170298,1782297043.312523,142.23,200,0.06676255099955597
8b4fe764-e924-4adf-bd02-47cbd0bf362e,1782297043.179095,1782297043.244809,65.71,200,0.05860692699934589
a57d99c3-17dc-452f-a9ef-2cee31c19fae,1782297043.372245,1782297043.443349,71.10,200,0.05758581000009144
fe288bea-9325-4556-80ce-da7e5ba3568f,1782297043.747099,1782297043.819210,72.11,200,0.06535064200033958
a5b8a0bb-3d71-49c3-93a6-76f538818ec2,1782297043.911658,1782297043.976593,64.93,200,0.05942878800124163
db66ea0f-8f9d-4244-babc-61fcb9332284,1782297044.025050,1782297044.083589,58.54,200,0.05374708199997258
b3658671-717d-4580-ae7d-ed57fd1d3cee,1782297044.046949,1782297044.139987,93.04,200,0.05526253700008965
cc2e8278-a4ea-4148-ab5c-56233d758355,1782297044.068539,1782297044.202465,133.93,200,0.061295876001167926
39054052-4335-4dbd-b992-44febfe26df4,1782297044.075390,1782297044.270613,195.22,200,0.06710302099963883
89840bac-aad5-41e6-9703-d3e0e474ee1d,1782297044.327054,1782297044.392109,65.06,200,0.0588166170000477
b97868e7-e6eb-4303-9b74-a98f61bc53d3,1782297044.373277,1782297044.442748,69.47,200,0.05586884100011957
de49ad2d-3423-4bdb-a59d-aac22ebf358f,1782297044.747642,1782297044.814448,66.81,200,0.06083013100032986
ba47ab26-ed46-4d63-9125-dec1e0403c7d,1782297044.912926,1782297044.971870,58.94,200,0.053840869000850944
9acd21ec-4919-4d3c-89be-76950b212f73,1782297045.026369,1782297045.089894,63.53,200,0.05818221699882997
d2d916d3-ea13-409e-8912-10c6db707249,1782297045.047548,1782297045.114639,67.09,200,0.060547449998921365
b41438fd-9078-41f7-b9e2-0a8a7c06250f,1782297045.069326,1782297045.181510,112.18,200,0.0656168429995887
27ae2992-c839-400b-a415-472a89709f8f,1782297045.076524,1782297045.149077,72.55,200,0.058054376999280066
3b7733e7-15b0-412c-82f3-c23c0fbcf5a3,1782297045.328093,1782297045.400233,72.14,200,0.06655776499974309
c4bbec4c-5126-4b25-b9c3-4f6ea448e16b,1782297045.383269,1782297045.464269,81.00,200,0.06635593600003631
2f074377-f6ee-44c1-8b67-ba63b3e707a6,1782297045.813256,1782297045.896467,83.21,200,0.07356868399983796
da237619-a1bf-4dd3-86e8-0f4554a84975,1782297046.000940,1782297046.068181,67.24,200,0.06185769700095989
b60a79c3-a1c6-47f2-9d89-99d4a71ee693,1782297046.130618,1782297046.193510,62.89,200,0.05733387899999798
f52521fe-9023-4ef0-8a29-c98232ca26c0,1782297046.154554,1782297046.263092,108.54,200,0.06891165200067917
eb476adc-c993-446e-ae85-d63b3e136e44,1782297046.179016,1782297046.246024,67.01,200,0.060949961000005715
52f3f457-3663-4498-805e-6b213742cc49,1782297046.187554,1782297046.321128,133.57,200,0.05643001200041908
05282f5d-738c-43a7-9cd7-574b2df4432a,1782297046.412548,1782297046.483908,71.36,200,0.05944224899940309
9adcbd61-bb24-4903-9553-f377cbd4e18f,1782297047.014763,1782297047.071744,56.98,200,0.05189174500083027
46ca827e-cd3e-4e2a-b14b-a7690de6e8a5,1782297047.279274,1782297047.339047,59.77,200,0.054387816999224015
d05af019-ff45-4c98-a154-848df64d87b4,1782297047.388249,1782297047.463288,75.04,200,0.06164810999871406
8843298f-aa93-4461-bef5-4666523bdd15,1782297047.460654,1782297047.527100,66.45,200,0.05977079600052093
21588ed1-ba90-4f0e-9484-225756ab1490,1782297047.493764,1782297047.589545,95.78,200,0.061058569999659085
b9a11b65-5688-4280-981f-3daea0a7e6ff,1782297047.817029,1782297047.890955,73.93,200,0.06675187700056995
06c20991-93b6-41e1-aef1-fda190a772cb,1782297048.005434,1782297048.071663,66.23,200,0.06070253300094919
831c56ad-5d28-4e16-bbe9-bde7b4f3e7c9,1782297048.136252,1782297048.208049,71.80,200,0.06518730300012976
fe42bf1a-41e5-4366-a72f-af3e9539fa34,1782297048.159687,1782297048.280068,120.38,200,0.07104017999881762
f4d595ba-5d9f-4c80-884a-678760a9e033,1782297048.183638,1782297048.260027,76.39,200,0.06803930300156935
626757d3-64b9-422e-a0a1-8de7d32f9224,1782297048.193185,1782297048.320549,127.36,200,0.058631621999666095
a60bf2fa-f791-40ce-9d73-2d37fea82ddb,1782297048.402611,1782297048.472264,69.65,200,0.05847523500051466
59d793cc-c6ee-4da7-b872-33e25964d5ef,1782297048.903369,1782297048.965974,62.60,200,0.05699053399985132
337fc863-ca20-4c9a-abdc-1cdb7f76ddd2,1782297049.122588,1782297049.182086,59.50,200,0.05398450099892216
74de02ba-83ec-4284-9e6e-b214ca37c684,1782297049.274590,1782297049.370525,95.93,200,0.08526644499943359
4083b769-3123-4b91-a366-85a807cecf54,1782297049.303270,1782297049.384770,81.50,200,0.07425029100159009
37acf6eb-d6aa-4065-923a-12f1c04058e6,1782297049.332283,1782297049.458744,126.46,200,0.07275714299976244
589235ca-3711-44b8-9227-5d4aab52c5b2,1782297049.406297,1782297049.524870,118.57,200,0.06425500099976489
fb4b7828-6e4a-4f9c-af31-14ec60c6a77a,1782297049.907900,1782297049.973979,66.08,200,0.05938104600136285
351f948e-3dd0-4f00-8b48-abd3dd5c4942,1782297050.126405,1782297050.200798,74.39,200,0.0690128280002682
b630994e-9490-4ab1-a424-c9e0cbe5116d,1782297050.279286,1782297050.348820,69.53,200,0.06387216499933857
3342841e-7ce0-473e-a81c-2a5bc5176eeb,1782297050.307303,1782297050.381325,74.02,200,0.06748381999932462
e0198608-ac6d-4e47-a4ba-e063cdc9bc2f,1782297050.336335,1782297050.416631,80.30,200,0.06669083300039347
3c4d9c71-b9e3-492b-9558-028fb28b3af1,1782297050.407739,1782297050.480569,72.83,200,0.05975052199937636
5d82ffcf-a44e-4ede-b29a-2363cd3b204f,1782297050.908568,1782297050.978085,69.52,200,0.0641651030000503
28cd88d0-4b1f-454b-9110-76436722c374,1782297051.127587,1782297051.193995,66.41,200,0.05987680800171802
4286adfc-d6ab-4b8b-bf4f-6fb6dc7951db,1782297051.280542,1782297051.346095,65.55,200,0.05934153199996217
536e271d-78aa-45f8-bcf7-87f35bd3672a,1782297051.308706,1782297051.432654,123.95,200,0.08501423899906513
0b7fa19a-5ea7-4d1d-90df-d936c15ce9ee,1782297051.337692,1782297051.433509,95.82,200,0.08657809999931487
a9083422-0b08-4afc-ade5-d5e109ff008c,1782297051.412505,1782297051.517720,105.21,200,0.07893929399870103
1dd7f171-36d8-41fd-8577-03623d0ad4a7,1782297051.912656,1782297051.985161,72.51,200,0.06663162699987879
6ede778c-415e-4dfe-8dbf-f68e3465198e,1782297052.131807,1782297052.195764,63.96,200,0.058860447999904864
b0bad001-c27c-4e81-830e-d95f1341d2da,1782297052.284211,1782297052.347804,63.59,200,0.05849928400130011
0eaa3a77-7aa4-43a7-be53-f312a1a44bd9,1782297052.312253,1782297052.413852,101.60,200,0.06521504000011191
8fbd18ed-3916-4250-981f-fd858a550d7f,1782297052.340957,1782297052.410888,69.93,200,0.06286509999881673
18c0990f-e42b-46ad-ac36-4acfcd76cf3c,1782297052.394876,1782297052.476795,81.92,200,0.06090765500084672
71ba9580-4c55-48ef-82ab-b6e0111b8193,1782297052.769521,1782297052.830332,60.81,200,0.05551941699923191
ef5b0b10-18b8-426e-a01d-48ab89976679,1782297052.934738,1782297052.999397,64.66,200,0.05885628000032739
bdce4a54-f697-4a6b-89ce-266858a6f1cb,1782297053.047898,1782297053.117382,69.48,200,0.06318463500065263
65ac8df0-9a36-4c52-b991-52ca324b6daf,1782297053.069280,1782297053.189945,120.67,200,0.07150930399984645
721c327c-a149-4cce-b06e-76b411658db8,1782297053.090871,1782297053.161309,70.44,200,0.06438872600119794
c6f1b4a6-0c1d-4b61-988b-7ccdb93e7fd2,1782297053.098488,1782297053.242569,144.08,200,0.05151084299905051
109ae67d-e79d-403b-a015-c6b221e29f3a,1782297053.349935,1782297053.425093,75.16,200,0.06939066599989019
83bce050-de2b-40eb-9f4f-e84f534babd0,1782297053.404026,1782297053.482873,78.85,200,0.0633124769992719
5c6b9f31-d30a-4d93-827e-1dd16805d455,1782297053.834062,1782297053.909154,75.09,200,0.06697780899958161
206bc871-2880-4d4e-a072-6989a30e863f,1782297056.778654,1782297056.867356,88.70,200,0.0816527210008644
9a3f7cca-dac5-4513-a8fb-96e2f12c8a18,1782297056.908906,1782297057.028138,119.23,200,0.11047325899926363
bd9c88b8-8aae-49b9-b9cf-3f4c74adb541,1782297056.933196,1782297057.009151,75.96,200,0.06801938900025561
58e858cc-a14e-4052-8a67-6787b9325e7b,1782297056.957284,1782297057.091650,134.37,200,0.08017115900111094
14c3feaf-9b2d-4957-a465-04a14d9b5f22,1782297056.966607,1782297057.136996,170.39,200,0.10479239199958101
2ae617b2-1799-4416-a14d-65445dc0c490,1782297057.165869,1782297057.252117,86.25,200,0.07251569199979713
eedc6bd1-20e9-442a-be1e-741336b5ec1a,1782297057.595044,1782297057.656031,60.99,200,0.05583819300045434
a8fa43f2-9a5d-4c41-86a8-5429d564fcf1,1782297057.782546,1782297057.848027,65.48,200,0.05851541499941959
e8cd4cb7-8586-49a6-bcf5-0b62faae700d,1782297057.913530,1782297058.001412,87.88,200,0.07941994899920246
a1f67b67-6e97-46f0-bcd4-c94c969832ae,1782297057.937033,1782297058.078124,141.09,200,0.07591560500077321
23b8532a-7aa9-4218-bc30-cade78fa6508,1782297057.961201,1782297058.056678,95.48,200,0.08720325400099682
ad0811b5-53e0-4f28-a1a3-408bfcc50f15,1782297057.970264,1782297058.176414,206.15,200,0.09610554699975182
0b171226-ee83-4d12-96d1-fda9687857a5,1782297058.162754,1782297058.247652,84.90,200,0.06557259800138127
a81a7a85-e04f-44b3-9bc0-02c59c3f6ab8,1782297058.537598,1782297058.622837,85.24,200,0.07593869700031064
f851e1e6-9924-42db-bbdf-55e349ab462a,1782297058.701525,1782297058.781280,79.75,200,0.07114699900012056
ba1e0c36-b497-44d6-99ce-a877aa4e8be5,1782297058.815714,1782297058.907272,91.56,200,0.0844921970001451
829e80bc-50e2-4110-b9d8-bd1c6a8d51e8,1782297058.836972,1782297059.045576,208.60,200,0.13523230999999214
ec0bc2dc-0fd4-482b-b2df-79980f8ffe34,1782297058.857779,1782297059.162149,304.37,200,0.11317478000091796
d7718d36-d7b8-4285-b405-06d4f0098855,1782297058.865726,1782297059.000398,134.67,200,0.1245844439999928
4b62c824-30e8-4935-bc82-36e21238deb9,1782297059.118436,1782297059.277169,158.73,200,0.11205219499970553
8a3dcfbe-3aa3-4290-813b-3ba15bc7be0e,1782297059.169044,1782297059.284908,115.86,200,0.09756895299869939
117f5dc2-13c7-4bcd-944b-de531b5fe432,1782297059.543813,1782297059.636246,92.43,200,0.08153007800137857
f10f0986-665e-4ab8-95c5-991953b43edc,1782297059.708915,1782297059.780615,71.70,200,0.0649989560006361
2ab3f8b7-b10c-41e3-a2e9-978205572623,1782297059.822437,1782297059.905493,83.06,200,0.07506271700003708
943cae7d-44b6-46b3-970d-6f13698da5f8,1782297059.843254,1782297059.926636,83.38,200,0.07453381400046055
ba7555e5-27c7-4f0f-98da-f0543c787062,1782297059.864176,1782297059.997903,133.73,200,0.07114608099982433
607fba4e-78c2-4381-a6c0-adc7a72f4e19,1782297059.872263,1782297059.985848,113.58,200,0.07878779599923291
68961cda-1390-4048-914f-3f98093a5b92,1782297060.123494,1782297060.213193,89.70,200,0.07960509499935142
b5414be2-6bff-492f-84ed-fb846d0e29e0,1782297060.186958,1782297060.301173,114.21,200,0.08616544999858888
b9afa6a9-262b-4c90-a5d8-12cc3c7dd3ca,1782297060.687354,1782297060.814978,127.62,200,0.11650587300027837
83a9c285-f175-4f0c-9302-d9b8ec6eb6b4,1782297060.906696,1782297061.021905,115.21,200,0.10687504400084435
8c9568c7-7bb0-4cfd-bc98-5b813dbc48d1,1782297061.059667,1782297061.225465,165.80,200,0.15573199299979024
edfbe1ef-684a-48af-aaea-ee710b66103e,1782297061.089634,1782297061.342667,253.03,200,0.11649593999936769
7f2f30d0-59e1-4573-a645-ec516168794e,1782297061.115958,1782297061.275692,159.73,200,0.14374576800037175
d69dbdf8-841c-4a68-b29a-fb5a58c28525,1782297061.186568,1782297061.377865,191.30,200,0.10073025099882216
2eec6abf-2717-4d8d-93d4-6e645e29733f,1782297061.613868,1782297061.690207,76.34,200,0.06824033500015503
bcbc64dc-78e5-4a44-be73-6f4b983bfb2d,1782297061.801950,1782297061.875559,73.61,200,0.06670483000016247
7060d893-f809-4e28-9f51-430dea024bb9,1782297061.932967,1782297062.008560,75.59,200,0.06888561499908974
68a70fc7-0732-4a38-9c57-b13f15a1d0a4,1782297061.957132,1782297062.035039,77.91,200,0.0697803990005923
618fe227-3d0a-40e7-b719-2f7874724631,1782297061.981359,1782297062.122823,141.46,200,0.08514821800054051
fa58e6ba-1ce8-40e9-baee-9aed98fecd94,1782297061.989494,1782297062.208381,218.89,200,0.08237923400156433
7ed4d666-9fbf-4772-b20b-fcdf63d54643,1782297062.178169,1782297062.295218,117.05,200,0.08038355799908459
1a0110d2-6f64-41b4-be91-31469809f2fb,1782297062.553136,1782297062.615607,62.47,200,0.05708610200053954
ae2742ab-b953-43e9-88d4-1ad47f6408b1,1782297062.717093,1782297062.789581,72.49,200,0.06663557799947739
486667a7-5584-429f-94e9-6c1fd3c5e59f,1782297062.832206,1782297062.904106,71.90,200,0.06595024099988223
6a6757b4-3a7c-4908-9b03-0937130d3b97,1782297062.852460,1782297062.932333,79.87,200,0.07309351999901992
f677747b-5899-4826-879c-ad655e73e5ee,1782297062.874612,1782297062.995300,120.69,200,0.061331488001087564
ed3b11c1-9ef9-402d-b118-a18990db6e8f,1782297062.882009,1782297062.973877,91.87,200,0.0691071910005121
a0b6bd3e-fbdc-4d71-9549-58e831337d8f,1782297063.132824,1782297063.207575,74.75,200,0.06835199099987221
c5893dcb-144a-4f9a-85f6-194781e7f9c1,1782297063.186460,1782297063.296896,110.44,200,0.08814599399920553
917d1ae9-027e-47f7-bc76-99f80dec3b77,1782297063.614890,1782297063.675981,61.09,200,0.05533245200058445
f776310d-3906-4a9a-b6e5-89db6b651545,1782297063.802557,1782297063.862991,60.43,200,0.05542746100036311
82230d03-9ece-464a-a4f2-4577976f76aa,1782297063.933550,1782297064.006960,73.41,200,0.06721162800022285
f5fb6bd3-6ab9-48cf-94e9-ea3683889490,1782297063.957244,1782297064.075662,118.42,200,0.06747865000033926
e4c255e5-8e12-4e52-8acc-a64b54429bc5,1782297063.981257,1782297064.054138,72.88,200,0.06551792999925965
b613d357-a3d6-41c8-b611-9863294a9c75,1782297063.989913,1782297064.152606,162.69,200,0.07491462899997714
63f93599-7222-4c1b-b7c5-aa439cc18ad5,1782297064.168009,1782297064.235640,67.63,200,0.05576308000127028
fb6253a4-cd01-4fdb-8ab3-af910c0e5887,1782297064.468669,1782297064.528639,59.97,200,0.055229745999895385
7cf4ec54-dce7-4d68-b652-c8164d4154a6,1782297064.601052,1782297064.657512,56.46,200,0.051622738001242396
ee8d1e38-b09a-48b0-b24c-ca4fba202953,1782297064.691915,1782297064.755979,64.06,200,0.05868117999852984
f834570d-aa4f-410a-95a1-7ffff84852a4,1782297064.708792,1782297064.772955,64.16,200,0.05870119999963208
4c598691-30e2-4158-9efa-841f95d5629c,1782297064.725334,1782297064.839526,114.19,200,0.0644955010011472
bedee835-db59-49db-9b0c-84d36323fbc5,1782297064.731317,1782297064.900966,169.65,200,0.06042731700108561
17ff8b41-f133-42c9-94e1-6481edb318ee,1782297064.932397,1782297065.010715,78.32,200,0.07005665299948305
ce65ab34-3d93-40da-ad17-28c0f6cf6d99,1782297065.025203,1782297065.111324,86.12,200,0.07776828200076125
d8364394-0a25-4c90-ab4f-6045e542c021,1782297065.148699,1782297065.214223,65.52,200,0.060373755999535206
fafa8150-5a5b-49d4-b788-625b4cccc2c0,1782297065.199581,1782297065.275302,75.72,200,0.06075494200013054
2930f511-4460-4fd5-a5ec-12e3fb21444e,1782297065.700234,1782297065.764613,64.38,200,0.05936194300011266
5606ce7a-69c0-4fbf-a9f1-9e6bbd2bdf53,1782297065.920008,1782297065.981987,61.98,200,0.05663865299902682
22cf83b4-617f-446d-8e7f-021376c2167b,1782297066.072462,1782297066.140568,68.11,200,0.06249318099980883
381a2659-f6dd-4aad-a868-6a2b84b2660e,1782297066.100513,1782297066.219143,118.63,200,0.07720776200039836
9877ee83-0f47-4a33-9999-6bbf9d1001be,1782297066.128509,1782297066.208726,80.22,200,0.07190086300033727
07638e8b-3d82-4593-80d1-1e5ba38d98fb,1782297066.186057,1782297066.290630,104.57,200,0.06813304600109404
ff9a9e55-2e75-476b-adf2-539615bd8ffc,1782297066.201257,1782297066.268048,66.79,200,0.06117107899990515
cb756f5f-b377-4b58-bf50-3ee61212165b,1782297066.561279,1782297066.641005,79.73,200,0.07227864300148212
8a25c631-d72e-453a-bdb9-ab5309020c0e,1782297066.725495,1782297066.791804,66.31,200,0.06065928600037296
7ee30e88-ddff-4fea-9fa1-6817e26e5cc9,1782297066.839302,1782297066.923782,84.48,200,0.07760518200120714
032012ce-6755-4b5d-9f7e-19be684d9b89,1782297066.860325,1782297067.076910,216.59,200,0.08707909999975527
82836416-1aac-4587-85fb-73de905e9f06,1782297066.881932,1782297067.077194,195.26,200,0.06137628299984499
2251ce2d-e2a1-418c-a87e-dd5fc59fb017,1782297066.889546,1782297066.977830,88.28,200,0.07962836700062326
75d6c66e-edea-445b-9dd9-d1b4bb56f6d2,1782297067.140532,1782297067.201119,60.59,200,0.0549707620011759
6d773f62-f26f-4146-9f50-ac6a78fcc94b,1782297067.193560,1782297067.261332,67.77,200,0.05542220399911457
e45ea842-fd55-4020-a1e3-6c450e24a8cc,1782297067.623231,1782297067.685160,61.93,200,0.056948064999232884
9a169772-71bc-415b-924a-2dc533d379da,1782297067.810683,1782297067.870734,60.05,200,0.05482752799980517
b5249573-9263-4fe3-9e85-13af3a2e22a5,1782297067.941160,1782297068.006744,65.58,200,0.06012669899973844
c2d5a8df-f092-457b-8a08-b90ca3186244,1782297067.965118,1782297068.033835,68.72,200,0.06271533499966608
5afa1d19-d071-4403-bc03-e1687191bc35,1782297067.989767,1782297068.089296,99.53,200,0.05423944299946015
19b164fb-d641-425c-8d98-21a0b2f5103d,1782297067.998084,1782297068.158217,160.13,200,0.06786753400047019
68582660-7a4b-47e9-ba5a-18c83b14483e,1782297068.188893,1782297068.252313,63.42,200,0.05282527300005313
527b64c2-6f4f-4b3f-ac46-0450e148907d,1782297068.564060,1782297068.629898,65.84,200,0.06001123600071878
c69bd6ce-f812-4353-a597-37cb0f77ce53,1782297068.728387,1782297068.789252,60.86,200,0.055633363999731955
b2afdef9-dec4-45ff-8fe0-7ed2b96c1f4a,1782297068.842688,1782297068.924667,81.98,200,0.07358539900087635
79bbdd8e-bd3f-49bd-a843-18d854de55d6,1782297068.863918,1782297068.931995,68.08,200,0.06187889700049709
f4678506-0a83-4363-9485-04d6722d84e8,1782297068.885397,1782297068.996833,111.44,200,0.06996094100031769
e78ede93-8b9f-43a4-a0c3-7d3f6cd2ddf9,1782297068.892086,1782297069.005384,113.30,200,0.07214548299998569
5dcc7676-55ae-4a00-811b-64c301ed504f,1782297069.143785,1782297069.219217,75.43,200,0.06661458800044784
1ce52c90-71a4-4e0a-9aed-baa75a818a1d,1782297069.209537,1782297069.293808,84.27,200,0.06803659899924241
8a6a9021-a2c7-4f8f-8af6-3cf7ed249bc2,1782297069.711467,1782297069.776494,65.03,200,0.05983360599930165
92cb8c35-ed2d-4a08-b119-e1d4f103aa81,1782297069.929980,1782297069.989061,59.08,200,0.054280477999782306
b74eee83-d0d4-4743-acb2-bba8dec38365,1782297070.081549,1782297070.168600,87.05,200,0.07956248899972707
2e8a46f3-42fb-451f-bbfe-c8e3e1943e02,1782297070.109884,1782297070.244173,134.29,200,0.07433074000073248
6a489a74-0ce3-4127-b845-dad98f793b38,1782297070.138790,1782297070.205979,67.19,200,0.06025193800087436
6e25b3bf-eac2-4d9d-8014-b69b4cd3d849,1782297070.213154,1782297070.284987,71.83,200,0.0587118819985335
29250103-b7fd-46ef-a51b-90f9420c554d,1782297070.714644,1782297070.781476,66.83,200,0.061414379999405355
a618c992-8219-4c5f-a755-550fe5ba6e27,1782297070.934192,1782297070.994314,60.12,200,0.05485491599938541
6f8c1d89-6474-45dd-b5ae-532c13565bb2,1782297071.086834,1782297071.166231,79.40,200,0.07129226899996866
6650e255-f1bb-49bf-9994-52e041acd19b,1782297071.114994,1782297071.236692,121.70,200,0.06903395600056683
0b299c6c-ea99-456e-8359-93cd1bb5db47,1782297071.143576,1782297071.384101,240.52,200,0.06200686400006816
65dd487d-5ff9-45e2-8a21-037e13b81913,1782297071.204081,1782297071.384143,180.06,200,0.06853605299875198
2e1248c2-c183-4253-a8ac-f0141867967e,1782297071.633097,1782297071.710626,77.53,200,0.06924568300019018
ec26e7b4-b4d5-4661-9a38-d4d197ab835c,1782297071.821126,1782297071.887347,66.22,200,0.06074479299968516
54dbef48-d0ae-4d52-835d-6d42191ea616,1782297071.951783,1782297072.012010,60.23,200,0.05490394600019499
68680187-e2a8-45fd-9cea-bbb6ff0fb8c7,1782297071.975699,1782297072.040491,64.79,200,0.05803324100088503
def74648-69a2-4302-9bc0-005d607c7ff6,1782297072.000324,1782297072.101162,100.84,200,0.0598848760000692
3abbdb2f-e4f9-4d3a-8d65-f41d6db4a119,1782297072.008495,1782297072.074898,66.40,200,0.059934434000751935
61ed0e69-12fb-468f-9819-4373222f8f25,1782297072.205752,1782297072.277039,71.29,200,0.06003105499985395
536362dd-750f-4e7d-9964-dca778287799,1782297072.634748,1782297072.705223,70.48,200,0.06473425100011809
d21b2389-26df-4002-ab9d-f85bfd30e334,1782297072.822685,1782297072.898092,75.41,200,0.0674607510009082
83eee3d0-8af6-4e89-8135-639b9550d1b2,1782297072.953521,1782297073.014636,61.11,200,0.055175807001432986
1e7dae51-1174-49a4-9c45-2dfebcebeb5b,1782297072.977473,1782297073.050436,72.96,200,0.06660149900017132
52630ef3-2020-43ce-a6fe-f00604d195c8,1782297073.002306,1782297073.075639,73.33,200,0.05974017200060189
24f57b14-5407-424a-98d3-da9f1d31c7f4,1782297073.010419,1782297073.146688,136.27,200,0.06991144200037525
0b5ce10c-3051-4123-a134-f85397b869bc,1782297073.195847,1782297073.274224,78.38,200,0.06337958599942795
215733ca-55cc-47e4-820c-f428e0f480b9,1782297073.529163,1782297073.593340,64.18,200,0.05871653299982427
20cfd591-1e16-4f91-8ad5-00511bd0f922,1782297073.674779,1782297073.741121,66.34,200,0.06105895899963798
a018d0b8-5c48-4b0f-8444-c60e115c7479,1782297073.776561,1782297073.841551,64.99,200,0.05971275700176193
d8acd09c-a1d5-445b-bb90-8833ce0ca0cc,1782297073.796507,1782297073.862759,66.25,200,0.060271720998571254
eb21b0b3-9c83-4061-91a1-ed8834e99988,1782297073.814111,1782297073.899684,85.57,200,0.05694544799916912
2c46ae8e-b4cc-47aa-80df-5268d516fdfd,1782297073.820911,1782297073.957950,137.04,200,0.05721128999903158
c6ca97b9-f105-4223-8fe1-13f5f087ac18,1782297074.044487,1782297074.108451,63.96,200,0.058933944999807863
9dbcbb1a-985b-4fa2-8ceb-a85c55b2d829,1782297074.146867,1782297074.222181,75.31,200,0.07006926700159966
f1b3a2b5-5bf2-45b9-b560-e137517c2808,1782297074.222752,1782297074.324362,101.61,200,0.08195962599893392
8fc641bd-8456-4b22-940d-800bd78009cb,1782297074.723253,1782297074.795298,72.05,200,0.06711919000008493
c6949806-2704-4a9e-a6e7-d028af3473e6,1782297074.942695,1782297075.007704,65.01,200,0.05946624199896178
b0243438-7bef-478d-9461-0a7862592b4c,1782297075.096200,1782297075.164580,68.38,200,0.06311908300085634
4086598c-661b-49b4-8099-fb734ab623e0,1782297075.124315,1782297075.193537,69.22,200,0.06104037099976267
12795605-cd32-4998-8bc4-bb8aa17e59e6,1782297075.151890,1782297075.272138,120.25,200,0.07582165099847771
589f014c-3d63-4a08-98d4-61ec5b53fd7f,1782297075.214821,1782297075.303407,88.59,200,0.07279844900040189
22123a44-f1c4-433b-9ea2-541418c93855,1782297075.644279,1782297075.723070,78.79,200,0.07300115500038373
261d78d4-c823-4d55-9f4f-04eaeb0ecf2b,1782297075.831643,1782297075.956891,125.25,200,0.11673293999956513
5ae3373b-7154-465e-97c3-b207cb3f7c23,1782297075.962731,1782297076.088551,125.82,200,0.1161462969994318
d9cce697-e9d5-44d6-a4fc-037ee194bf15,1782297075.986173,1782297076.183196,197.02,200,0.0934756330007076
f861e0a9-698b-4db0-bfe6-250edd7e1ca3,1782297076.010807,1782297076.253467,242.66,200,0.06909824600006687
8bd04e76-f5d0-4052-a98d-182d1ee6f04a,1782297076.019441,1782297076.136567,117.13,200,0.09933176100093988
1e505fd4-2fb0-4c77-9d74-f0fa3ea96856,1782297076.204895,1782297076.290871,85.98,200,0.07119252499978757
70b985c9-90c9-47f5-9b2a-1152214d4709,1782297076.538820,1782297076.597377,58.56,200,0.05313428199951886
5a6cee03-5a94-4bc0-88ff-f2125722931e,1782297076.685811,1782297076.747318,61.51,200,0.05554190499969991
a758cad3-97fd-424d-85c1-4918cdf62933,1782297076.785891,1782297076.857305,71.41,200,0.0656163479998213
9a1a304b-577e-4db7-8261-4e2cbd7fabe4,1782297076.806159,1782297076.882041,75.88,200,0.06934814499982167
a9c61832-6f38-4f86-b292-b04e4151895e,1782297076.823778,1782297076.942690,118.91,200,0.08357882800009975
e221d4f4-2d05-4cc2-bf60-8d2a7aca3dc0,1782297076.830970,1782297076.966882,135.91,200,0.08317384099973424
18264e3d-b767-4037-872d-52f0a8fcd6ad,1782297077.055357,1782297077.116295,60.94,200,0.0560421359987231
56b111ba-11c9-4f0d-82f2-d9e9d15b8082,1782297077.155635,1782297077.216507,60.87,200,0.05588783399980457
2c0c8415-79dc-4d07-b45a-d7dc601e94d1,1782297077.210701,1782297077.279877,69.18,200,0.05771394200019131
394ce09b-0af1-48e2-b3e1-ee20751561a2,1782297077.585762,1782297077.648551,62.79,200,0.057242756000050576
63c80de9-0f8d-4259-8197-c775144755ad,1782297077.750064,1782297077.813970,63.91,200,0.05820185099946684
4668b123-9b26-45c8-a455-b03309a28cd0,1782297077.864404,1782297077.958718,94.31,200,0.060630828000284964
334e1cfc-64fb-4b48-99f0-9294b55c1efd,1782297077.885489,1782297078.008759,123.27,200,0.07599430700065568
e1fe01c6-2ac7-476f-9d47-eaef00829873,1782297077.906590,1782297078.023099,116.51,200,0.06150167899977532
2e4fe67b-aa63-44f0-bfa3-10789928f8cc,1782297077.914180,1782297078.078722,164.54,200,0.05440219000047364
282b102f-73d1-45a1-aebe-d45e26ab06be,1782297078.165214,1782297078.225129,59.91,200,0.05487484900004347
3755831b-9ec1-43be-ae39-38a0ee164503,1782297078.220871,1782297078.291940,71.07,200,0.05889466500048002
3684749f-190f-48fa-9e5c-43f1754664a0,1782297078.649710,1782297078.713631,63.92,200,0.05867022299935343
e29ea269-44db-4fbc-b04d-96b5be76b017,1782297078.838145,1782297078.899967,61.82,200,0.056531685000663856
fff38aaf-4675-443c-afe7-058970fd8105,1782297078.968392,1782297079.039136,70.74,200,0.06544386200039298
998598b1-f0be-4c54-a9b0-e55d9994a692,1782297078.992447,1782297079.098222,105.77,200,0.05813268199926824
6d7cdf71-8a55-4780-b226-5218fc4ed5a2,1782297079.017147,1782297079.185268,168.12,200,0.08246395199967083
086e0255-92be-4869-83a5-50967857ea00,1782297079.025543,1782297079.272962,247.42,200,0.08502934500029369
629c8946-75b6-4791-9697-979fdb94aee0,1782297079.223471,1782297079.341543,118.07,200,0.0672153920004348
8c477476-993b-45bd-b4da-9de3c15ff5d9,1782297079.652127,1782297079.720893,68.77,200,0.06366367299960984
3be49ab5-6ad6-4d8f-a290-f8aa98119ac4,1782297079.841373,1782297079.900224,58.85,200,0.053827332998480415
c222042a-e7de-4b7d-8ce1-d13089b97c8c,1782297079.970725,1782297080.031336,60.61,200,0.05466439099836862
0f7a614a-9bbe-49d0-b1b5-28e807b90cd8,1782297079.994890,1782297080.103578,108.69,200,0.07061346800037427
147502d5-a0c2-49fb-9192-c963412d2d85,1782297080.019353,1782297080.171361,152.01,200,0.05959712900039449
91ad114e-8c84-4ae1-8ce5-b34269b09c90,1782297080.027793,1782297080.104564,76.77,200,0.07105015700108197
4f842930-930f-45c8-9b80-084c2e6a5321,1782297080.218159,1782297080.284470,66.31,200,0.05466935999902489
fc59d8bf-25cd-464f-a7de-8b472aa402ab,1782297080.593451,1782297080.665823,72.37,200,0.06634718799978145
07b226a6-ca9c-4873-b91e-31bc5fb9da44,1782297080.757302,1782297080.824632,67.33,200,0.06194834599955357
48f2dcc4-b428-41dc-950b-41c80d15365c,1782297080.872053,1782297080.950682,78.63,200,0.07268191200091678
2960a38f-ebe0-44fb-ab66-4a5fb2cced86,1782297080.893121,1782297081.031426,138.30,200,0.07899963199997728
c8db683b-1613-49a3-9d01-a7427bde5ea0,1782297080.914071,1782297081.089355,175.28,200,0.056716175999099505
e95769f8-a331-4f7b-88a6-4c3985bde067,1782297080.922010,1782297081.009184,87.17,200,0.08106066599975748
23b70a35-a417-42e0-85aa-567fc513e708,1782297081.172882,1782297081.232022,59.14,200,0.054006758000468835
11f20a2d-56f1-4473-8b5e-8f5d7a696740,1782297081.238694,1782297081.317899,79.21,200,0.06576090599992312
1ca816bf-ab7a-452c-95b1-dd9898b8346b,1782297081.740035,1782297081.808918,68.88,200,0.06337021400031517
98b52f9c-2152-4972-8598-5309d0db1da8,1782297081.959454,1782297082.017758,58.30,200,0.053111138000531355
3f0f1362-1592-4a61-9d19-8f59c249117d,1782297082.111290,1782297082.197829,86.54,200,0.08041153700105497
6178b1e9-8971-4466-8902-bc76a5795b17,1782297082.139441,1782297082.218900,79.46,200,0.07228421599938883
7aebc022-a876-432d-b3c3-4f6144dcf8ae,1782297082.168227,1782297082.268378,100.15,200,0.06766369199976907
a223fe55-d425-4c35-bc68-e02229c6af89,1782297082.258734,1782297082.334173,75.44,200,0.060535730999617954
7401315c-754e-43b5-9718-3583310e739c,1782297082.860303,1782297082.918931,58.63,200,0.05342497799938428
2ef3bcf9-9bb0-45d0-9313-ee936faff3c4,1782297083.123526,1782297083.206554,83.03,200,0.0740262259987503
5f94ade0-ad71-4bf5-90f8-209d84a42024,1782297083.244202,1782297083.315259,71.06,200,0.05795910699998785
cd13cebd-81dc-475d-988a-d709ddd3f3ed,1782297083.306098,1782297083.395245,89.15,200,0.08220203000018955
870d248e-33ca-4269-9e1e-25f0e929787b,1782297083.340349,1782297083.424266,83.92,200,0.07517357600045216
5782e584-f916-4c09-aca3-1fecf1536694,1782297083.745269,1782297083.812340,67.07,200,0.06106197500048438
957cb0fc-a9e9-4319-97df-4a3e0a80feae,1782297083.964875,1782297084.024071,59.20,200,0.0536774840002181
db7dedd0-b055-4a18-8367-94feda7f35f3,1782297084.116730,1782297084.189701,72.97,200,0.06736465299945849
b31af153-d988-4556-b531-4386d62c738c,1782297084.145177,1782297084.251718,106.54,200,0.06016675000137184
06e705c6-c1a6-490c-855b-93eb186a83d7,1782297084.174439,1782297084.393031,218.59,200,0.07776359799936472
0851bf15-ffee-41a5-91ef-5e3a063dd517,1782297084.228281,1782297084.393642,165.36,200,0.06054749600116338
55ba9bc9-bde6-4d46-8245-ed405697c155,1782297084.603385,1782297084.663484,60.10,200,0.05471260699960112
3c69f5bc-30e7-4ce9-ae2a-244a8980996c,1782297084.769004,1782297084.832065,63.06,200,0.057548233000488835
e28b68d4-a3fb-4cf1-897e-b4ac5ef61e0d,1782297084.881494,1782297084.950010,68.52,200,0.0623764840001968
4558ea09-f82d-463b-8208-b14103e149c3,1782297084.902587,1782297084.969058,66.47,200,0.06035304599936353
d3893135-6d3b-4439-98fb-11d548360044,1782297084.924494,1782297085.041440,116.95,200,0.07119557400073973
b2efe18b-eaa0-48e3-9795-9b20ee1d9694,1782297084.932069,1782297085.103244,171.18,200,0.06046038000022236
2e1d9573-e315-4ec2-af65-a17924e1527f,1782297085.182747,1782297085.249492,66.74,200,0.060936044001209666
ebcb7803-35f0-413a-8548-3917e00dcc63,1782297085.238264,1782297085.307619,69.36,200,0.0554676699994161
e639da6c-fb51-4458-8b37-2408de671275,1782297085.667703,1782297085.732109,64.41,200,0.05945933099974354
81946ee7-880e-47b5-a79f-e6be1ddf0ae2,1782297085.855700,1782297085.921361,65.66,200,0.05978996300109429
5a23b856-3d45-4208-afef-68b985b11efb,1782297085.985827,1782297086.057559,71.73,200,0.06506651400013652
4241d461-d377-4146-a381-fc10a5dacaef,1782297086.009909,1782297086.091909,82.00,200,0.07416127400028927
364ac60f-3af8-4e69-933c-2502c57c97dc,1782297086.034151,1782297086.138930,104.78,200,0.07980320599926927
a0079fa0-627e-4bdd-b245-af1662edd4d3,1782297086.042446,1782297086.211913,169.47,200,0.06821528600085003
f050629c-bbd5-4f84-b49b-119fd0bd1543,1782297086.232365,1782297086.297336,64.97,200,0.054365272999348235
ef51d38b-1807-4be2-89fb-8a98db5e7b73,1782297086.607202,1782297086.665569,58.37,200,0.052992450999227
dcee8ecf-ff5e-4814-aacb-946d812c537e,1782297089.630854,1782297089.706100,75.25,200,0.06935939200047869
1e38bc9f-aeda-4256-8839-77b8ed9eeeb7,1782297089.652560,1782297089.731786,79.23,200,0.07122677000006661
88fb47e9-d08b-40a7-b2c0-da0fc8f2eb12,1782297089.674384,1782297089.769812,95.43,200,0.06273392200091621
4b5e5870-51d7-40f5-bd61-43d514ed39e3,1782297089.680688,1782297089.836523,155.84,200,0.06485222099945531
4324d590-ed5d-4502-a742-cea2fd176c0b,1782297089.933010,1782297089.994074,61.06,200,0.05555367700071656
2195b8c9-324a-477a-b2b3-b4f419809590,1782297089.998584,1782297090.068946,70.36,200,0.059559919998719124
ccfa06e7-d46d-4d65-8617-4dc38c376f06,1782297090.499988,1782297090.559494,59.51,200,0.05379698500109953
1645cb74-a6c2-448e-8366-5a3743c41382,1782297090.719189,1782297090.793473,74.28,200,0.06810193699857336
94108d17-08fe-453b-9598-3cd80e769fa0,1782297090.871058,1782297090.942929,71.87,200,0.06561111300106859
13204869-af9d-4203-a55a-bf7e1c759fc8,1782297090.899277,1782297090.971587,72.31,200,0.06572997800140001
4f124419-89d3-49b5-b3f5-b123b4132222,1782297090.928595,1782297091.005268,76.67,200,0.06107879400042293
41eb01fb-d142-4181-9e38-008a955c7db6,1782297091.001018,1782297091.074561,73.54,200,0.06009637399984058
7c853a74-b136-47d9-862b-98a529e3a429,1782297091.429497,1782297091.494296,64.80,200,0.0589802630001941
3ace1ae5-0411-4010-80e9-b83a16a4bab2,1782297091.617842,1782297091.689205,71.36,200,0.06497796399889921
66cc0b59-360a-4d40-87b8-cc48c1a903c2,1782297091.749720,1782297091.822885,73.17,200,0.06717427100011264
9b2c7489-0da2-44f9-8c28-ca102493ff88,1782297091.772818,1782297091.848126,75.31,200,0.06858378099968832
c1d128c3-16e8-4c28-95b6-7881e4d3c875,1782297091.796708,1782297091.912149,115.44,200,0.06177053200008231
1ae0adee-1426-4257-b8bd-4d9c5718b3dd,1782297091.805681,1782297091.972385,166.70,200,0.05994978600028844
29b53d75-3c31-4b39-a46b-1dfa4ff46d5e,1782297092.004718,1782297092.073459,68.74,200,0.05725054499998805
9852bfaf-b806-44e7-907d-18c5afb315be,1782297092.506133,1782297092.581674,75.54,200,0.06841157499911787
1bef652a-55f7-4f5b-a126-c6ddda451055,1782297092.726329,1782297092.799342,73.01,200,0.0666973589995905
58cb29d8-9f74-4e9e-90ea-0cc2ace19343,1782297092.877077,1782297092.967833,90.76,200,0.0821065929994802
59dc0349-37be-4b5d-86ca-02bc9983f214,1782297092.905786,1782297092.987391,81.60,200,0.07319217800068145
c068709c-7f9e-4bfd-b58a-2a67a6aad49f,1782297092.933817,1782297093.058424,124.61,200,0.06879780300005223
4d458c40-e28c-4c14-90e9-80b81f1e1a28,1782297092.990911,1782297093.073516,82.61,200,0.06824489399878075
bff9ce5d-b617-4c5b-a5e5-51c20816509d,1782297093.365619,1782297093.446506,80.89,200,0.0745957589988393
596ed27b-c87f-4249-b110-83ad0b93d45d,1782297093.530287,1782297093.607121,76.83,200,0.07085040700076206
6b9017a6-2da5-4231-87ec-0cccbdeb8220,1782297093.644869,1782297093.740641,95.77,200,0.08709751199967286
6597551c-b4a5-47c5-9cf4-6aac0a5a29fc,1782297093.665281,1782297093.755801,90.52,200,0.08266023299984226
1f4ef3c9-f8c1-435f-968c-b9d07b6ba1d9,1782297093.686552,1782297093.831810,145.26,200,0.08955484900070587
fdb566ae-7370-4042-a987-e0a5c5b2f298,1782297093.693547,1782297093.839364,145.82,200,0.0821592239990423
9359a86b-df5f-4041-810d-388c2280eb61,1782297093.945004,1782297094.009275,64.27,200,0.05783898799927556
042889cc-8892-4b7c-830a-1deef025fa05,1782297094.012009,1782297094.082280,70.27,200,0.05747461499959172
6a4d1c6a-1617-45b4-ac48-18128d456786,1782297094.513394,1782297094.579620,66.23,200,0.060090221999416826
3f3f9c1e-e644-44a5-b691-d56c17f0c2b0,1782297094.732473,1782297094.801722,69.25,200,0.0629951089995302
84eddf95-cf05-4b73-b651-208a624701ea,1782297094.884360,1782297094.955445,71.08,200,0.06359983600123087
2ceab22a-f0f7-4cf6-bb43-8568e5e2acfe,1782297094.912740,1782297095.024646,111.91,200,0.06758593800077506
e479431d-ac6a-4b2d-bf79-ad645d597637,1782297094.941640,1782297095.020715,79.07,200,0.07087922599930607
f1ed15ab-511a-4f8e-aa11-271f24a79f3c,1782297095.014056,1782297095.096210,82.15,200,0.06595719899996766
92e7207a-8f5d-48aa-8bde-b694ec623d8e,1782297095.514306,1782297095.578152,63.85,200,0.058303023000917165
913e0135-98fa-40c6-b071-ac8333cf8577,1782297095.733737,1782297095.803166,69.43,200,0.06315223700039496
81d7b8d4-9c74-4d5d-9f2b-a941508489ec,1782297095.885694,1782297095.953872,68.18,200,0.06180468300044595
fc95fbeb-191c-42cf-a659-9e51b9b70650,1782297095.913885,1782297096.041145,127.26,200,0.08324244499999622
96667e93-191d-4b61-b8e7-a290899e6607,1782297095.943486,1782297096.020079,76.59,200,0.06920744200033369
5ecdff6b-b97e-46d8-872e-8d03970bcf81,1782297095.991524,1782297096.123198,131.67,200,0.07825141600005736
7f2d5bbb-72c4-414e-b5d2-b5e58dc18fb5,1782297096.324938,1782297096.395760,70.82,200,0.06539859799886472
3ae914fc-6af5-49fa-8dda-539ad521e82d,1782297096.471264,1782297096.533665,62.40,200,0.05709119200037094
592038b6-8b17-4a27-9a37-fb2df0c452d8,1782297096.572079,1782297096.648077,76.00,200,0.07046929799980717
389aa877-4e90-49dd-ad50-3e3d744f58e7,1782297096.592113,1782297096.674438,82.32,200,0.07442547100072261
a3b6b2e5-7683-4d5d-995e-1341d5e0387e,1782297096.610404,1782297096.723294,112.89,200,0.07405878800091159
e174654a-37d9-4f0f-9299-990aa7b8cefd,1782297096.616992,1782297096.747753,130.76,200,0.07249514999966777
6b872db6-af95-41df-b06f-b8c21c2cdfca,1782297096.840401,1782297096.914844,74.44,200,0.06852315200012526
fe706688-e486-4d65-b5c9-2e26d3a3f391,1782297096.942387,1782297097.009824,67.44,200,0.061582401000123355
bc061741-e6fb-48aa-b6a1-8c6fe784d05a,1782297097.018974,1782297097.091415,72.44,200,0.05994446499971673
62e722d2-9b94-400b-aa3d-c2b860a42cf8,1782297097.520560,1782297097.617061,96.50,200,0.08713405200069246
63775826-269f-41d9-b509-73f0e961548c,1782297097.739862,1782297097.815494,75.63,200,0.06882583200058434
73394d7c-2dca-4203-ab65-b926f02c5c79,1782297097.891268,1782297097.963568,72.30,200,0.06634159899840597
95935e09-4bce-4b23-884c-43e216dcf210,1782297097.919723,1782297097.991884,72.16,200,0.0656592190007359
157bd73a-cc53-4917-9197-ecd40f8c7665,1782297097.948639,1782297098.056354,107.72,200,0.0629796940011147
155bdd59-22e9-4f76-8c6b-e25dd3fb18cf,1782297097.996395,1782297098.073398,77.00,200,0.06469293199916137
4986e23b-edb5-4747-ac98-8a984bd52c5a,1782297098.329324,1782297098.395347,66.02,200,0.060255866001170943
a7c990d4-1fcb-4cff-90e5-efb01c3423b3,1782297098.475894,1782297098.539431,63.54,200,0.058074278000276536
6befc91d-148a-40c9-a4c6-5a5dc663ccf5,1782297098.576975,1782297098.655614,78.64,200,0.07197714499852736
6a63488e-d3c5-4355-a9a4-526a3704ef83,1782297098.597183,1782297098.680172,82.99,200,0.07531526000093436
3cda34e7-e892-4681-8b84-c33f05300bdb,1782297098.615032,1782297098.758826,143.79,200,0.07667324999965786
3dab1f1d-fa30-49b5-b0e9-47a8e19b6222,1782297098.621287,1782297098.734492,113.20,200,0.077610709999135
0d0dcfe4-6195-4e2d-a227-bb1693dd9915,1782297098.845404,1782297098.916004,70.60,200,0.06489265700110991
9a03376f-b727-4dfb-81ad-54b9894a12a7,1782297098.947420,1782297099.029193,81.77,200,0.07297874399955617
46c0e303-044e-4600-ada7-442b93ada6f8,1782297099.004632,1782297099.094795,90.16,200,0.06389441700048337
c4727ba6-4ffc-4123-8e07-439524560d55,1782297099.380765,1782297099.461659,80.89,200,0.0723906610000995
adbc60c6-105f-4f6e-9a2c-d08440a374e4,1782297099.544159,1782297099.631531,87.37,200,0.08127015899844992
8c476742-a9fb-45d7-bd1c-f7dfcaf5b0bb,1782297099.659191,1782297099.738271,79.08,200,0.07230289099970832
3f3a4832-7250-4771-87fe-bae8d60fc6fe,1782297099.679607,1782297099.807870,128.26,200,0.0683859279997705
d019eaa0-53ce-45c5-9213-4d3e3bd9146a,1782297099.700521,1782297099.873405,172.88,200,0.0643499329999031
0e1c621c-3390-40a1-86b2-f66b97aebe57,1782297099.707283,1782297099.786625,79.34,200,0.07215022999844223
488c4735-b044-4b33-8137-36a2ec67ed45,1782297099.959067,1782297100.052133,93.07,200,0.0825467380000191
98348ca4-9540-4778-9985-15a86ee51fb8,1782297100.001198,1782297100.137398,136.20,200,0.08174610899914114
912a6f3e-d538-4b4b-86ff-fc974b0392d6,1782297100.334278,1782297100.395131,60.85,200,0.0554930409998633
17c566f9-c69e-4ecd-ae9e-b6ed81090e71,1782297100.480656,1782297100.543144,62.49,200,0.057228513000154635
430924d1-798d-4102-bcce-d6652593e8e2,1782297100.582662,1782297100.656943,74.28,200,0.06833027600077912
2ed9f8f2-600d-45d8-bedc-53ba2d575256,1782297100.600880,1782297100.693353,92.47,200,0.08369196399871726
fc3aaaee-afd9-4cb5-8d46-eb12bc3fb517,1782297100.619776,1782297100.787179,167.40,200,0.08962518699991051
47af4328-d4b4-411f-80eb-826408b117d3,1782297100.627053,1782297100.742317,115.26,200,0.08360747900042043
3b114f92-3eb7-4588-8d5d-fff1a5ba72f3,1782297100.849683,1782297100.918154,68.47,200,0.0632313370006159
89db13e2-38d2-48ed-9677-5707a351c938,1782297100.952606,1782297101.017005,64.40,200,0.05935477999992145
f27ff417-36ce-41c5-a3d9-a37365cca218,1782297101.017239,1782297101.084821,67.58,200,0.05612684100015031
a8013d20-a4ef-43dd-8379-32a456a7d427,1782297101.446895,1782297101.515129,68.23,200,0.06291202600004908
bbc7319e-5f82-460f-b7d9-9d33eb839b3e,1782297101.635715,1782297101.701954,66.24,200,0.060618560999500914
c2454392-4c71-4f23-9656-99414fc90d54,1782297101.764497,1782297101.843793,79.30,200,0.07204650399944512
9ef74ee5-4dcd-4fcd-aa80-a5c0ba5bca86,1782297101.788827,1782297101.915986,127.16,200,0.07103936100065766
ed604ee4-fc5a-4138-b9c7-a7dcf69b65bb,1782297101.813122,1782297101.895988,82.87,200,0.07449278900094214
375f4403-37cc-46b3-9f7f-a46af9706408,1782297101.822018,1782297101.984132,162.11,200,0.06635323199952836
59d8dd25-7fc6-49a9-8b1c-d39f14979d38,1782297102.032892,1782297102.100758,67.87,200,0.05670480799926736
58b82622-c334-4690-8d0c-3001bfff3c22,1782297102.533890,1782297102.598881,64.99,200,0.05923647199961124
4cd414ea-e5b7-4090-a85c-91090b60aaa1,1782297102.753546,1782297102.836190,82.64,200,0.07604290299968852
7387af1b-e9e6-4f8e-93b2-b1a200395fed,1782297102.905689,1782297102.977395,71.71,200,0.06564257600075507
1b1a3854-0be4-49dd-8012-487cbeaaf50e,1782297102.933917,1782297103.003047,69.13,200,0.06327812199924665
db505f7d-87ea-4079-a8f3-0dadf61f82d0,1782297102.962484,1782297103.071514,109.03,200,0.0670393039999908
52883bc6-a1c9-456f-99d6-0739147719ef,1782297103.007952,1782297103.089645,81.69,200,0.06919532900064951
6b38ea0a-426b-4ee1-9c14-6e2c2ca90517,1782297103.341572,1782297103.410477,68.91,200,0.06331671599946276
71e17f85-2791-4f39-b175-15df650d7225,1782297103.487955,1782297103.560180,72.23,200,0.06605654899976798
f2d9bdd8-1159-4cf8-be5d-47db7ebe68a1,1782297103.588680,1782297103.674163,85.48,200,0.07878431899916905
e5a4db13-e3a8-4b5c-94d6-cfa847f86d17,1782297103.609026,1782297103.704788,95.76,200,0.08709773200098425
708c1856-eddf-4a03-9e2e-94ea8f6f3fe2,1782297103.626533,1782297103.865137,238.60,200,0.07835791999968933
8b7e16d3-6cc7-4cd7-a360-5e0a473a35b7,1782297103.633897,1782297103.865587,231.69,200,0.07782275300087349
627ca42a-211b-49e6-9137-8bbb9d4ddf89,1782297103.856816,1782297103.930694,73.88,200,0.06596107599943934
0975c1df-c5fb-4375-b60f-d523e239b4bd,1782297103.959055,1782297104.045787,86.73,200,0.0776163610007643
7135843e-d854-45fa-9462-ed4fe60000c7,1782297104.017408,1782297104.097156,79.75,200,0.0643391560006421
f6d71660-1b5e-4581-ac15-83025c544143,1782297104.391997,1782297104.456419,64.42,200,0.0589589100000012
0f7bf191-bb22-4b47-b491-9d650e605f09,1782297104.556910,1782297104.631797,74.89,200,0.06870340500063321
d9656685-54a0-4caa-81eb-845e37ffac7b,1782297104.670518,1782297104.743542,73.02,200,0.06722810300016135
211ebffc-9989-410a-b98b-73cc0d3fa63e,1782297104.691644,1782297104.768553,76.91,200,0.06937855700016371
07865f30-ed9c-43c3-930d-40b4b7f81fef,1782297104.712896,1782297104.838977,126.08,200,0.06921034699917072
ad1998af-5bb3-4a19-9c90-595f05dd49f1,1782297104.720619,1782297104.817536,96.92,200,0.0719991639998625
23a2450f-2e55-49d4-af66-2cc3246ccf99,1782297104.972538,1782297105.037737,65.20,200,0.059954038999421755
768c9151-0f13-49b6-a713-c2414516d834,1782297105.019396,1782297105.101637,82.24,200,0.06227196100007859
0f347494-a612-4207-b008-1501c492aad1,1782297105.394565,1782297105.460043,65.48,200,0.0592911700005061
f61ba0f2-dc26-4bcc-9fc5-c5fcbc958682,1782297105.558642,1782297105.625337,66.69,200,0.06099919400003273
bfa560d2-1fe2-4218-9a90-37d64d9a970e,1782297105.672857,1782297105.741283,68.43,200,0.06263975899855723
11bf8a2f-b943-41eb-b3e9-2527fce1dc69,1782297105.693850,1782297105.817899,124.05,200,0.07531183900027827
1222cac9-8bb5-45e8-b44f-c122ebbbad1c,1782297105.715363,1782297105.902309,186.95,200,0.08093385699976352
342849e5-c20f-4e61-887c-4351838cc59e,1782297105.723126,1782297105.805512,82.39,200,0.07446170899856952
dfaea4d9-f546-480a-8b54-0748ff12ed6b,1782297105.974817,1782297106.065881,91.06,200,0.08201173800080142
94d2e139-45bd-44cc-a8e8-c9d26f6cd3f0,1782297106.009668,1782297106.099990,90.32,200,0.07681938700079627
79e3b056-4cad-4d4b-b039-ad0dec035279,1782297106.310836,1782297106.386889,76.05,200,0.0693520510012604
07a33282-f4c1-4acc-ade2-404fc07e85d3,1782297106.442445,1782297106.507535,65.09,200,0.05930871400050819
83396874-99dc-4650-a03f-683d49aa2f17,1782297106.533116,1782297106.608911,75.79,200,0.0696193290004885
9bc84574-aa24-4cb6-b122-427c5f4a9567,1782297106.550081,1782297106.627840,77.76,200,0.06980066799951601
81b51eb6-a925-448e-b366-3f9c9486fb83,1782297106.567264,1782297106.681596,114.33,200,0.07048283299991454
2e65ca90-e606-4cdc-87fc-f0a0236c693a,1782297106.572907,1782297106.697869,124.96,200,0.0688160429999698
2e6c0560-59ee-40c4-91a8-af2335072af3,1782297106.774390,1782297106.862551,88.16,200,0.07854463900002884
1a1ea997-db33-417d-8c18-3693709bc37e,1782297106.865988,1782297106.933636,67.65,200,0.06153339800039248
ee02fbc0-3eee-4c38-acba-c57dd1289d1b,1782297106.990106,1782297107.071451,81.35,200,0.07459144600034051
73207089-cda4-4ee7-9f20-80ed6e3b7a97,1782297107.032073,1782297107.158289,126.22,200,0.1080596459996741
8d0bd862-f33b-469a-82c8-ad894dfa5b30,1782297107.461262,1782297107.522620,61.36,200,0.05578591300036351
224dd640-96fd-432b-9064-0e6bce43990a,1782297107.649134,1782297107.717303,68.17,200,0.06261196000014024
47bc8ad3-608c-499a-a9a6-ae1a3d14ec46,1782297107.778846,1782297107.849515,70.67,200,0.06481165500008501
f38bcb1e-93af-4bf9-a241-239edfa691ba,1782297107.803979,1782297107.918890,114.91,200,0.06839756400040642
448c470c-d806-45ea-8800-6eb19ea488d5,1782297107.827750,1782297107.977221,149.47,200,0.0570618599995214
8c19c81e-f0fd-4f02-9a1a-2aded821d325,1782297107.836689,1782297107.913824,77.13,200,0.069529293999949
5af7f94c-b018-4c5e-9c4e-a4bff670ac53,1782297108.026539,1782297108.102879,76.34,200,0.06303825800023333
1c85674e-545a-4c0d-a7f2-741b41d6f2a3,1782297108.401799,1782297108.463110,61.31,200,0.05608361899976444
33092234-b114-484f-80a3-9aba0c1644e0,1782297108.565659,1782297108.628449,62.79,200,0.05709456099975796
6e1fdf24-b6b8-4276-93a3-ea8889810e56,1782297108.679934,1782297108.751524,71.59,200,0.06616048400064756
fa7a477a-abe0-4646-989c-89387c864b0a,1782297108.700864,1782297108.775943,75.08,200,0.06855385900053079
f65d4ecd-e179-4630-8c34-86870230b3b8,1782297108.722921,1782297108.845710,122.79,200,0.06884455399995204
641f0ef3-4757-4139-8422-c622e3b20fa8,1782297108.730659,1782297108.820117,89.46,200,0.06741425800100842
629bf794-b6b3-4c30-9bec-5522b7371630,1782297108.981178,1782297109.043278,62.10,200,0.05704354699992109
d0fca1a2-d448-4500-b1ea-d08b2d84c477,1782297109.035753,1782297109.111383,75.63,200,0.0626944209998328
89af60e2-f555-49a7-b60b-2dd0328c3379,1782297109.464159,1782297109.528844,64.69,200,0.05844219900063763
e2798d2a-3cc2-45c7-aa7b-d1239ebf1328,1782297109.652359,1782297109.712392,60.03,200,0.054386781999710365
1fcf6b98-55a1-4c53-8d86-536af94b9b5e,1782297109.782881,1782297109.845751,62.87,200,0.057133097001496935
7966be75-ff80-43c2-97d0-f491dfd3900e,1782297109.807860,1782297109.875772,67.91,200,0.06228736599950935
4c85c402-8dba-4f11-bc83-55104e3420b4,1782297109.831311,1782297109.905671,74.36,200,0.05860456099981093
4386f8be-e823-4fab-9d21-fc43aa4f27c7,1782297109.840262,1782297109.982173,141.91,200,0.07358419299998786
84cd3a4e-57f7-4b7e-99d3-ffa6bc20bc84,1782297110.049668,1782297110.121156,71.49,200,0.06033163299980515
582c2aad-80c6-4c63-b2bc-034ad8b749f4,1782297110.551052,1782297110.617295,66.24,200,0.05962832800105389
b13d6327-4a41-4654-9bea-a5cdd50ee40d,1782297110.769765,1782297110.828767,59.00,200,0.053767014000186464
eb01c37b-30ea-4c15-b52c-e65dd1180d28,1782297110.922299,1782297110.988485,66.19,200,0.06038228800025536
b8834ef0-59c6-4c4d-9f6d-368a9e62259c,1782297110.950478,1782297111.036208,85.73,200,0.07658526199884363
689275c1-856d-4601-b502-37528c0192ee,1782297110.979732,1782297111.052266,72.53,200,0.062432636999801616
838fb1c5-44dc-4cf9-84db-79072a652f25,1782297111.034955,1782297111.114775,79.82,200,0.06088832300156355
0fbacccd-7883-4fae-8b38-54a36072be68,1782297111.409553,1782297111.496459,86.91,200,0.07786934199975803
b2d8d8ee-247e-49f4-9504-48833ee069a7,1782297111.573969,1782297111.636730,62.76,200,0.058039126999574364
d4ab05e2-f2fc-43fc-88e7-efb96f10bb0d,1782297111.688160,1782297111.751315,63.15,200,0.05756757900053344
f54243aa-1ebf-4b68-9e43-53ff335de994,1782297111.708985,1782297111.777262,68.28,200,0.06265302700012398
ee2d528a-5296-4333-8990-87de55d6d272,1782297111.730381,1782297111.808368,77.99,200,0.05583191600089776
b7fa88ae-0305-4746-b214-cb19494b89b6,1782297111.738209,1782297111.868925,130.72,200,0.05961632800062944
3b428d2f-b484-4304-9586-e4d4001c85ea,1782297111.989293,1782297112.053080,63.79,200,0.05824296399987361
b039ab7e-ece4-45db-9a58-2dd07bfc6952,1782297112.042380,1782297112.110589,68.21,200,0.053842471999814734
d44ec8b9-efdc-40dd-9d85-de9a6a781ea4,1782297112.471507,1782297112.531558,60.05,200,0.0549543220004125
2270ec10-e2ee-45d6-9b22-72c16465ecd8,1782297112.659189,1782297112.736762,77.57,200,0.06894339300015417
5f778181-caa1-43b1-8524-017741e43a98,1782297112.790203,1782297112.859847,69.64,200,0.06420014899958915
1a2ab9b0-ac93-468a-97cd-1699eed98c6f,1782297112.814127,1782297112.882385,68.26,200,0.06292938499973388
cdd54cd9-c814-4519-95e9-02bfa7b59aff,1782297112.838402,1782297112.938175,99.77,200,0.05457031299920345
3ddfb115-e9ef-42de-a60b-330db9c42470,1782297112.846375,1782297113.000705,154.33,200,0.06142407299921615
730de16d-8b52-4828-b8a7-8c6c36da45ff,1782297113.070485,1782297113.136273,65.79,200,0.05564978999973391
c6a6c524-5be0-4718-8c10-2d36f765886d,1782297113.672953,1782297113.734938,61.98,200,0.05678022500069346
2d381740-b61a-4e5f-94e9-43a5a4967467,1782297113.935527,1782297114.010930,75.40,200,0.06737465100013651
9daa7f0a-f449-4307-ad3c-f3e2754784a2,1782297114.058018,1782297114.123631,65.61,200,0.05434319400046661
e6ba8f9f-4fb8-4bc8-a215-658b4d4bfa01,1782297114.118486,1782297114.204482,86.00,200,0.07631891300115967
02903f41-8b12-4f7a-84c3-55fa8c70b0a3,1782297114.151874,1782297114.218656,66.78,200,0.06118750399946293
76010223-2efc-4e3c-9a84-e3b077580b45,1782297114.558454,1782297114.617609,59.15,200,0.05416500399951474
6189315a-38a0-4d0e-8944-876b0f9f43d8,1782297114.778103,1782297114.852287,74.18,200,0.0654556120007328
5135f9a2-1143-4a8e-b2bf-80ea892d0504,1782297114.930807,1782297115.000556,69.75,200,0.06398295600047277
1b5ce668-be45-4f27-9294-43b267cdb0a6,1782297114.958878,1782297115.082252,123.37,200,0.07845358600025065
9bc66772-e0fb-4650-8937-2558dd79b809,1782297114.988326,1782297115.062141,73.81,200,0.06640861599953496
195d1297-16e2-4e43-bf3a-0a054052561f,1782297115.060360,1782297115.149754,89.39,200,0.07192142399981094
95c2c144-66fa-4b9a-9c2a-1b2f367b596f,1782297115.561963,1782297115.625505,63.54,200,0.058330196001406875
38adf8e9-ac49-43e7-a4ca-92b2693f18f2,1782297115.780030,1782297115.842302,62.27,200,0.057046398000238696
6429d10f-69ba-403a-97e8-04a446f51823,1782297115.932741,1782297115.997285,64.54,200,0.05938061400047445
d35c7e90-3eb4-4235-8146-ed32ec99e920,1782297115.960712,1782297116.029283,68.57,200,0.06251906299985421
ad73b2f7-ea53-4c84-9fac-318c32009906,1782297115.989079,1782297116.096586,107.51,200,0.06615878400043584
85efe36e-bbef-4223-8268-12c846cb4fe8,1782297116.063788,1782297116.152367,88.58,200,0.05370409300121537
ecc756fb-8592-41d4-b12f-20c37a8d6e5b,1782297116.565213,1782297116.634660,69.45,200,0.06208996900022612
b81d4624-fc04-4f86-ade6-406bd6e23335,1782297116.784170,1782297116.845355,61.19,200,0.055745657000443316
5b066281-6d7f-4759-9dd3-022de6795744,1782297116.935840,1782297117.004108,68.27,200,0.06190047200107074
994a20da-c509-4e39-a0b9-d06043ef6ed3,1782297116.964901,1782297117.072734,107.83,200,0.06843851400117273
a0508b30-de7d-4b24-97fa-e99a99e1c80a,1782297116.993473,1782297117.056190,62.72,200,0.05642998300027102
43220de2-aef3-4b13-b225-e87ed16a6e0c,1782297117.054952,1782297117.129965,75.01,200,0.05564278500060027
39548feb-afaf-4d2c-a4f6-c9e35e841fcd,1782297117.483960,1782297117.545485,61.53,200,0.055478701999163604
1d90e030-dafc-47da-ba29-b5ccb03a12cb,1782297117.671916,1782297117.752080,80.16,200,0.07173918199987384
7513f701-af1e-4f2d-820f-b0e9b029fec6,1782297117.802526,1782297117.880285,77.76,200,0.07235645699984161
551c52a6-89ae-43b3-8166-e49afd14a9e0,1782297117.826686,1782297117.960900,134.21,200,0.07852493799873628
c1ade52e-c43b-4428-936b-aa42b9cc9574,1782297117.850944,1782297117.939525,88.58,200,0.0801200770001742
4bbdfeca-8c50-4629-b638-1873d16286e6,1782297117.859694,1782297118.022753,163.06,200,0.061090719000276295
00fbb2e1-7d8a-433b-a897-6bf0a25019ee,1782297118.056450,1782297118.120925,64.47,200,0.05360570300035761
1749dead-5749-49a0-802a-44c0d1123d03,1782297118.485905,1782297118.543464,57.56,200,0.05223611299879849
0ece11ff-e32d-4489-964c-8da8bf359df5,1782297118.673095,1782297118.756422,83.33,200,0.07465995100028522
698b6510-5a33-4fd1-83e9-1dfd3d6e8680,1782297118.803916,1782297118.887334,83.42,200,0.0777348579995305
985ab597-68eb-4770-afa3-d3a85debd73e,1782297118.828245,1782297118.948406,120.16,200,0.058958737001375994
1903abe1-8bf4-4c6c-8e10-6762b75c1e90,1782297118.852611,1782297119.093171,240.56,200,0.07664731600016239
524050b1-8b51-4d90-b0a8-466ca5d0104f,1782297118.860505,1782297119.093481,232.98,200,0.06427069900018978
cabafb72-a1dd-48f6-af79-86c16bfe43af,1782297119.050070,1782297119.158883,108.81,200,0.06466347599962319
1443e856-d5e7-418b-bcc4-8b0ad0e08653,1782297120.633025,1782297120.777909,144.88,200,0.13713315299901296
4cecb34c-5adb-4c5b-953e-9fa110a1e886,1782297120.746578,1782297120.893901,147.32,200,0.13797208200048772
25e938f0-3ce9-45a1-86c2-caf2d5167067,1782297120.768098,1782297120.907625,139.53,200,0.12462403000063205
7f17a615-884b-4417-b167-db4f5ffa9546,1782297120.788734,1782297121.009879,221.15,200,0.11335145100019872
4ef389e4-c65c-440d-b5fd-5e1839fe222c,1782297120.796355,1782297121.025718,229.36,200,0.11597437000091304
0533b989-17e7-41d6-af12-64335c48211f,1782297121.048329,1782297121.121789,73.46,200,0.06698927000070398
8ba5f59e-09fc-46af-9834-6fdad52540cb,1782297121.131110,1782297121.208161,77.05,200,0.06422936300077708
ca415792-8739-42c8-b0ce-7194c67ddbf6,1782297121.632105,1782297121.703408,71.30,200,0.06421667900031025
260c3163-ed8a-46ef-add9-a652bdebc70d,1782297121.851188,1782297122.015112,163.92,200,0.15494984999895678
8b0636db-f250-47dd-a037-47e2ab5871f1,1782297122.008543,1782297122.204773,196.23,200,0.18598040399956517
51121a4c-972a-4c48-b957-27d9829ba24a,1782297122.031806,1782297122.166015,134.21,200,0.1252886819984269
fb8693f2-3c11-47d9-8613-d12c4ee6dffa,1782297122.060491,1782297122.266560,206.07,200,0.09834037099972193
55d7f4dc-70fd-49f6-bd43-5550b0d98542,1782297122.112855,1782297122.308930,196.08,200,0.10188602100060962
069ee516-2d8e-4404-9d22-cccb59518a0b,1782297122.542132,1782297122.737256,195.12,200,0.18537796900091053
6bc9af95-d957-4462-aa35-a5114a8fcd15,1782297122.730171,1782297122.889509,159.34,200,0.14738563900027657
457ad280-c293-4e54-9689-6e5eda7ce87e,1782297122.860000,1782297123.070054,210.05,200,0.20065312800034008
654b5a0a-b907-424b-9543-8a071a2de98d,1782297122.884721,1782297123.077946,193.23,200,0.17550796100113075
90e96575-3e63-453b-808b-b944b5b0e272,1782297122.909187,1782297123.226125,316.94,200,0.14594587499959744
95dfca9a-6103-4a72-b72b-8e22e0b66147,1782297122.916821,1782297123.327508,410.69,200,0.09881742799916537
836effbb-da9a-4ae1-bb99-88e563ddfab5,1782297123.145720,1782297123.515872,370.15,200,0.18356367500018678
e4f6f438-048c-4922-afd1-391a48f5437f,1782297123.747111,1782297123.905458,158.35,200,0.14911229999961506
fde10830-d8a8-469e-957b-7d5b70cebf05,1782297124.011160,1782297124.212005,200.85,200,0.19269054199867242
1dbbb1c3-5b05-4dfa-8937-cd3be2ddfa2c,1782297124.121576,1782297124.284072,162.50,200,0.13242825499946775
14cbfbd3-f167-43bc-8cde-89303380b11d,1782297124.192773,1782297124.320464,127.69,200,0.1066025800009811
f751237b-bd76-4308-8cec-8d432fe5f5e4,1782297124.226875,1782297124.403093,176.22,200,0.07977309899979446
f56ee84a-36ca-4231-b64d-453d1c91f2e3,1782297124.550528,1782297124.681666,131.14,200,0.12139873399974022
b168db4d-6ccf-4309-9a39-b1d65f2a95be,1782297124.738275,1782297124.950791,212.52,200,0.20425154399890744
fd291e60-0087-46c5-9d61-331023167e99,1782297124.869182,1782297125.136618,267.44,200,0.2508184340003936
41b7d9cd-107f-4c40-b201-bdb6de4091f8,1782297124.892751,1782297125.257755,365.00,200,0.11954159599918057
081c5667-34b3-47cc-9a3b-2158146776c0,1782297124.917292,1782297125.188597,271.31,200,0.23612361799860082
96b6363f-7829-4e87-bf15-50f7742d1450,1782297124.925882,1782297125.367353,441.47,200,0.14026118599940673
c2e16544-62b5-4f4e-aeb4-4dd4d24ad4f4,1782297125.135973,1782297125.546049,410.08,200,0.18845812299878162
3c767b61-1f1a-4f11-9ec4-18b90c6cbf32,1782297125.637295,1782297125.761162,123.87,200,0.11530209200100217
a2731d59-333b-432a-921e-026c6e3bb989,1782297125.856987,1782297125.963829,106.84,200,0.09889525099970342
717a7727-b805-48e9-9f62-ce1c267c66ae,1782297126.008499,1782297126.098082,89.58,200,0.08280379099960555
9e12f22f-b989-4b12-b5ea-dbd7321ebc15,1782297126.036951,1782297126.168898,131.95,200,0.06925944700014952
53ac2335-99dd-4242-995f-7e525d992e45,1782297126.066348,1782297126.331196,264.85,200,0.08313122899926384
f069608a-4e13-4682-9de8-3fc86ff4ff5d,1782297126.110922,1782297126.331375,220.45,200,0.07232738499988045
4e7bb8d6-3ecb-40d4-8e1c-9d2a7ceb8eba,1782297126.444364,1782297126.548522,104.16,200,0.09484363400042639
c28992e1-6cfe-4568-b318-3631ddb93b48,1782297126.590504,1782297126.721758,131.25,200,0.12261492399920826
f3330361-bb60-4fcb-a3df-1d065a8a40d2,1782297126.691348,1782297127.041433,350.08,200,0.32515292200150725
a501a588-8ee5-4fac-b14c-d905cb9d3958,1782297126.710922,1782297126.868531,157.61,200,0.12593620400002692
0c9d0e2d-aae6-45b9-88f5-64a1011a81c0,1782297126.729588,1782297127.110384,380.80,200,0.23834701199848496
387fd221-606e-44ed-b522-841226b16cc1,1782297126.735819,1782297127.277917,542.10,200,0.2346692160008388
f16715fc-0777-4592-aec5-cbe0fae786fa,1782297126.959231,1782297127.273342,314.11,200,0.14803923100043903
597b3f4e-685b-4b30-b367-ced51bad8edc,1782297127.065714,1782297127.411227,345.51,200,0.13487425799939956
4a969db8-d554-488a-aa43-97197341b5f4,1782297127.153649,1782297127.532650,379.00,200,0.11182558800101106
ec69d751-934c-4b6b-8ed3-03c106dec58c,1782297127.654227,1782297127.747847,93.62,200,0.08417795800050953
d4d103fa-31ff-4fe6-ba3b-fc787800a4e5,1782297127.873765,1782297127.982336,108.57,200,0.0992840779999824
39ac830c-832b-4218-8cce-8c96683b78f2,1782297128.024945,1782297128.144536,119.59,200,0.11100937800074462
64579473-dda1-43ec-a44e-da0e77535079,1782297128.053398,1782297128.230153,176.75,200,0.08317509699918446
8bb5b539-8133-4e85-a2e7-0e7711265522,1782297128.083127,1782297128.328446,245.32,200,0.09474607800075319
c46e6bdc-e2c5-42e2-af71-2f6634d860b1,1782297128.149299,1782297128.263242,113.94,200,0.09047113199994783
665ef52a-7ad8-455f-9e06-68f7650659a1,1782297128.650299,1782297128.820302,170.00,200,0.16151968499980285
4caef0e0-67b3-415b-813e-a1ab6d19a02e,1782297128.869917,1782297129.009501,139.58,200,0.13085054400107765
50908755-f7f6-4ccb-ba4c-989e3a51e161,1782297129.022358,1782297129.274921,252.56,200,0.24338509299923317
9b71b18d-ccc2-4662-b501-c8133d74bbc1,1782297129.059037,1782297129.195803,136.77,200,0.12373848799870757
d240777b-14d2-4e82-b95c-49924bbfec7d,1782297129.078739,1782297129.408566,329.83,200,0.1309075169992866
f59d81ab-76dc-4aef-8e1a-2a9b1dca9438,1782297129.196775,1782297129.396411,199.64,200,0.1768326569999772
1fd89d10-e10f-42f6-9ea9-937117271d43,1782297129.502618,1782297215.432186,85929.57,200,0.08174124200013466
5d491ef1-ec68-4527-bfa9-15ed4bc3a939,1782297129.532899,1782297216.105711,86572.81,200,0.05988620899915986
7db5724c-5f77-4c3a-aef7-c2e23639ca43,1782297129.581709,1782297129.656073,74.36,200,0.0668970349997835
d5648604-ff23-469c-a62d-c58949e95e44,1782297129.769646,1782297129.840987,71.34,200,0.06575372299994342
aad524f8-54a4-45fa-92bf-8e0c0aed64cc,1782297129.901572,1782297129.992667,91.09,200,0.08403853599884314
71dcac1d-2809-4d69-8992-76da6732e3ca,1782297129.924751,1782297130.062444,137.69,200,0.06859267199979513
7327a463-838e-470b-ae09-0670bf0697f1,1782297129.949242,1782297130.027449,78.21,200,0.07070509400000446
5f801602-ab61-4fb0-aa5b-d5ae8b838160,1782297129.957258,1782297130.124851,167.59,200,0.06052418299987039
e6c59dac-d4cf-45d4-8cf6-bcf62a111b98,1782297130.125427,1782297130.196578,71.15,200,0.0583058299998811
35a8d12f-b57e-4bf4-ba6d-d8077b5c074d,1782297130.459463,1782297130.523572,64.11,200,0.058378031999382074
1b31adc9-30c6-491f-8103-268e66da74fb,1782297130.605177,1782297130.675476,70.30,200,0.06465776999903028
eab78df5-571c-463c-bfc1-905199a98c1e,1782297130.707001,1782297130.781500,74.50,200,0.06805943200015463
2af7811c-1a18-4479-965d-737dd54b65d7,1782297130.725168,1782297130.805034,79.87,200,0.07139145799919788
23ad5d08-c719-4eda-b7cf-5164e6cec259,1782297130.744937,1782297130.883496,138.56,200,0.09858081400125229
0c227146-8bb9-4417-9c61-0e48293c7904,1782297130.750494,1782297130.887935,137.44,200,0.08194120799998927
e32a66f8-c4ef-46db-b2ef-070338e47c6d,1782297130.974461,1782297131.043861,69.40,200,0.06331545600005484
85029edf-3d6a-4773-86cf-3760edc3d3ef,1782297131.076339,1782297131.140432,64.09,200,0.05868709899914393
8bb33c3f-e006-4f01-a462-a2258717b03a,1782297131.168073,1782297131.244047,75.97,200,0.06243130700022448
5b4b6c39-b822-4fc1-aeec-4b44c7196343,1782297131.770364,1782297131.910498,140.13,200,0.12680162700053188
bf34c2ae-225a-4f67-8487-9e6f947b5fd5,1782297132.033387,1782297132.097730,64.34,200,0.058910809999360936
b08bc5b2-e1ea-4ce7-b52a-4ae77b20e8aa,1782297132.123657,1782297132.197817,74.16,200,0.06309870000040974
ea65c2f7-c1a3-4dc4-9629-b816c7b46811,1782297132.215331,1782297132.287118,71.79,200,0.06560236000041186
a2c36164-048b-4d78-8de9-05613449ddf5,1782297132.249452,1782297132.345026,95.57,200,0.05706493800062162
eb507086-3646-4c7d-aacd-4b9d50afb04f,1782297132.424651,1782297132.499624,74.97,200,0.06958207100069558
c6243253-b9bf-49b4-b41d-db0b3c2982eb,1782297132.556132,1782297132.620819,64.69,200,0.058755989999554004
cd8deb64-d829-4516-be85-9170b52d3045,1782297132.648284,1782297132.749179,100.89,200,0.0913187360001757
0fbeeaf2-27e7-40e8-b671-34037fe5fa80,1782297132.664209,1782297132.768623,104.41,200,0.0938935140002286
f1fba64c-1191-4247-b67a-d5d1139ae862,1782297132.681945,1782297132.840631,158.69,200,0.07079309599976114
f6203f34-51d8-42cc-be37-fdf552415e72,1782297132.687708,1782297132.919693,231.99,200,0.07508424300067418
9067a003-c0a8-4ab7-80ec-d5996b81d835,1782297132.888316,1782297132.959477,71.16,200,0.06570987799932482
a26dea75-81b3-4537-ac9e-71f01168b631,1782297132.980889,1782297133.043629,62.74,200,0.05738349199964432
b1d1cea6-6632-4318-898d-f1624e767c4e,1782297133.104101,1782297133.173205,69.10,200,0.06332247499994992
b6791a7d-9474-4c40-8643-418777d8d33f,1782297133.157963,1782297133.232507,74.54,200,0.057604141999036074
3fe8ce7a-ae5c-4627-9585-202b7f3cf14b,1782297133.658200,1782297133.724465,66.26,200,0.060216380001293146
f0224d15-9ebf-4d8c-83e2-263df2ab0275,1782297133.878115,1782297133.965433,87.32,200,0.07749669999975595
133a5706-bdee-4077-9b78-7de73e2ef84a,1782297134.030037,1782297134.095853,65.82,200,0.06062583600032667
1122b47e-1a84-4fbf-bed5-39d55cbd32bf,1782297134.058177,1782297134.164703,106.53,200,0.06693569900016882
8508fca8-48cb-417f-a50f-fa470ca51bac,1782297134.086948,1782297134.169471,82.52,200,0.07478251400061708
9de273f6-c4d0-42d3-9206-0530a11bbc9f,1782297134.161117,1782297134.236775,75.66,200,0.06224917599865876
7024e49f-b712-49b0-8e8b-f929105b38e3,1782297134.661922,1782297134.742485,80.56,200,0.07280148600148095
3fecaf03-6b3e-45df-9a55-bd32415d2b1b,1782297134.881159,1782297134.955692,74.53,200,0.06762406099915097
c2b3fb11-be36-4a3e-ad9e-65af3237d516,1782297135.033269,1782297135.105014,71.74,200,0.06592660700152919
b1782a1c-ec0b-4fb3-8473-4a5bb485dd0c,1782297135.061256,1782297135.136101,74.84,200,0.06793010299952584
a8e7fb27-4abb-42ac-97bc-b543a54d4406,1782297135.090344,1782297135.202053,111.71,200,0.06424823199995444
fa23cb1e-a0e9-4137-8231-f8743b134d57,1782297135.144817,1782297135.221234,76.42,200,0.06348241699924984
39f1779c-3f92-47d9-aab2-46ccdf7ce9ab,1782297135.519225,1782297135.586647,67.42,200,0.06045914099922811
4eea6e7e-b1af-4ac8-8005-f1eac9b4e1bf,1782297135.684309,1782297135.780312,96.00,200,0.08723159600049257
0b7956bb-b4cc-455d-bc98-61fde7c83443,1782297135.797844,1782297135.875868,78.02,200,0.07044349700117891
d99d1123-4375-49e0-9012-642204418846,1782297135.819154,1782297135.891159,72.01,200,0.06525749600041308
8f274b5d-1eb8-48b8-b9a5-c937f5954669,1782297135.840863,1782297135.958413,117.55,200,0.0659410129992466
a24ccbc8-021f-4792-af52-1bfb06876dc8,1782297135.847649,1782297136.017726,170.08,200,0.058026941000207444
76d2b5c5-316e-434b-91a5-1391dceb2056,1782297136.099254,1782297136.160718,61.46,200,0.05602994600121747
1ed387d0-3286-401c-aec3-c09e7c2a97be,1782297136.180047,1782297136.251338,71.29,200,0.05925204699997266
2e92c10d-1074-4a85-8ac8-bff5cce4e9cc,1782297136.782123,1782297136.847460,65.34,200,0.059265326000968344
2bb15b08-f673-4aaa-85b3-38a0ddbf38a2,1782297137.045078,1782297137.116500,71.42,200,0.06543867999971553
bdefb30b-947b-4538-8faf-f0849788b515,1782297137.184749,1782297137.260344,75.59,200,0.06282717899921408
32a91f0b-2049-460e-9f57-02a43557a2a2,1782297137.228086,1782297137.320631,92.54,200,0.05944460200043977
1423d290-c587-4e01-a3a4-27425e48bfb3,1782297137.261347,1782297137.384148,122.80,200,0.062203813999076374
f3cec24c-df0e-48c8-8c64-b914e47eec8b,1782297137.786098,1782297137.856833,70.73,200,0.06389492699963739
71b696be-ee85-4747-a0c7-0d719ef4ffd2,1782297138.049444,1782297138.114857,65.41,200,0.0597690340000554
99fda91e-4e93-4d9a-9844-c2c33c5188b6,1782297138.151672,1782297138.228751,77.08,200,0.06415036199905444
5e8bcdbd-7b29-43c4-a932-4fdf056fcc98,1782297138.232414,1782297138.318738,86.32,200,0.07881773999906727
222efa6e-0110-464a-a04a-bb6db16fcb22,1782297138.266178,1782297138.380800,114.62,200,0.06097395800134109
6d7a3f3c-8556-4ead-a20f-370c1e6dc706,1782297138.526155,1782297138.607819,81.66,200,0.0729266149992327
479ef600-4b92-478d-9a1b-a7fea5a23aa7,1782297138.691388,1782297138.772314,80.93,200,0.07471527200141281
8354e0e7-8030-4755-8ed8-4b2d473e03e8,1782297138.804900,1782297138.872201,67.30,200,0.06152418400051829
767e3054-5e30-4146-8ef2-2d46d4231a35,1782297138.826102,1782297138.937320,111.22,200,0.06385564199990768
4b695c86-1feb-485c-a74b-60835837d578,1782297138.847894,1782297138.999616,151.72,200,0.06108319600025425
49e8ccc7-1248-45d3-a11f-6d45e836af25,1782297138.854820,1782297138.926334,71.51,200,0.0638398330011114
aee08120-a534-4cf7-8f2a-75d7aa18e0e9,1782297139.106205,1782297139.169407,63.20,200,0.05748871700052405
ffabfad7-5576-4d40-b0b7-fc622df17856,1782297139.153806,1782297139.224312,70.51,200,0.0566995590015722
b33b2fa2-3fc9-4f77-90a5-57bc7051e493,1782297139.528022,1782297139.611680,83.66,200,0.0745246299993596
46a591b7-c016-4015-94a9-d7777e73ad33,1782297139.693195,1782297139.763202,70.01,200,0.06417044099907798
af380c63-a727-4d9e-b985-13fec274276e,1782297139.806891,1782297139.888309,81.42,200,0.07346521699946607
60bd0fd1-8b9c-4252-a6d8-89db816dd439,1782297139.828456,1782297139.908246,79.79,200,0.07207663000008324
3280b037-ec99-4f2a-8bfb-8b6cdfd00368,1782297139.849613,1782297139.977007,127.39,200,0.06774346800011699
607c8df1-8688-402e-b664-48ea15cb4f13,1782297139.856455,1782297140.040581,184.13,200,0.061954200000400306
167116e3-5a5d-4a69-8556-95116d76d5f7,1782297140.109113,1782297140.176420,67.31,200,0.06165674499970919
2f5f4519-77c0-4b01-98bf-ec7950a987b2,1782297140.164685,1782297140.242197,77.51,200,0.06252285099981236
0af63011-fc90-4a4c-950b-ab21cbf445fa,1782297140.594191,1782297140.653155,58.96,200,0.05346217299847922
828f1116-0dff-4f88-881e-cdd120dac992,1782297140.781756,1782297140.839889,58.13,200,0.05264364499998919
45840c16-33ac-4db1-8ef6-d46bce5aab9b,1782297140.912316,1782297140.973583,61.27,200,0.056256256999404286
c206f7a6-6ae1-4615-9446-51874f42b2b6,1782297140.936129,1782297141.033571,97.44,200,0.05876985299983062
d17bd476-a469-4698-aee1-fabd67ac2c55,1782297140.959914,1782297141.095837,135.92,200,0.06080732000009448
75e29c31-6020-4a72-87ca-460394cae15d,1782297140.968825,1782297141.035640,66.82,200,0.05973590699977649
e671c38c-6722-45f0-9cb6-14e02ec90999,1782297141.177241,1782297141.243734,66.49,200,0.054460065000967006
4d1aa96c-84e1-42d9-b093-02cc6bb42e9f,1782297141.678764,1782297141.740700,61.94,200,0.057235971000409336
c98a2ba7-2ce6-4b2b-ad12-51a7d28fc7d8,1782297141.897147,1782297141.965138,67.99,200,0.06289215400101966
1ebcb926-683e-4b8b-8632-9d276a7c69c3,1782297142.049700,1782297142.112217,62.52,200,0.057939360000091256
5b2061ba-185f-4738-9fbe-0b7c21496c4e,1782297142.077590,1782297142.141913,64.32,200,0.05868994900083635
96bcb14a-9036-42e1-a4e3-6fa37bd20d98,1782297142.106402,1782297142.209783,103.38,200,0.06643845799953851
72739c96-0324-4fd2-8a2d-f8c67778b338,1782297142.180720,1782297142.255444,74.72,200,0.05962683399957314
6fdfbe60-7ae3-44d2-8557-b6f63b965b14,1782297142.681482,1782297142.740502,59.02,200,0.05393839299904357
56568a93-cc60-48e9-8068-a6ce119cd10a,1782297142.900864,1782297142.973625,72.76,200,0.06656401000145706
ffb18ec8-3031-4263-9b3d-e0f8ef06e28d,1782297143.053035,1782297143.115361,62.33,200,0.05727808099982212
a7412b72-042b-4bca-bfc6-b73800a5a874,1782297143.081113,1782297143.186427,105.31,200,0.069986684999094
fc1b26a1-fcc7-4ae0-b481-d185283f67c4,1782297143.109769,1782297143.179904,70.13,200,0.06381599999986065
af65f555-904c-4f97-947e-3e4954722f3b,1782297143.157260,1782297143.248466,91.21,200,0.06030859599923133
d7c575b3-ae82-4369-adeb-94d031f1fd55,1782297143.490065,1782297143.560269,70.20,200,0.06481898200036085
807a7aff-3cb4-4c7a-add1-587550c85913,1782297143.636694,1782297143.695550,58.86,200,0.05346337099945231
3e41bdb7-1707-47d3-a540-81bace0fc480,1782297143.738045,1782297143.801619,63.57,200,0.05836155900033191
cc00f32b-7c4c-4cc0-9a04-895249a10751,1782297143.758018,1782297143.860290,102.27,200,0.05764629899931606
fbbb4b6f-f6fe-4463-9842-3f0ae6a23c1c,1782297143.775727,1782297143.928781,153.05,200,0.06679601699943305
79810964-48a6-4d54-b490-1287c8be4f51,1782297143.782141,1782297144.015472,233.33,200,0.08138947900079074
55878ccb-25a0-4f6a-924a-50bee84805d5,1782297144.006503,1782297144.075820,69.32,200,0.06327358900125546
41eed816-4add-4954-a64c-1c60a7e14af2,1782297144.108194,1782297144.168105,59.91,200,0.05457036500047252
e4c8598e-8347-40e8-a409-dbc253283299,1782297144.164865,1782297144.234032,69.17,200,0.057732762999876286
5da6aff8-39ae-4363-a815-69aa3110e111,1782297144.539887,1782297144.622078,82.19,200,0.0751451989999623
eb51e06b-61fb-4a8c-9534-f11738b763cd,1782297144.703738,1782297144.777700,73.96,200,0.06853327300086676
cc99c2d8-d622-4740-84c2-b28ac209c092,1782297144.818156,1782297144.883331,65.18,200,0.059015586999521474
d28c7b9a-2fa0-419e-897b-781dcba02f52,1782297144.839298,1782297144.907082,67.78,200,0.061128322000513435
8b518bf5-f157-4237-8de4-9306b90b6e6d,1782297144.861004,1782297144.964504,103.50,200,0.07741052599885734
d7294721-321b-426f-a059-43d30f5e432e,1782297144.867936,1782297144.968700,100.76,200,0.060620836999078165
b1ff0183-73f4-40e1-9e3f-66f37fcc5c07,1782297145.119229,1782297145.192069,72.84,200,0.06713673500053119
c90c48fa-526b-4bdc-b049-0243112c59e7,1782297145.167629,1782297145.243950,76.32,200,0.061373161001029075
d7f9fad8-2cd0-466c-adc8-69894647da12,1782297145.541816,1782297145.604473,62.66,200,0.05733108799904585
8a0a3a0e-7556-4c2e-b486-e5c381acebb6,1782297145.706945,1782297145.770353,63.41,200,0.057696762998602935
3d277faf-a549-4f75-9e01-09cf99e49c21,1782297145.820860,1782297145.889776,68.92,200,0.06290563699985796
535f6e4f-3b82-4dd4-aacc-e0ca245f3204,1782297145.842013,1782297145.914043,72.03,200,0.06430763800017303
e21a190c-0e8f-493a-ae47-a9f75e207363,1782297145.863131,1782297146.002839,139.71,200,0.08043984900177747
e3e731d1-c93a-4b54-9cc7-17680e5b467e,1782297145.870463,1782297146.071505,201.04,200,0.0682809139998426
348d1d9d-fa8b-4faf-aa7c-48e9a71c7f67,1782297146.121987,1782297146.194783,72.80,200,0.06590603999939049
0acd4d06-1cb4-4295-8bb9-a2c0c71626c8,1782297146.163803,1782297146.246741,82.94,200,0.06678484599979129
b2e5665d-dcf5-4a58-9eb9-22a62f7d02c1,1782297146.497733,1782297146.555790,58.06,200,0.05259821599975112
ec06ec42-1e7e-414d-b728-527480fbf58d,1782297146.644229,1782297146.705921,61.69,200,0.05622945699906268
8907ef3e-cdf7-405c-a2c4-296693c1a3bc,1782297146.744372,1782297146.811358,66.99,200,0.059664186999725644
d746f9e0-245e-46e8-b595-21d0be9f7816,1782297146.764466,1782297146.985706,221.24,200,0.09576244999880146
7c5bc6e6-6ad2-4e63-8616-dbe33f7e4dcc,1782297146.782777,1782297146.854325,71.55,200,0.06498528799966152
43cb05b5-6d6c-4dbf-afc8-49fa1ed25200,1782297146.789214,1782297146.985380,196.17,200,0.07281710500137706
06f3546e-25c7-447d-9202-73e531bc0141,1782297147.013300,1782297147.079320,66.02,200,0.0592790699993202
4fbe0561-06f6-49a8-a91c-4623992b45d7,1782297147.114784,1782297147.207107,92.32,200,0.08410350600024685
6be89509-fca8-462d-b239-62b42121766f,1782297147.180242,1782297147.262236,81.99,200,0.06509195199942042
91606a77-5f0d-44bd-8ea8-3f046de4e8db,1782297147.609038,1782297147.666503,57.47,200,0.05231835199992929
6b532574-204f-42b8-ada1-2afedf85436b,1782297147.797059,1782297147.875792,78.73,200,0.07001759800004947
9128a6ac-6379-4e44-87e8-86802b163949,1782297147.927292,1782297148.023532,96.24,200,0.08464905400069256
e07dcdba-b3ec-469d-889e-5184d116c591,1782297147.952164,1782297148.023757,71.59,200,0.06409352399896306
268c0c21-6cae-4963-a5e6-e0464b1b0a03,1782297147.975755,1782297148.172818,197.06,200,0.08108223799899861
a19da390-02c2-4bdf-b17e-9cad39e38017,1782297147.984167,1782297148.088999,104.83,200,0.06409357499978796
45ab7bd5-df66-4d6a-affa-32ac35e88c07,1782297148.162913,1782297148.246126,83.21,200,0.07047937500101398
54ae1cd4-d248-4d87-a6a8-881d5764775d,1782297148.463826,1782297148.532631,68.80,200,0.06302749099995708
6758d611-75e9-444e-aafd-654d7e50abc8,1782297148.595181,1782297148.652433,57.25,200,0.05195950800043647
0926f42c-b54d-4d53-9d25-9adbc0eb8362,1782297148.686916,1782297148.751571,64.65,200,0.05958507699870097
29dbe063-5af1-461c-a337-495eca4faa6b,1782297148.703844,1782297148.769266,65.42,200,0.059459661999426316
9f3c9323-0d2a-4043-9678-dc8dfb271df1,1782297148.720478,1782297148.825626,105.15,200,0.0550012309995509
35d38214-6335-4348-af22-611395e49cf3,1782297148.727104,1782297148.890548,163.44,200,0.06386277000092377
96ccf4b0-f92a-4a45-ad5f-b76e44ef3884,1782297148.927972,1782297148.990290,62.32,200,0.056835683000826975
c6c4f241-8932-4617-a91e-51de3ad4f39d,1782297149.019787,1782297149.080631,60.84,200,0.05587600699982431
ee1b5a0e-8bcd-498c-8a31-f8d652523fab,1782297149.143027,1782297149.204405,61.38,200,0.05614608499854512
3d21455d-9ee3-476e-a2c2-14b097c22848,1782297149.177159,1782297149.247373,70.21,200,0.05817711899908318
c5bf8847-4437-4ca6-9d59-02696bf2c4b9,1782297149.552150,1782297149.630959,78.81,200,0.07008631799908471
56c2f4d7-9da2-408b-ac8b-92e4a052ab89,1782297149.716453,1782297149.794695,78.24,200,0.07032016400080465
53870c8a-4791-4e64-a8f3-6b7b5f45a9a6,1782297149.832109,1782297149.918219,86.11,200,0.07905734099949768
ddc0f5d5-8951-48b1-a4bb-f07bcb79c522,1782297149.852074,1782297149.943673,91.60,200,0.08462330800102791
30b36231-4010-4911-aa19-1e381b449b01,1782297149.872957,1782297150.012724,139.77,200,0.06781417299862369
9ccceb01-1740-4660-b174-65d8d1e67b43,1782297149.880442,1782297150.073952,193.51,200,0.06022266500076512
7120a37a-e6cb-4f44-9b07-6bfa7008bbb4,1782297150.132325,1782297150.207940,75.61,200,0.06730418400002236
e88273f0-1e03-422b-9459-c4eefac9a871,1782297150.198416,1782297150.272263,73.85,200,0.05970768400038651
5192093d-644f-4209-ac07-661be37dea50,1782297151.702399,1782297151.767434,65.03,200,0.05973577800068597
c1f4c893-0d3b-4582-8c5b-e18cbad7ecd6,1782297151.853969,1782297151.925700,71.73,200,0.06584126000052493
ed83b676-cb88-4d9e-829b-e534c40d1143,1782297151.883082,1782297151.955290,72.21,200,0.06528034399889293
d673511f-c925-4a45-9424-441efe3b5392,1782297151.911678,1782297152.019476,107.80,200,0.06281619900073565
605e09a6-06b8-461c-99e2-b1c909da82b0,1782297151.974770,1782297152.054047,79.28,200,0.06290767300015432
372a20db-0bc0-4196-84b9-5fd8f42430ac,1782297152.346998,1782297152.411332,64.33,200,0.05896917300015048
84a4a7e2-598b-4734-b856-3780c1018179,1782297152.512068,1782297152.580456,68.39,200,0.06258743999933358
00d8c575-832e-4eb5-93f1-268d2da4751a,1782297152.626026,1782297152.713103,87.08,200,0.07990087100006349
b65ba6b6-21c3-46e7-b8d0-c151a5209a07,1782297152.647171,1782297152.739959,92.79,200,0.08410169099988707
6ae64950-8fe4-49c7-9fa0-57468b469e6d,1782297152.668594,1782297152.811567,142.97,200,0.07028326799991191
8db81dbc-2d56-4886-8ef2-82ccc11dec40,1782297152.675329,1782297152.787861,112.53,200,0.07351896900036081
464f0331-c71b-4320-9b3a-8917608b8cc7,1782297152.927140,1782297152.994380,67.24,200,0.061575502000778215
d723f2c4-3503-4f07-8041-80c5d82ea177,1782297152.969095,1782297153.042474,73.38,200,0.059099699999933364
b23a73cb-58b3-4372-befa-da4f28bdd2ac,1782297153.344463,1782297153.432438,87.98,200,0.07881208400067408
e2b72b50-e40d-4b8d-bcbe-ec41549a1155,1782297153.507928,1782297153.580997,73.07,200,0.06750279200059595
1d722136-8cfe-4738-bae0-8895437c13ea,1782297153.622622,1782297153.701278,78.66,200,0.0723040819993912
d06c1486-4369-4914-a7b3-bd9758677492,1782297153.643813,1782297153.723870,80.06,200,0.0727947729992593
6cca7399-f45a-4fcb-b4c8-28f5bc33991c,1782297153.664880,1782297153.763208,98.33,200,0.060513626000101794
8c2de3a6-5c49-4692-abfc-9ff72234d46c,1782297153.672246,1782297153.822385,150.14,200,0.05822040900056891
a3fdc5d2-5311-4355-ada8-0b6909b0c501,1782297153.923906,1782297153.990474,66.57,200,0.06077778800136002
533c62d0-7a1c-4205-b2c5-f18881fcb78e,1782297153.990196,1782297154.063555,73.36,200,0.05911681299949123
6aa9401b-ceb8-498a-88df-18924fc19a19,1782297154.491560,1782297154.560773,69.21,200,0.06351960600113671
d1fd0b96-71bb-4ae8-96cc-95940ab6e774,1782297154.710397,1782297154.778754,68.36,200,0.06186189700019895
8a813c62-64a5-4135-8936-1977f5e0396d,1782297154.862476,1782297154.961145,98.67,200,0.08896686299885914
456e1edf-e9fb-4624-ac6b-6636956cfd9e,1782297154.890860,1782297154.975280,84.42,200,0.07813458599957812
3edd7052-c4ba-4674-a8d2-f3c1a81e7120,1782297154.919379,1782297155.041325,121.95,200,0.0647238080000534
9f4b88ad-630c-4edc-b4c1-b1b676523208,1782297154.993934,1782297155.100073,106.14,200,0.05692180299956817
548013cd-9e74-471c-9f70-f1f42fe099dc,1782297155.495172,1782297155.586532,91.36,200,0.08491791500091495
7efd8a7e-5bf8-4d7f-aa25-b14b7450f660,1782297155.714127,1782297155.776419,62.29,200,0.05631947000074433
fb859184-9b6e-452f-a152-652032012ede,1782297155.865925,1782297155.930615,64.69,200,0.05882604999897012
393cf0ea-26f8-4d77-8b1a-14819f489051,1782297155.893992,1782297156.015551,121.56,200,0.08176060900041193
59c47351-d270-4093-b48f-99ebbc666d0e,1782297155.923723,1782297155.997722,74.00,200,0.06590914399930625
638670a4-0513-41c8-9e83-38c5bb305ab7,1782297155.986033,1782297156.064005,77.97,200,0.06143517599957704
412b1fee-4ec7-4547-a4b4-303f1ef7fcfb,1782297156.415943,1782297156.487187,71.24,200,0.0658558830000402
3e4b67b1-98f3-4c5d-ac98-49c4592c0f26,1782297156.602793,1782297156.674019,71.23,200,0.06516567600010603
85626bfa-ea1d-4282-80e1-918f85f0a24f,1782297156.732530,1782297156.802623,70.09,200,0.06435682099981932
836b1770-e886-4992-a439-7e1bed1dae20,1782297156.757475,1782297156.832095,74.62,200,0.06700753099903523
80b2a903-2a4e-40f1-82e7-c3ad5c4ef905,1782297156.781560,1782297156.870840,89.28,200,0.06657255500067549
dd15999c-df10-4058-8371-85e4ed9b70ea,1782297156.790279,1782297156.895128,104.85,200,0.061731499001325574
b5b570fa-ec77-4306-8901-ce45beb140aa,1782297157.012501,1782297157.082117,69.62,200,0.058042811000632355
19fbba5f-7660-4257-adcd-75c523e9f5f1,1782297157.614600,1782297157.707085,92.48,200,0.08376935000160302
5db48a6e-23a3-4169-9af0-277388851ac8,1782297157.877714,1782297157.947122,69.41,200,0.06329406199984078
b98c152e-a855-4cf1-a418-bfb1c579abf9,1782297157.989358,1782297158.063586,74.23,200,0.06100521900043532
22f0e130-2c7d-44a5-a7e8-75db17df47d1,1782297158.060672,1782297158.125470,64.80,200,0.05866830599916284
6413cdf7-9e6b-456d-ae31-33a075a14881,1782297158.093792,1782297158.183728,89.94,200,0.05720742599987716
973452f9-1202-48c6-8187-a7895835ff22,1782297158.418691,1782297158.485974,67.28,200,0.061191287999463384
4f07e617-f314-47f3-8f54-17c6367239c6,1782297158.606662,1782297158.678720,72.06,200,0.06673123200016562
c050fc52-30c2-434e-8401-a7429bc00e0f,1782297158.737244,1782297158.807311,70.07,200,0.063911499999449
d1339720-8be1-4ba5-a51e-20de900212e6,1782297158.761382,1782297158.956404,195.02,200,0.08083654800066142
63280ab5-9ae7-4261-ac83-2fb267e54e13,1782297158.785253,1782297158.956063,170.81,200,0.06350406600176939
aa0f4cae-ffa9-4ef5-9b1c-43fe32f38881,1782297158.793817,1782297158.887778,93.96,200,0.0830746800002089
1690e594-4370-4a3a-973b-5b6e78b5ba26,1782297158.970675,1782297159.046285,75.61,200,0.06394682199970703
da4fa78f-3206-4aaf-a473-2d3931c9a36a,1782297159.271221,1782297159.335207,63.99,200,0.05742627200015704
e07d106b-0f87-4b41-a8fc-cf8d805ae087,1782297159.403754,1782297159.478921,75.17,200,0.06966626499888662
271d5a2b-dd04-49ed-a829-240d0a0c492c,1782297159.494470,1782297159.564747,70.28,200,0.06468306600072538
e3535d05-3a60-4d1c-8603-d837c8514d07,1782297159.511547,1782297159.633146,121.60,200,0.06714991199987708
059d9e0b-c188-4039-b8ca-8e51ba57a4ef,1782297159.528287,1782297159.605337,77.05,200,0.06972450200009916
44e9ae82-1408-40ed-bdba-4dc69bb9e0ff,1782297159.533967,1782297159.702584,168.62,200,0.06802118700034043
dde3d1f2-e168-4783-9003-6040a364d8a6,1782297159.735080,1782297159.805112,70.03,200,0.06437980900045659
521d27dc-bf4e-4189-869a-704c8e86fdcd,1782297159.827591,1782297159.917499,89.91,200,0.08097539300069911
49dd52a8-69ce-4524-8e8a-46b2c7172c4e,1782297159.950033,1782297160.029811,79.78,200,0.07358474300053786
21cd6f03-fdfa-4b82-abbb-4a6c07fa8c5e,1782297159.979502,1782297160.096613,117.11,200,0.0651095550001628
3cd20cf1-e38d-473e-8349-827860be7f49,1782297160.312576,1782297160.374714,62.14,200,0.05638008899950364
e938bbe9-9efa-4639-b4b3-72679da756f3,1782297160.459244,1782297160.541172,81.93,200,0.07582676300080493
db106301-151d-45c6-bc10-7ea9b0c2a471,1782297160.560699,1782297160.646587,85.89,200,0.07953571799953352
a8be7320-f77c-4821-94c5-61e046ab69ba,1782297160.580980,1782297160.739158,158.18,200,0.09131207800055563
22c2517b-1640-4b02-9378-a3d325165550,1782297160.598748,1782297160.689121,90.37,200,0.08164026000122249
51069f76-e150-4805-8719-24ded7f6916b,1782297160.605374,1782297160.770218,164.84,200,0.07992147600089083
44fd52cc-9f17-44a3-8a94-238d877a3a5e,1782297160.828801,1782297160.892123,63.32,200,0.05762382600005367
e4c1b152-240f-4f83-9bab-90da39b82255,1782297160.930614,1782297161.013744,83.13,200,0.07443860600142216
57dbda63-2cd2-47e3-a035-572e1e37994f,1782297161.007002,1782297161.093132,86.13,200,0.07128073300009419
3a193d2b-a149-453b-8729-b3d7cc2eff3b,1782297161.509255,1782297161.591089,81.83,200,0.07610729500083835
0a093658-3faf-447e-ba44-9b2b86694333,1782297161.727707,1782297161.811823,84.12,200,0.07597714400071709
d11784fd-ffad-4739-b19c-397015835d7a,1782297161.880320,1782297161.952470,72.15,200,0.06587265599955572
1aba918c-585c-45b9-b0e3-8de76171e88d,1782297161.908545,1782297162.019017,110.47,200,0.06478670700016664
af5e908e-b475-497f-98ce-44069267b274,1782297161.937213,1782297162.030318,93.11,200,0.08190547000049264
88dd43c1-e7e2-4a80-b291-b1c1e4810941,1782297161.990968,1782297162.082557,91.59,200,0.06203358799939451
d2ceb6b8-48f4-4852-859f-33b51bc6f95d,1782297162.211135,1782297257.598907,95387.77,502,
68b87d2d-2ceb-4ef7-9968-7e7a8e43de63,1782297162.215889,1782297250.641766,88425.88,200,0.0752277920000779
4e7c1a48-6f76-41ab-a7bc-8fe2c5646693,1782297162.220779,1782297250.710554,88489.77,200,0.0675801870002033
6d94d6ee-4a28-4eb8-90f4-b1adb1c751bf,1782297162.222198,1782297250.785977,88563.78,200,0.07382097899971996
cfcf6722-98db-4b91-a680-941f5e6699bd,1782297162.280698,1782297250.849808,88569.11,200,0.061417905999405775
d03ff27b-a629-444c-8076-f71e98c78b51,1782297162.306623,1782297257.694858,95388.23,502,
56a778be-663e-4880-80de-f4de7775f3e5,1782297162.365473,1782297162.428477,63.00,200,0.05704290299945569
0e6caa9d-52ff-4d66-819c-9c4af525b410,1782297162.529963,1782297162.631723,101.76,200,0.09254499900089286
120ddf87-228e-49f3-a0f0-db0deed5803a,1782297162.644323,1782297162.734747,90.42,200,0.0847786520007503
4e428a1e-c901-40a3-b72b-10676a882552,1782297162.665368,1782297162.794951,129.58,200,0.05871366700012004
9c84016f-77db-4669-a1ff-37bbc738b26b,1782297162.687214,1782297162.916422,229.21,200,0.06138674400062882
fb42de1d-208c-4e5c-ad92-79a648b3abf3,1782297162.694773,1782297162.916106,221.33,200,0.056802656001309515
0c4e80a0-df22-4061-b073-93bc78f37afd,1782297162.945787,1782297163.014514,68.73,200,0.06276167599935434
037d1da3-caa3-4b3c-851b-55f3b60f953c,1782297162.992515,1782297163.068787,76.27,200,0.06090493299961963
34be7d08-e95e-4555-afa4-a95a95365bc9,1782297163.367694,1782297163.431525,63.83,200,0.05770100300105696
6596c08e-79cc-49ee-9ac6-ffa66f7c632a,1782297163.532094,1782297163.623880,91.79,200,0.0819482410006458
57a34067-d5d2-4891-b90e-e2917aa24918,1782297163.646667,1782297163.738682,92.02,200,0.08505462600078317
5af90da3-d8b9-4daf-966f-2ce7310479ec,1782297163.667141,1782297163.751272,84.13,200,0.07614409999951022
4c23b4f6-e175-4c48-80b1-9906002bcea0,1782297163.688115,1782297163.857875,169.76,200,0.060219151000637794
9d6bbe53-7a5a-48a4-888c-edc8299cde59,1782297163.695687,1782297163.858173,162.49,200,0.05606733999957214
e6efcc82-7b94-4da1-b16e-156268f72160,1782297163.947591,1782297164.011356,63.76,200,0.058167886001683655
35be0dc0-67c5-4737-b722-1d29dca60059,1782297164.029222,1782297164.099823,70.60,200,0.05939561299965135
3150201f-d4dc-4fb0-a481-cea4fe60913d,1782297164.631000,1782297164.706072,75.07,200,0.06850987399957376
eefd1e71-43e2-4c35-906b-3504ecf681af,1782297164.894916,1782297164.959777,64.86,200,0.05867506799950206
7d55cae1-c773-4312-83ab-f72e5c56b2dd,1782297164.997734,1782297165.067059,69.33,200,0.05745747600121831
14a6231c-5da7-471e-a9e2-1190e1fc3aca,1782297165.077621,1782297165.146292,68.67,200,0.06250652100061416
3cf1a751-da2b-4a35-9fb2-d0f8da1f729f,1782297165.110459,1782297165.177398,66.94,200,0.061072612001225934
a8205e86-230b-4af9-90ac-6f29133acc5e,1782297165.373041,1782297165.444830,71.79,200,0.06621138899936341
ad52c6a0-1e0d-4c5e-bab8-fe909a606983,1782297165.537408,1782297165.614789,77.38,200,0.07018738099941402
c86ca1ac-43cb-4019-aeb5-5bbe5da0f81f,1782297165.652285,1782297165.727590,75.31,200,0.06948145999922417
5200b4ba-2799-4620-91e6-ca7d2533fed3,1782297165.672460,1782297165.807065,134.60,200,0.0779992490006407
a93c2c57-3637-43c6-97f3-d6da3bdc52e5,1782297165.693503,1782297165.770777,77.27,200,0.07007995700041647
81f72df3-1943-4e54-a7be-e4bbd7ab8d2c,1782297165.701275,1782297165.843998,142.72,200,0.07165053000062471
b5d435a2-43f1-41e9-8a40-aee6e8e7d24c,1782297165.952549,1782297166.018046,65.50,200,0.05974215000060212
76dee4f3-b624-4dd6-9421-097fa407e922,1782297165.993220,1782297166.068553,75.33,200,0.061090371000318555
a7aa2f92-1683-4347-b2db-aabe56315766,1782297166.326576,1782297166.391750,65.17,200,0.0596892100002151
b1b7782e-0bb8-4fcd-9dd1-727bc9092210,1782297166.473321,1782297166.562629,89.31,200,0.08045057500021358
73988717-5026-4349-83cb-ef4ee325db85,1782297166.574107,1782297166.659330,85.22,200,0.07860487000107241
42cc61e8-92b0-4849-9c8f-c53f822a2b07,1782297166.594480,1782297166.744261,149.78,200,0.08387602199945832
cf060b2d-8233-4eb4-b272-c44383ddcd39,1782297166.612449,1782297166.804447,192.00,200,0.058884480999040534
52a01a4d-3785-4296-8202-bcf858dc8103,1782297166.618433,1782297166.705801,87.37,200,0.07907941099983873
3e0c7e58-d5ca-4824-a47c-2000329816cf,1782297166.841962,1782297166.912061,70.10,200,0.06330592500125931
48c46b40-fcc2-4b13-a553-c5e384fda122,1782297166.944480,1782297167.026814,82.33,200,0.07428416199945787
ea9b1366-ac4e-4ec6-b926-bb48bf296846,1782297167.002643,1782297167.076309,73.67,200,0.059647329999279464
c49b14cf-8a81-4ddf-b225-e1d0acf4295c,1782297167.377311,1782297167.449306,71.99,200,0.06604200699985086
f0b89450-35b5-4034-950c-891387b160f8,1782297167.541806,1782297167.626049,84.24,200,0.0756753249988833
888e865b-129d-4184-a7c3-c39b20669705,1782297167.655644,1782297167.727719,72.07,200,0.06605151499934436
056c254f-d5ff-4c2d-8108-0de86aadd097,1782297167.676717,1782297167.800708,123.99,200,0.071468272999482
f8b5bd61-f944-41c0-949d-e934a081908a,1782297167.698547,1782297167.863780,165.23,200,0.06165089599926432
1e3f7675-57ef-4411-ab41-ecfcbf93495b,1782297167.705659,1782297167.792453,86.79,200,0.07993992600131605
a63d42fd-c549-4b74-a6bf-027ad5faa2c9,1782297167.957295,1782297168.021752,64.46,200,0.05879543199989712
675ca498-9b57-4665-859f-cbf38211ecb4,1782297168.005047,1782297168.081238,76.19,200,0.0581167620002816
3738caa6-d6b2-4bb9-9125-d29c4c1035db,1782297168.380175,1782297168.447624,67.45,200,0.06161658999917563
e0cd3a0b-e844-45e7-815d-0e4e7930e739,1782297168.544149,1782297168.630715,86.57,200,0.07789575199967658
ed51cbd0-f9ea-4831-b521-818ffdfdfefc,1782297168.658255,1782297168.746743,88.49,200,0.08237366299908899
d99b079c-83fe-4265-99a9-760c9da8c907,1782297168.679446,1782297168.761878,82.43,200,0.07528363699930196
aae304ad-7abc-4552-b72c-491705309040,1782297168.700519,1782297168.827541,127.02,200,0.06389439799932006
dd9e57d3-cb0c-40d4-979b-a326a4bef800,1782297168.708367,1782297168.899248,190.88,200,0.06931597500079079
d0db05bf-41ce-4b06-9933-9d9be0289596,1782297168.959932,1782297169.026628,66.70,200,0.060487937000289094
a4b9a0e1-6370-4270-b99a-8b6353593712,1782297169.017041,1782297169.105233,88.19,200,0.0714405809994787
54015a1a-2c5c-4160-b5c8-8d6cc824dd78,1782297169.446279,1782297169.510803,64.52,200,0.0588938450000569
8ea55811-011e-4a30-98c2-108e7ed4733a,1782297169.634495,1782297169.707544,73.05,200,0.06602792000012414
ea3f74ab-73df-4052-95f5-b2f0c6274492,1782297169.764038,1782297169.841599,77.56,200,0.07213013000000501
0a5df743-b302-42e5-b6bd-adfebcf584ed,1782297169.789000,1782297169.869314,80.31,200,0.07359551899935468
0b75b5cc-e9f2-46dc-9d09-c50fc0b17f30,1782297169.812907,1782297169.910900,97.99,200,0.06745021099959558
1cff3c62-71ed-4a8e-80b9-a52d482020d8,1782297169.821630,1782297169.933112,111.48,200,0.0629785630007973
5d19c650-8579-4a12-8683-91f3cd127c98,1782297170.011667,1782297170.080389,68.72,200,0.05730715999925451
8d1f0e6d-f137-47d0-80c0-d462b8d74f69,1782297170.386314,1782297170.449687,63.37,200,0.056834016999346204
cc111c13-0aa9-42bf-9042-5ecde33d5fac,1782297170.551248,1782297170.615549,64.30,200,0.05862951699964469
1c89814a-1e20-4ac0-abb7-69a965e4d029,1782297170.665129,1782297170.767702,102.57,200,0.09359160199892358
aea81e0c-ee86-472a-921d-029dc9964a91,1782297170.686720,1782297170.841136,154.42,200,0.0719662290011911
e21b4ad6-71b2-435c-8b53-cae6491cb9bd,1782297170.708676,1782297170.908323,199.65,200,0.06568529899959685
90feefbe-a5f3-489d-916f-809c1f1327c5,1782297170.714768,1782297170.969450,254.68,200,0.06011109000064607
756ba6d7-90f0-4ac0-8ea8-f091e55426db,1782297170.966828,1782297171.049804,82.98,200,0.07714242200017907
36dea4c8-b43a-4dc8-8815-17421c054a27,1782297171.006135,1782297171.092134,86.00,200,0.06886723800016625
c74b17a5-dcab-4559-a09d-123cbdb6b6c2,1782297171.339163,1782297171.401786,62.62,200,0.05700394900122774
b4e3427f-b5ee-42fc-92fc-b0488f334e69,1782297171.485276,1782297171.551690,66.41,200,0.06045567699948151
bc0dfc47-e228-42ec-a98a-963793f2154d,1782297171.587186,1782297171.674114,86.93,200,0.08045053500063659
575ffc27-d53e-4c8e-a67f-0c330ee54f64,1782297171.605397,1782297171.695046,89.65,200,0.08231150099891238
85e7d09b-c900-41d3-823f-78f7b6f25026,1782297171.624348,1782297171.838835,214.49,200,0.0749578630002361
870044cd-9ad0-4894-a2e4-e8115545841c,1782297171.631463,1782297171.838473,207.01,200,0.06295864999992773
2c220ca6-ff01-4b23-b0d5-833dd90ae824,1782297171.854194,1782297171.917896,63.70,200,0.05774971599930723
eb056011-8936-413a-981b-75282f54f32a,1782297171.956403,1782297172.022672,66.27,200,0.059952879999400466
5b06ebb4-18b8-4b23-9911-896d106f44bf,1782297172.033119,1782297172.114237,81.12,200,0.0698618569986138
026dcd18-8278-4aea-932b-ab75456a52bb,1782297172.534530,1782297172.617869,83.34,200,0.07440180599951418
20ffd402-c8d3-41c7-a52b-2d9505e9980b,1782297172.753398,1782297172.824680,71.28,200,0.06589694600006624
db875674-7e8c-4189-bd45-19944e2e432c,1782297172.905206,1782297172.974012,68.81,200,0.06327861199861218
0b4b1910-6582-498a-baf6-9ede4bd9e767,1782297172.934259,1782297173.034908,100.65,200,0.059564486999079236
d0a60dbc-aac7-41c5-b523-31f70551170d,1782297172.962983,1782297173.107717,144.73,200,0.07085776500025531
172be13a-67e1-4901-ac0b-21d85d62e968,1782297173.019007,1782297173.101135,82.13,200,0.06644878900078766
ae09de54-4d95-49ce-95fc-44a82c6b0425,1782297173.393027,1782297173.469213,76.19,200,0.06896699299977627
80831e46-dceb-4bcb-a3f3-c9074d5fd684,1782297173.557717,1782297173.620220,62.50,200,0.05703985800028022
ab95224a-e99f-4b1a-92cd-2032571fbe1c,1782297173.671621,1782297173.736757,65.14,200,0.059833219998836285
a1afa19b-24f6-489d-8afb-42e56d2f9d24,1782297173.693569,1782297173.876898,183.33,200,0.07375270900047326
0ba04237-e105-4102-a020-dc3ac1f4a987,1782297173.714818,1782297173.800754,85.94,200,0.06242462200134469
10ee458c-800d-4fdf-8e48-d08df5c0485d,1782297173.721555,1782297173.786533,64.98,200,0.05722235999928671
c926b137-b5ce-449c-9fa6-e120c7ed7d47,1782297173.973347,1782297174.036440,63.09,200,0.05800154999997176
48fb46bb-ca5e-4b00-a86e-882ea4535f72,1782297174.027298,1782297174.097290,69.99,200,0.05788096500145912
75cd3062-c911-40ce-973d-789c4fccff77,1782297174.456132,1782297174.516827,60.69,200,0.0555054590004147
253bb828-26a0-4ac7-94cd-c84d6b57ea31,1782297174.644308,1782297174.705766,61.46,200,0.05633009600023797
038de8d2-f213-4198-966c-f346e45309f8,1782297174.774266,1782297174.841320,67.05,200,0.061967238998477114
da93b13b-fefb-4427-9a97-959aa8e3d2de,1782297174.799248,1782297174.867773,68.53,200,0.06176522100031434
c5061c61-f977-4033-b49c-bf3cf5c9f6e8,1782297174.823077,1782297174.985116,162.04,200,0.053401990000566
78874d0c-59ba-459f-ac5c-f33023ac9eeb,1782297174.831305,1782297174.985406,154.10,200,0.0613670179991459
d6e82662-18ba-46b0-a8f9-facb7f5b20ce,1782297175.030278,1782297175.094509,64.23,200,0.05247947800125985
ef7ee27a-0579-43cf-989c-5bd8b41fd8d5,1782297175.459442,1782297175.534636,75.19,200,0.06863339899973653
25bc0623-930a-43fb-a7a8-2b12d97c9ce0,1782297175.647148,1782297175.705107,57.96,200,0.05314115799956198
0a93b098-79ff-4bda-861a-70427c5655d7,1782297175.778616,1782297175.853159,74.54,200,0.06673539100120252
528001e2-2e17-46a4-84d6-b79bdf6676b9,1782297175.801703,1782297175.919360,117.66,200,0.06510669499948563
ba16d61e-2190-4c66-9ccc-b2a8c3cf69cc,1782297175.826527,1782297175.973957,147.43,200,0.053354029998445185
e2c90af8-6452-4f9b-8ded-561c9f4a8909,1782297175.834982,1782297176.052043,217.06,200,0.07498958900032449
e125331e-c7d0-43bd-b47d-45aa85c54d7a,1782297176.034824,1782297176.118150,83.33,200,0.06452935400011484
b39202f5-1493-4f86-878d-ec283a2ffcc1,1782297176.463022,1782297176.521976,58.95,200,0.054152658998646075
74cf1ea3-b9fa-4398-addc-768dc1306767,1782297176.651444,1782297176.715099,63.65,200,0.05834155400043528
eadd7868-1eaf-4472-a22c-4bfb014fab7e,1782297176.781524,1782297176.844327,62.80,200,0.0577849140008766
ebccaacc-f573-47ad-bd58-0737ce12e0a0,1782297176.806461,1782297176.906137,99.68,200,0.06043610100095975
b6617969-90f8-47bd-b17b-02e22cf41295,1782297176.829924,1782297176.970439,140.51,200,0.06288814400068077
67eee040-4270-4608-8f26-7c97ac986357,1782297176.838711,1782297177.045189,206.48,200,0.0735123049998947
48eb2c06-13a5-4870-b79a-b04992ef78b4,1782297177.027852,1782297177.112874,85.02,200,0.06582544200136908
042cad86-d67c-435b-8b38-12e47237dade,1782297177.402591,1782297177.466753,64.16,200,0.05895206800050801
abd84659-e8d8-4cee-bd57-eb145e15dec9,1782297177.567207,1782297177.627922,60.71,200,0.05530421699950239
3cefffa6-2df5-463b-8ff6-f26a3a11b4cb,1782297177.681355,1782297177.741339,59.98,200,0.055113946000346914
e8c9c548-a810-4fe6-8083-ec7872c50769,1782297177.702213,1782297177.805443,103.23,200,0.061870907000411535
ef8037f8-a275-4d34-be16-7380ab6293ad,1782297177.724018,1782297177.876045,152.03,200,0.06754951699986123
eabc6351-a5bd-485e-8aed-a7d104581d4e,1782297177.731231,1782297177.957095,225.86,200,0.07834843400087266
2b4006cb-63b9-4307-ae42-02f801087ba5,1782297177.982541,1782297178.043804,61.26,200,0.05568663799931528
f83ac1da-d00b-44bc-8246-cdba49b1c381,1782297178.037531,1782297178.125696,88.17,200,0.07307102300001134
27dc2a84-7c34-471b-b8a5-1d1c9f515243,1782297178.466604,1782297178.545274,78.67,200,0.07114879800064955
787cab78-67a2-40f3-8ac3-90f7f778d541,1782297178.654687,1782297178.717374,62.69,200,0.05784393599969917
bdb3e505-0fdd-4c68-82f0-a478898541f1,1782297178.785829,1782297178.851760,65.93,200,0.060988594001173624
539ab495-dc9e-41cc-bd3b-4121801b565e,1782297178.808926,1782297178.906579,97.65,200,0.05377352100003918
0fb23714-fe19-4ecc-9c87-31c2598fe5ef,1782297178.833567,1782297178.962774,129.21,200,0.054904647999137524
0bcc4062-b538-4d86-9ce2-d1b0d8a08ee1,1782297178.841586,1782297179.036021,194.44,200,0.07207767499858164
58b97875-b0f0-4915-b591-1df168106bf3,1782297179.025619,1782297179.111715,86.10,200,0.06981624900072347
e23774be-cbe7-40ac-bf7d-0154e74e5fb1,1782297179.358666,1782297179.446165,87.50,200,0.07795706300021266
55582ea9-4750-4aec-bb5f-28b26ff2369e,1782297179.504735,1782297179.567955,63.22,200,0.058240537999154185
b1cfdcce-5503-4f7e-85d6-97fb7ca90be6,1782297179.606476,1782297179.675371,68.90,200,0.06317151600160287
f8c9cc89-03be-46c1-af31-dc931af3feb2,1782297179.626455,1782297179.695079,68.62,200,0.06268206099957752
9361f34a-eb84-4f0b-93d0-287f3908fa0a,1782297179.643935,1782297179.794310,150.38,200,0.05625416099974245
54c83630-2e40-4218-85fa-15fef1affc42,1782297179.650597,1782297179.794666,144.07,200,0.059869110000363435
1dd25c36-a46d-4558-902a-dbdfba3622bd,1782297179.874023,1782297179.933178,59.15,200,0.05418837000070198
de896284-110d-4095-a6c3-275f5e1f4214,1782297179.976557,1782297180.038072,61.52,200,0.056648601001143106
00b45863-7ed7-44c7-bdd7-d5965ee2ed31,1782297180.020586,1782297180.109837,89.25,200,0.070174821999899
ed207c7f-e6f4-40e3-ae20-aec95f1c1c3c,1782297180.321639,1782297180.378488,56.85,200,0.05188550999992003
603a753c-a908-40ec-99ae-dd19dd40b6f4,1782297180.452946,1782297180.513668,60.72,200,0.055149984000308905
92d73364-8577-425f-bf07-93716d89868b,1782297180.544105,1782297180.610305,66.20,200,0.06065715399927285
70ab3e89-257c-4e8d-aaa0-39793919f4ef,1782297180.561160,1782297180.628470,67.31,200,0.06142220199944859
61a5fc0f-d855-42b2-890f-a3eb9d8844c6,1782297180.578752,1782297180.697361,118.61,200,0.06718499999988126
ddbbcf48-5bc7-4010-adf3-4ed496daa59a,1782297180.584469,1782297180.671940,87.47,200,0.06025555899941537
6790a904-c763-47de-ac55-9fd67b282c5e,1782297180.785823,1782297180.847031,61.21,200,0.055529897999804234
a4f1d511-2154-4ed2-905b-0c1c1dbc3a7f,1782297180.877429,1782297180.940902,63.47,200,0.058079798000107985
4da0d828-003a-4cf5-8c48-2807f44929bd,1782297181.001452,1782297181.065234,63.78,200,0.0580656589991122
d24b2731-f471-4b09-91be-8b739284ce82,1782297181.060155,1782297181.125031,64.88,200,0.05351024400079041
bf8c752b-0656-47af-991b-17fc5adaf5e4,1782297182.386710,1782297182.449072,62.36,200,0.056570709000880015
257e445c-be84-4ee6-acc7-1bec9a24504c,1782297182.605865,1782297182.694035,88.17,200,0.08120113800032414
e0f79a8e-46a8-4862-b470-9776af885541,1782297182.757514,1782297182.819274,61.76,200,0.05669583400049305
2b4e366c-5e60-435e-8962-9d3d8e1d495b,1782297182.786400,1782297182.875309,88.91,200,0.05493947099967045
ceec5df9-6bc2-4e1a-bf5f-ead03445d1f2,1782297182.814755,1782297182.937290,122.54,200,0.06073131300036039
b7c3b054-71ed-44f5-9ed3-62c0e7cc9c3e,1782297182.881620,1782297182.952379,70.76,200,0.059305065999069484
fe95dd1a-685d-4f6a-94fa-e133d7766b25,1782297183.310309,1782297183.376188,65.88,200,0.05974504500045441
1626cdaf-8cc9-4412-856e-162d8c3de336,1782297183.498695,1782297183.571751,73.06,200,0.06765039200035972
c8143ccc-b7f0-41b2-bb39-7ba7ff050012,1782297183.629305,1782297183.695211,65.91,200,0.06044904299960763
aff3719a-b306-43bb-960c-0a57d37eaef0,1782297183.653360,1782297183.757473,104.11,200,0.06088401899978635
7227ff5d-e148-4534-bc37-11e43072271e,1782297183.676933,1782297183.746532,69.60,200,0.06267572800061316
257148ab-6b21-41d2-b7d8-208bcf034e1c,1782297183.685949,1782297183.821454,135.50,200,0.06324678800046968
abe6b602-101e-4d3c-a629-a98ff37c1ab4,1782297183.867703,1782297183.935713,68.01,200,0.055010238000249956
5630eaca-d79b-446f-bc2b-9f947a04b5ce,1782297184.242681,1782297184.308272,65.59,200,0.059025028998803464
c98877f7-b455-4357-9c9f-12d7ca764fbb,1782297184.406754,1782297184.468163,61.41,200,0.05585222500121745
0baaead8-8e8f-4848-82fd-0a61cd0e6595,1782297184.521701,1782297184.589576,67.88,200,0.062340513000890496
4f2234ae-8699-467b-9e37-83a787baa761,1782297184.542827,1782297184.651792,108.96,200,0.06095138199998473
6e757da7-9946-4077-8dfc-6da78f1de35f,1782297184.563752,1782297184.632246,68.49,200,0.06098057300005166
59063eb6-72e9-4aa4-a4d9-3e6bf60188a2,1782297184.570898,1782297184.688844,117.95,200,0.05542114899981243
76d87766-56bf-46bb-b481-223485539e28,1782297184.822299,1782297184.880667,58.37,200,0.05286397400050191
aeb42eaa-7592-491e-9923-c61f0df94eec,1782297184.876329,1782297184.941719,65.39,200,0.05389712500073074
07672fd1-665b-4900-8f1f-e15f7b0deecc,1782297185.305517,1782297185.366212,60.69,200,0.05528329099979601
945269b3-7102-49c4-9a68-47470d28b40e,1782297185.493776,1782297185.562509,68.73,200,0.0635586289990897
bc9ba648-a79d-4167-aa99-38067df4ca64,1782297185.623918,1782297185.684391,60.47,200,0.05443314100011776
a9f91188-219c-4592-9edb-2df00c565d5a,1782297185.647798,1782297185.766857,119.06,200,0.07444448900059797
0c9e77be-20a9-4a98-afe8-1e3e9d927bdd,1782297185.672544,1782297185.741067,68.52,200,0.060370086999682826
3a67d991-5e31-4ede-abfb-aaba3e5cbedc,1782297185.680787,1782297185.797411,116.62,200,0.05548011100108852
b4296f4b-75f4-4f7d-8be5-7ae644861d49,1782297185.877341,1782297185.959534,82.19,200,0.06830019399967568
ce5f0875-c9b0-4d7e-8916-225ca2b9a25a,1782297186.306328,1782297186.398874,92.55,200,0.08521806499993545
c3a20cd2-b83e-458c-902d-0ddd26fe4d3d,1782297186.494376,1782297186.557322,62.95,200,0.0578172599998652
e41e3c77-b5b0-49a4-8cef-eafaa4497110,1782297186.625735,1782297186.695135,69.40,200,0.0640884519998508
49034e06-e66f-433f-b45f-7d800772b041,1782297186.648690,1782297186.717666,68.98,200,0.06234602499898756
db08a084-add7-452d-ad63-ff6a2742bf43,1782297186.673177,1782297186.771671,98.49,200,0.052858822000416694
8db78b8a-e401-4718-8ecd-d17eda8d519c,1782297186.681854,1782297186.834172,152.32,200,0.061209534000226995
26157972-d6c8-4744-b193-096209b358bb,1782297186.871645,1782297186.943140,71.49,200,0.06016464800086396
c91595d3-6471-4cf7-9d5c-5338ea01a65e,1782297187.246759,1782297187.310470,63.71,200,0.05834056999992754
cc569962-c7f4-4495-a132-be9ab113d4ce,1782297187.410996,1782297187.471708,60.71,200,0.05509260200051358
528da948-0d74-41bc-a0a0-b0fa9cf3962d,1782297187.525240,1782297187.592120,66.88,200,0.060284694000074524
c27b5612-0dd4-4081-9712-5685b8c5b735,1782297187.546468,1782297187.617980,71.51,200,0.06427790599991567
897ebd28-9f03-43bd-8c01-5d7a61776412,1782297187.567678,1782297187.687947,120.27,200,0.06881760799842596
6e57cacb-0587-464b-a4ef-c3bbd332e420,1782297187.574782,1782297187.655180,80.40,200,0.06193515999984811
7bdd26f3-449b-45c0-b428-265f856c3452,1782297187.826433,1782297187.886427,59.99,200,0.0549524840007507
a2113b3f-1456-4a54-8ebc-893f3fbeef8f,1782297187.881961,1782297187.949229,67.27,200,0.055790267999327625
eee26625-8f46-4d5c-a840-9a722a40a2c4,1782297188.310940,1782297188.377200,66.26,200,0.06056858400006604
0677a3a7-97ee-4143-8465-09eb60d1b746,1782297188.498729,1782297188.565835,67.11,200,0.06142691599961836
6c3955d8-633c-47eb-b400-78fccaea6c84,1782297188.629306,1782297188.691544,62.24,200,0.0570279000003211
b51ddd1c-7644-464a-8e6f-dc981aa489b4,1782297188.653113,1782297188.716149,63.04,200,0.057356966000952525
e14fd59e-2494-4488-9d34-ce1c797d18a4,1782297188.677549,1782297188.773208,95.66,200,0.05572517899963714
7390426f-0f85-490b-b3f5-8b7d94ed807a,1782297188.686187,1782297188.836613,150.43,200,0.0622395400005189
657c7392-1b5c-47b0-bc22-8eb43bb69133,1782297188.884403,1782297188.966326,81.92,200,0.0679966779989627
2c894c32-78e5-47f8-b847-aef1a24e5092,1782297189.313214,1782297189.371253,58.04,200,0.052813423999396036
87b3cc72-fe27-4656-82a0-84c8cd8a00f4,1782297189.501659,1782297189.563949,62.29,200,0.05726851399958832
f47efa00-3ef1-4bfc-a256-1d846b8135d6,1782297189.632508,1782297189.701385,68.88,200,0.0633902979989216
fd0955ff-3b54-42bc-8231-042a0b5eed6d,1782297189.656449,1782297189.735040,78.59,200,0.07249323300129618
40428339-2220-46b3-9179-91202c2d75c3,1782297189.679938,1782297189.767192,87.25,200,0.05926146900128515
96df20f3-48b4-47b8-aa98-4f5f24fa0147,1782297189.688934,1782297189.826395,137.46,200,0.058228653000696795
f6c64c1b-75a3-4b4b-94a2-9cd9f626c619,1782297189.887530,1782297189.956519,68.99,200,0.057821603999400395
d66550ae-d7b9-4d2e-9b79-af9a115755b1,1782297190.316396,1782297190.379145,62.75,200,0.05753876500057231
79add197-bed7-4441-9c97-ac14f3a2ec45,1782297190.504656,1782297190.563871,59.22,200,0.05422610999994504
b7a1f740-2cbb-42bf-9bbb-c77254b1c33a,1782297190.636691,1782297190.703004,66.31,200,0.05898694300049101
6daa9e9c-ddca-4e17-8822-a52da3e1fb1c,1782297190.659684,1782297190.831194,171.51,200,0.06045845699918573
ac14756b-8546-453e-a619-2e446ddfbf8e,1782297190.683830,1782297190.830921,147.09,200,0.0648822380007914
09887e7d-12d3-4157-b141-99e00258ae4c,1782297190.691596,1782297190.758018,66.42,200,0.05992429099933361
d9a2f362-0265-43d4-9d0d-fdfa095a9108,1782297190.890240,1782297190.958054,67.81,200,0.05661751200022991
32951477-2b8e-41d2-bdd0-e700a3cfb347,1782297191.319911,1782297191.384023,64.11,200,0.058957295999789494
393778a7-f905-4f89-a3ba-59d4818bf033,1782297191.507571,1782297191.582052,74.48,200,0.06851298900073743
c7b5a28f-6757-4cdf-903a-201f2aaf7073,1782297191.637506,1782297191.747656,110.15,200,0.10005643300064548
e366d3fd-43ef-4e50-8f40-ce47768d55af,1782297191.662217,1782297191.755203,92.99,200,0.08590353799991135
0d67f316-1e1b-4d84-87e9-451abbb7de5b,1782297191.686175,1782297191.921290,235.12,200,0.07154496099974494
9955b64d-650d-4c45-a207-942199e73203,1782297191.695440,1782297191.920310,224.87,200,0.08793463999973028
19818571-faf6-4a60-94e9-f6b75aeedea1,1782297191.906272,1782297192.009232,102.96,200,0.08117071100059547
0fd909bd-e28e-4e26-afde-7df13e2c7556,1782297192.407427,1782297192.487741,80.31,200,0.0724274760013941
f1f09783-146a-43e7-967f-18c28379bf77,1782297192.626573,1782297192.699558,72.99,200,0.0659832279998227
523091c2-91a1-476d-9d10-7ac11b867ec2,1782297192.778216,1782297192.855376,77.16,200,0.06817112099997757
969113a0-bc66-4807-b3ac-01edafb18a55,1782297192.807001,1782297192.922068,115.07,200,0.06525444599901675
c000d30f-1dd9-4de6-9e81-ce16d51179ef,1782297192.836166,1782297192.912946,76.78,200,0.06802843600053166
a60f8518-5b3e-4ea2-86f1-cf3b71c34756,1782297192.899996,1782297192.998944,98.95,200,0.073232922999523
76fca89c-6c98-40b0-95b1-d84036580010,1782297193.328873,1782297193.411692,82.82,200,0.07324792799954594
27271ad8-5d54-4a8d-9809-2be2518d1c63,1782297193.517164,1782297193.597573,80.41,200,0.07332557900008396
c8855f33-1922-4dd2-8a06-87008f40f24e,1782297193.646994,1782297193.726894,79.90,200,0.0738160210003116
d18841b4-0c7f-4e5e-8a04-a68467e429fd,1782297193.671196,1782297193.750756,79.56,200,0.07295808299932105
9ab74d53-b843-4874-8739-e750537a874a,1782297193.695095,1782297193.837593,142.50,200,0.08373159800066787
3ad692c9-6099-4771-ae03-8a7c4143a768,1782297193.703864,1782297193.924423,220.56,200,0.08603918299922952
4937258b-4d9b-4d76-8b40-2847df7151d8,1782297193.906934,1782297193.997396,90.46,200,0.07078248800098663
e19963b7-848f-45ef-9c44-0321ff770c52,1782297194.335548,1782297194.435377,99.83,200,0.09042990399939299
2baf9d94-d899-43e3-96b8-bd106ca7726a,1782297194.524395,1782297194.619473,95.08,200,0.08472576799977105
32f9cbf3-8812-4306-b7ee-752a8efc93e5,1782297194.653958,1782297194.751266,97.31,200,0.08708942999874125
11a6a2fb-3b22-4c86-b970-0561f41e9529,1782297194.678089,1782297194.758313,80.22,200,0.07194374299979245
bd135627-5529-4d8a-9d8f-3f0a07bd807d,1782297194.702130,1782297194.839710,137.58,200,0.08575251900037983
fa270e1f-29ba-47a9-9f32-11edde08f703,1782297194.710467,1782297194.839416,128.95,200,0.078740483000729
a6e3ddf7-30d0-413f-8cb3-436654630baf,1782297194.907563,1782297194.988608,81.05,200,0.06495535700014443
15869cc3-5dfb-4780-a90a-d4eb06c1751a,1782297195.337721,1782297195.435081,97.36,200,0.08801112999935867
b893c1cc-d369-4ef9-a8dc-9f5d9bc7b38b,1782297195.525033,1782297195.614868,89.84,200,0.0806270390003192
cd017e16-3584-4b02-bfe6-3e90a094827d,1782297195.654418,1782297195.738687,84.27,200,0.07768771300106891
04273321-1ba7-43bf-bd7b-d2f022b15608,1782297195.678412,1782297195.815601,137.19,200,0.07564945800004352
e4d86261-2a6e-492f-882d-f937648aacdd,1782297195.702775,1782297195.779820,77.04,200,0.06905044399900362
69dff556-33f5-4814-a361-6e47abf8c4b4,1782297195.712183,1782297195.854326,142.14,200,0.0734734079996997
a4de4320-036a-4486-a144-402aedd4c27a,1782297195.926062,1782297196.019272,93.21,200,0.07069985999987694
4fe6efb9-102c-4f00-af01-bcf3591372b1,1782297196.426495,1782297196.554205,127.71,200,0.1107350789989141
332aa771-754f-454f-acbe-2e3bc2f00419,1782297196.645838,1782297196.709431,63.59,200,0.05796500900032697
60b0fd61-36cc-4fc5-a1dd-786ac6280ab3,1782297196.797888,1782297196.870382,72.49,200,0.06727683399913076
f4d60c4e-dafd-4c77-bd01-bc1c2412d0c8,1782297196.826008,1782297196.897833,71.82,200,0.06610388400076772
5dee1f35-ddd8-4202-a239-f0a87939c6d0,1782297196.854833,1782297196.952637,97.80,200,0.053246127999955206
bf5579e8-d2d3-47b1-bb25-d83831559b4b,1782297196.898276,1782297197.020168,121.89,200,0.06601397200029169
7953c25e-b5d0-4c87-86c4-06f0ce59060e,1782297197.232462,1782297197.328886,96.42,200,0.08587388799969631
c96801f1-262a-4eb7-9efd-ee8a971b73d0,1782297197.378628,1782297197.443396,64.77,200,0.05938170199988235
32aeec6b-7ba3-4ce6-a1f3-b4c2621db2ff,1782297197.480824,1782297197.572272,91.45,200,0.08458282699939446
469534ca-621f-4229-a92c-5cd01b6e40e6,1782297197.498861,1782297197.664472,165.61,200,0.08995922900066944
5fcbe926-4d81-4f05-af89-8afa8cb90365,1782297197.517226,1782297197.613545,96.32,200,0.0856261809985881
219d4a18-1b8f-4a22-b2a1-b4c211eaab28,1782297197.523755,1782297197.711556,187.80,200,0.09651034800117486
1a7577bf-9c86-493e-9d3f-8ff3a5897bed,1782297197.747316,1782297197.863800,116.48,200,0.10134501099855697
e5b51408-69b2-46af-a18f-6d5f676d19d6,1782297197.849407,1782297197.937237,87.83,200,0.08009568700072123
46cb1318-389d-48d5-b1b7-a783ec44af7b,1782297197.921613,1782297198.015877,94.26,200,0.07454418300039833
498e8987-07b9-4cd6-9c5c-af57f13ec5b0,1782297198.349795,1782297198.413752,63.96,200,0.05801367900130572
455a511e-32f2-46a6-8d33-29a7573aa246,1782297198.537318,1782297198.622149,84.83,200,0.07860985700062884
a70de2e1-16d3-4eb8-b9cb-a4011a74bea0,1782297198.668646,1782297198.738666,70.02,200,0.0640623509989382
f0988cc3-cd0c-40a3-824c-47ab1294fb70,1782297198.692864,1782297198.769099,76.23,200,0.06955986300090444
b58fef30-5bc8-4c1f-9423-4ebfcad3e0e0,1782297198.716530,1782297198.842179,125.65,200,0.07184762699944258
4925404e-5223-491f-aacc-039d1348bd11,1782297198.725665,1782297198.817419,91.75,200,0.0776477330000489
2a5f589f-6662-4c67-bb90-48a1861ac01c,1782297198.928737,1782297199.018165,89.43,200,0.07286562800072716
0c1a470d-94e4-43a4-9a51-6704d88b1f8b,1782297199.430829,1782297199.501906,71.08,200,0.0652058659998147
ae38287e-105c-41e4-9f37-56dca2407fd8,1782297199.649415,1782297199.711533,62.12,200,0.05687006600055611
cd46a2a1-4010-424f-9e21-9119cbead773,1782297199.800948,1782297199.869104,68.16,200,0.06244705800054362
ecc3a434-7e21-422a-aa3c-b462efe25034,1782297199.828970,1782297199.896570,67.60,200,0.06172878799952741
a0f8fdc0-bcab-4850-ad12-1f8ea6eb2337,1782297199.857652,1782297199.958962,101.31,200,0.06099637499937671
a3a79fb6-20a3-4984-acfb-3d0e163b8107,1782297199.933641,1782297200.010739,77.10,200,0.06253510199894663
8331974f-fb0a-4b8b-a09f-510f67d7ed2d,1782297200.434793,1782297200.500652,65.86,200,0.06037753599957796
efe90936-369c-4cc6-9609-fa583a77d714,1782297200.654210,1782297200.720123,65.91,200,0.06045994300075108
e90aac8d-6628-4d36-bffa-5b71790b4662,1782297200.805619,1782297200.894789,89.17,200,0.0796846920002281
ff9b451c-e146-462b-9060-a630e9dbe1ca,1782297200.833865,1782297200.904209,70.34,200,0.0640691960015829
7ea9667f-3fa9-4785-966a-803799eada50,1782297200.862428,1782297200.969536,107.11,200,0.07319273299981433
28e3ea7a-6e44-4f5e-8128-f70fd9f4c394,1782297200.927549,1782297201.052500,124.95,200,0.07969498000056774
bcfb61fb-697a-44af-8e7b-e76edd91d234,1782297201.356520,1782297201.413273,56.75,200,0.0516329219990439
4b287e0e-de05-42f9-8d1b-23748d79c4c6,1782297201.544774,1782297201.609717,64.94,200,0.05966831200021261
fab8a313-6497-4bd2-9c30-514b47e55022,1782297201.674380,1782297201.748591,74.21,200,0.06819389700103784
81206c6b-46f6-44e1-8155-4859e42e8d80,1782297201.699608,1782297201.777785,78.18,200,0.06988708800054155
fac58719-df07-4ec8-b4c5-0b1905fdaacd,1782297201.723203,1782297201.835579,112.38,200,0.08256092899864598
52b485cb-2ec0-44d8-9a35-e9e3c2bf99a6,1782297201.731928,1782297201.851731,119.80,200,0.07238542300001427
110ffe8e-7ca7-4110-bf17-ec1da1512465,1782297201.937938,1782297202.017210,79.27,200,0.06720125100036967
9fd6a7f3-1050-42ad-8977-347fd7476011,1782297202.438965,1782297202.495533,56.57,200,0.05177263500081608
fb6b5b67-351b-4cef-8f72-5f566d808bc3,1782297202.658162,1782297202.720946,62.78,200,0.05742287999964901
3c594ca5-fb49-41c2-ac37-e795885542da,1782297202.810410,1782297202.880815,70.41,200,0.06451584699971136
0ffa79d3-1574-4334-9aa9-f2750dd68b10,1782297202.838460,1782297202.949198,110.74,200,0.06680484599928604
0b108730-e8b5-4e6e-8734-ec7ae43081a0,1782297202.867092,1782297203.026467,159.38,200,0.07597838699985004
0dadbf17-b60a-4d12-acd1-e3325547f1d7,1782297202.923769,1782297203.005545,81.78,200,0.06655836400022963
2c1e4e53-0c10-4c0e-81e8-366a9e38fea5,1782297203.298287,1782297203.364264,65.98,200,0.061044117999699665
8d4cbbf9-f3a9-476a-9dd0-252763d79f56,1782297203.462761,1782297203.526521,63.76,200,0.05774135799947544
a2d9ccf9-20d6-4d70-aac4-e713b62e8eef,1782297203.577100,1782297203.645781,68.68,200,0.06326449500011222
c2978473-8ebf-49e1-8768-3567f5d784e7,1782297203.598257,1782297203.818402,220.15,200,0.08282958099880489
a019cb83-9692-4c55-8fc6-64efd8bd607c,1782297203.619572,1782297203.818017,198.45,200,0.08405012200091733
cfefc05d-fc68-49db-a43d-d9c4bf86e3ee,1782297203.626391,1782297203.882085,255.69,200,0.06397902599928784
515fb1a1-5425-44c8-97cb-de59c2c2faf8,1782297203.878893,1782297203.941438,62.54,200,0.05690574599975662
f5c67f2a-5f92-41be-9694-a5dd124df756,1782297203.887697,1782297203.996142,108.45,200,0.05312572000002547
4f047cba-cbae-4c08-9590-b62e20874da6,1782297204.037817,1782297204.094440,56.62,200,0.051737749001404154
ec28ac3f-8dce-4be2-b5d2-beb610a65bc8,1782297204.104863,1782297204.164579,59.72,200,0.05477306799912185
6bf81c82-6f2a-46fb-9172-85adca3e8a47,1782297204.148782,1782297204.232826,84.04,200,0.06707253999957175
c815e150-97bd-4857-93e3-b9e85f5c3822,1782297204.157626,1782297204.301955,144.33,200,0.06725044300037553
a6b40a77-32d5-4eb7-9895-3c876523b65e,1782297204.165946,1782297204.229099,63.15,200,0.05757115599953977
7d1ef20d-d8a6-4cbb-9da5-f5eb71a3392e,1782297204.168751,1782297204.292818,124.07,200,0.06235209100123029
8c2818a5-c51e-4c1d-91e7-80ba83ecbc37,1782297204.270290,1782297204.370976,100.69,200,0.07625507099874085
42954142-cd03-44e1-9ffd-3fb663ea5e98,1782297204.316493,1782297204.386025,69.53,200,0.06358001899934607
f2a9e5df-f705-4e2e-b9fa-2f80c64e70b4,1782297204.377552,1782297204.465307,87.75,200,0.07585493700025836
ebf3f9aa-6b84-4491-b2d1-4bad07338f3f,1782297204.378080,1782297204.466211,88.13,200,0.07778790700103855
f47495b2-253d-4622-bdae-0a0b4d8c49e8,1782297204.554590,1782297204.622019,67.43,200,0.06260512700100662
2f4bdb8f-7047-4e29-9f20-485b250f9879,1782297204.642411,1782297204.711348,68.94,200,0.06330157500087807
3e695ec0-68d4-4757-b1b6-a0be39154deb,1782297204.654250,1782297204.790246,136.00,200,0.077693121998891
eb1e0b1a-a81d-437e-9355-28f16a2f2503,1782297204.665418,1782297204.755150,89.73,200,0.0830685849996371
e2399e98-5821-4b98-a15e-0f292fc96567,1782297204.674363,1782297204.831475,157.11,200,0.07525087000067288
0c86b0b5-7268-484f-9308-e33bd8005a9b,1782297204.694462,1782297204.950119,255.66,200,0.08601619099863456
a4f6886c-1982-4223-bcfd-04faaded98bc,1782297204.731103,1782297204.949909,218.81,200,0.06848375200024748
3320dd38-6005-4b4b-beee-c5d4f71202d8,1782297204.758890,1782297205.010647,251.76,200,0.05969273200025782
a68a1005-ab12-4bbe-afeb-ee605e254b45,1782297204.776376,1782297205.143299,366.92,200,0.06447915700118756
9789abd2-1959-4720-8578-c7d996240840,1782297204.895255,1782297205.144090,248.84,200,0.06373908200112055
63a1d81d-a376-4001-99ae-4f992f4d35f5,1782297205.071771,1782297205.212630,140.86,200,0.06812782699853415
4c9845ef-c768-4106-8919-2b7fd1383de5,1782297205.148789,1782297205.215081,66.29,200,0.06142991400156461
406f8473-ac3a-450c-a8f1-54ffe892a146,1782297205.202783,1782297205.282860,80.08,200,0.06622887999947125
118aee36-8615-4a5d-8b99-03bdd858f9e5,1782297205.212883,1782297205.279079,66.20,200,0.059820410000611446
4d0c5df5-18bf-4000-a792-2e24816c7dca,1782297205.222660,1782297205.352089,129.43,200,0.06739578500128118
3ea22904-8b52-4be9-959f-c999dc41a3ec,1782297205.225749,1782297205.443812,218.06,200,0.08985516400025517
1e31f017-0aec-412c-863e-c50e0be49742,1782297205.344495,1782297205.434852,90.36,200,0.08244945600017672
6fd852cc-0a0f-421e-9880-d4333ebf4919,1782297205.398780,1782297205.494415,95.63,200,0.058175592001134646
c878e3d8-37e3-4e6b-b149-8348432298d2,1782297205.471349,1782297205.568337,96.99,200,0.07261159900008352
3b042726-c7ce-431a-8e44-e260b0d2efcb,1782297205.472344,1782297205.637570,165.23,200,0.06778395199944498
0535dca6-44e2-4284-9c65-062a62170d1d,1782297205.678012,1782297205.738887,60.87,200,0.05577404399991792
58e39d30-c874-4609-9c61-07a2dc5fb773,1782297205.783310,1782297205.846202,62.89,200,0.05626649199984968
e760b685-b1cf-4bd4-ad73-c2e7cd4de2d4,1782297205.798134,1782297205.936151,138.02,200,0.08626883399847429
489a01c0-4cda-4417-bc9b-90d571f51e66,1782297205.809433,1782297205.875222,65.79,200,0.060670725999443675
fe77ffcd-8fa1-4f87-b431-f5c071dd0b6e,1782297205.821202,1782297205.949330,128.13,200,0.07301525799994124
81855764-f8c2-4ad3-9998-3240375088bf,1782297205.842228,1782297205.999498,157.27,200,0.06177734500124643
709de582-a28f-4344-ab84-da579fbe4d36,1782297205.895234,1782297206.063341,168.11,200,0.06277225699886912
00aca7ef-8438-4187-9f21-c746e0ceece1,1782297206.044852,1782297206.130484,85.63,200,0.06609402499998396
ec5a59e5-2fd4-48a8-8529-bbf97970e37d,1782297206.110985,1782297206.181587,70.60,200,0.06357746200046677
d8086e73-3678-45a4-81cc-0814f78f6795,1782297206.156004,1782297206.251051,95.05,200,0.06803118300013011
07334b75-4bae-4542-8b4c-b731908036df,1782297206.165354,1782297206.328221,162.87,200,0.07435899499978404
094c9b56-d0e8-4be5-9c35-c09c9d96f6f0,1782297206.173425,1782297206.483042,309.62,200,0.06840270799875725
1295899d-532c-4963-8200-ab6bd7e04bd1,1782297206.176514,1782297206.268320,91.81,200,0.0814888989989413
ed5e21b2-53a9-432a-b76f-43b05b82bc43,1782297206.276736,1782297206.483466,206.73,200,0.0837834189987916
b40f1692-6363-4080-bf79-0594fd560b0f,1782297206.322693,1782297206.553823,231.13,200,0.06929809799839859
e5f1e834-3dae-41e3-ab2c-adfa5b3c510f,1782297206.384796,1782297206.623040,238.24,200,0.06795213499935926
ab7cb7f6-4b5b-4418-a52e-460c88f003d9,1782297206.386313,1782297206.682571,296.26,200,0.05850066599850834
f20e3f62-5646-4fd5-8654-de39432a7272,1782297206.560377,1782297206.632107,71.73,200,0.0659460240003682
3fb26d21-04cf-4e39-a9d4-4173aa18f55b,1782297206.649493,1782297206.754396,104.90,200,0.07056216099954327
6f973487-ea8a-458f-ab9f-9083a42ea16a,1782297206.661559,1782297206.746946,85.39,200,0.07613036900147563
407cb424-e99b-490c-9010-2a34df97203e,1782297206.672908,1782297206.822533,149.62,200,0.07405176400061464
501a4f59-7b51-46e9-aa17-208970fff51b,1782297206.681745,1782297206.889731,207.99,200,0.06603953900048509
dd3998fe-6f97-480d-b0d0-5482d40b2ab7,1782297206.699995,1782297206.951433,251.44,200,0.06063313400045445
a48a9ca8-8704-4730-a854-24f69818c543,1782297206.738286,1782297207.015459,277.17,200,0.06254663599975174
51f1044e-4dc7-4b50-836d-24250327aa7b,1782297206.765807,1782297207.078415,312.61,200,0.06212763499934226
254bf435-e786-4587-98e5-c6cd19413603,1782297206.782707,1782297206.851117,68.41,200,0.0631567559994437
57301008-e74c-4a13-9eac-c40bb89dd604,1782297206.889329,1782297207.143629,254.30,200,0.06384513800003333
a860b639-6494-4683-8b17-e32e7710341d,1782297206.996834,1782297207.061184,64.35,200,0.057132959000227856
7dc87ed4-b726-4923-8539-fd71643c8b89,1782297207.042920,1782297207.130056,87.14,200,0.06762013900151942
fc61fec8-d8cb-4333-8d0e-3301c72b9dcb,1782297207.075889,1782297207.189290,113.40,200,0.05801495800005796
d490930c-8461-4c11-abe4-d064a0f8f411,1782297207.082039,1782297207.212458,130.42,200,0.06743820200063055
700257de-c441-4b98-a5f3-c9ab010242e4,1782297207.088303,1782297207.255908,167.61,200,0.06499013699976786
43bc13e1-3b1a-4b21-90fe-352c65e00470,1782297207.089470,1782297207.326246,236.78,200,0.06931654999971215
c1629b2e-8694-439f-9136-fbb15f7514a3,1782297207.163175,1782297207.453474,290.30,200,0.05667552400154818
6cf1e49e-6654-41f7-b42d-1ebfb90b38f4,1782297207.194745,1782297207.454084,259.34,200,0.06751160099884146
5fdefcc6-6f88-4956-86c0-5bc3515b8ea5,1782297207.239967,1782297207.309319,69.35,200,0.06117973899927165
8bcc4e27-5456-49e6-b4a0-a6af2e508b1a,1782297207.240626,1782297207.541738,301.11,200,0.08756916300080775
2e641099-0b00-4b38-9213-a7ac0d2db7c9,1782297207.364790,1782297207.619048,254.26,200,0.0759164699993562
7dcd94ed-876f-4a8d-bcee-97fb43a48338,1782297207.428629,1782297207.507434,78.80,200,0.07259777699982806
af95935b-0385-4540-a80b-b9d202136515,1782297207.437478,1782297207.584193,146.71,200,0.07577163700079836
efe40a50-f9f0-41e3-a6b1-2e0da1d34080,1782297207.444500,1782297207.682587,238.09,200,0.062425121999694966
826ae5ab-e468-4b99-b830-5f6d6ce5ae15,1782297207.451301,1782297207.649247,197.95,200,0.06356033200063393
4bb67b49-4b1d-4b3b-8386-e87741933fc7,1782297207.464542,1782297207.793557,329.01,200,0.07696998000028543
0032342d-6f12-47d7-b000-ffd888ca3969,1782297207.490947,1782297207.793310,302.36,200,0.06425707500056888
dd32adcf-da8f-48a7-a68e-e984c0ef083a,1782297207.511016,1782297207.856400,345.38,200,0.061919001998830936
0ceb19e1-cf6a-4498-ba2b-c7ff73488e76,1782297207.523727,1782297207.754984,231.26,200,0.07130436099942017
05483baf-d754-45f3-b7dd-8dac95731312,1782297207.557098,1782297207.823092,265.99,200,0.06688753199887287
c3a2daad-37dd-45ba-845e-15d63c1614fe,1782297207.563046,1782297208.018736,455.69,200,0.08876896899892017
30410b4b-bc2e-4634-bf79-fc95fdc9f880,1782297207.575546,1782297208.019049,443.50,200,0.06776955699933751
6ce64846-cf6a-4622-8bb7-d9aa4196b3aa,1782297207.591649,1782297207.956745,365.10,200,0.060903785000846256
b3205260-f945-4b2c-847f-0be7fbe758ff,1782297207.612569,1782297207.956505,343.94,200,0.06970916399950511
20b2f1e3-cc8f-40bc-9772-94ee6467aa70,1782297207.668742,1782297208.149901,481.16,200,0.07034744100019452
fa5353b4-9997-4c06-9792-ac105708d6d9,1782297207.675959,1782297208.026550,350.59,200,0.0692116240006726
6f0cb910-f46c-4ebe-9620-04d15b9f498a,1782297207.702071,1782297208.088917,386.85,200,0.06082056699960958
ccd24178-bf03-45af-8cf8-1fc107387d3a,1782297207.893016,1782297208.160719,267.70,200,0.07054841200078954
3110a706-16da-42e0-a699-1ade023e6d84,1782297207.999467,1782297208.149938,150.47,200,0.05705975900127669
93db8e4c-47f1-4a63-9384-6e6a081cb152,1782297208.046684,1782297208.235490,188.81,200,0.07305584799905773
dfccf139-f622-482e-b05b-41d6fa6e091c,1782297208.079328,1782297208.226290,146.96,200,0.07650733099944773
293eee7d-a49a-473b-8ab1-37807458e834,1782297208.085220,1782297208.298808,213.59,200,0.06207948300107091
cd5f9d8c-a7f4-4d86-95ff-881fd501f4bc,1782297208.091877,1782297208.379994,288.12,200,0.07995883999865327
9baa6f4d-bc95-4eec-8d96-62ddcd600d12,1782297208.093092,1782297208.522396,429.30,200,0.06549335300042003
1695a9f4-13ce-40b2-a329-5cbbd102f094,1782297208.165131,1782297208.522085,356.95,200,0.07285355000021809
71fd35a5-d7a7-412e-a5d3-2393306871fd,1782297208.198457,1782297208.296409,97.95,200,0.0685632880013145
7a6ac1e7-f793-48b0-9d87-fccffa2adf78,1782297208.241979,1782297208.601320,359.34,200,0.07830740499957756
ee3482fc-8b5e-4d0d-81f0-49cfb9ad3290,1782297208.242609,1782297208.377036,134.43,200,0.07930138600022474
08c69a38-83ea-4d21-96b0-78a44b858ca5,1782297208.368397,1782297208.676192,307.80,200,0.06618024399904243
ee1d8f73-b176-48be-ada1-87831360af73,1782297208.433546,1782297208.500677,67.13,200,0.06118941499880748
7c3ad305-715c-4c2d-af50-209fa34b96be,1782297208.440500,1782297208.749146,308.65,200,0.0714944489991467
fdc85455-31d0-4f05-9b3e-3ac46843182c,1782297208.447699,1782297208.577291,129.59,200,0.07331735499974457
f00e6e37-f9d8-4f95-a10d-29aeed35c26b,1782297208.454583,1782297208.916844,462.26,200,0.08548976200108882
9339b696-4409-4801-8377-de00f2e17140,1782297208.468401,1782297208.651097,182.70,200,0.07297126699995715
94ff2afa-3c5a-4a91-9150-9ceff0ad78e4,1782297208.494926,1782297208.916364,421.44,200,0.07555371699891111
ab72eb93-94c5-4fbd-a08b-aadccef34e28,1782297208.515145,1782297208.997506,482.36,200,0.07897043299999496
2cfb4678-2a0b-43c6-a4a9-1f5494fc3bc2,1782297208.526876,1782297209.171624,644.75,200,0.09170812699994713
9bd05523-048b-4ade-8f9b-50417bd235d8,1782297208.560940,1782297209.171375,610.44,200,0.07816860599996289
c15372ed-71af-4bd3-8ca5-accbd3dc1e62,1782297208.566015,1782297209.246357,680.34,200,0.07373092899979383
f6053c99-5fe7-40d1-88f7-213587d2bc33,1782297208.578846,1782297209.320907,742.06,200,0.07283874499989906
6fe06721-ee9d-4491-ac98-8039ec78e548,1782297208.595224,1782297208.726007,130.78,200,0.07355033400017419
e095d6b3-827e-414c-9613-cd78a0add120,1782297208.616770,1782297209.418319,801.55,200,0.0880037769984483
000795f7-40fc-44e9-ba5e-d9462c0d8c55,1782297208.671951,1782297209.567605,895.65,200,0.06881670800066786
c47e3d63-fbc8-4f82-9fc4-9b7954e5e8ed,1782297208.679593,1782297208.793218,113.63,200,0.06581709700003557
11cb32c0-44be-4276-bd89-463fd21d594b,1782297208.705660,1782297208.867425,161.77,200,0.06716174699977273
bdb5823a-b103-4d97-8897-2b609bd8cd51,1782297208.893274,1782297208.980392,87.12,200,0.07320200799949816
be8e5727-f7a6-45a8-9b73-9ae35f6d0898,1782297208.993035,1782297209.079009,85.97,200,0.07518081499983964
6db757b5-2b99-4ac6-baf1-6e92dbf55fea,1782297209.036763,1782297209.156393,119.63,200,0.07628847399973893
0d12e27f-ac74-4033-83a4-80de68b7ea84,1782297209.067205,1782297209.566929,499.72,200,0.07732906800083583
3cf25561-5eb2-4dec-a819-abd7449a57e9,1782297209.072986,1782297209.241029,168.04,200,0.08121264999863342
6f7c6e35-7802-4a0a-b7c5-0762277c95bf,1782297209.078222,1782297209.387168,308.95,200,0.07573130200034939
a246c5f0-4945-44ce-b70d-6e85a3b7b002,1782297209.080200,1782297209.724483,644.28,200,0.08113405699987197
c536c33a-7c9e-42bb-b8fd-ae51ab065a7a,1782297209.147426,1782297209.386754,239.33,200,0.06780272499963758
41425101-b449-408d-bcf9-ffedf9356bf1,1782297209.178034,1782297209.559988,381.95,200,0.083684543000345
9b71a132-e140-4874-8f91-8db47382084a,1782297209.218953,1782297209.559366,340.41,200,0.08410214200011978
b95e3bb1-4d83-4914-b8c2-545492a8e908,1782297209.220598,1782297209.724675,504.08,200,0.07282303600004525
864e44e8-d183-4e4b-9f04-e5260680527c,1782297209.336722,1782297209.787325,450.60,200,0.06211119100044016
7e215bf1-618f-4180-b576-569c7d6d5a83,1782297209.397684,1782297209.645841,248.16,200,0.08510524700068345
e7eef1b1-5fe2-4242-af20-58b1064820af,1782297209.403948,1782297209.722646,318.70,200,0.0755437890002213
b2ebfb14-c041-4548-b5de-e50acfb58493,1782297209.410901,1782297209.877872,466.97,200,0.08601591899969208
8c6c6774-a4d3-4ffc-b5bc-4187388d7231,1782297209.417835,1782297209.878176,460.34,200,0.06353601399860054
8a4c382b-890e-4707-8cfe-ab2af32da2f3,1782297209.430274,1782297209.951544,521.27,200,0.0728995199988276
baf2c5d5-86be-45dd-bc9b-2fc7b0d55ce6,1782297209.455115,1782297210.034072,578.96,200,0.0798117030008143
fba23d8e-bffe-49e4-80a2-728ea87e102a,1782297209.473565,1782297209.854871,381.31,200,0.06623128100000031
229bf769-5118-4fc1-b572-f2c1358210f4,1782297209.484921,1782297210.034545,549.62,200,0.09051567999995314
52d5903e-d2e5-4268-928c-31f7f319c840,1782297209.516864,1782297210.034914,518.05,200,0.08224165799947514
52147442-6eb0-4e73-8efd-623c14f5eec3,1782297209.521791,1782297210.120112,598.32,200,0.08578811500046868
66e1368f-ac3e-4cfe-ad20-e9566af4977f,1782297209.534472,1782297210.194040,659.57,200,0.0720308500003739
84666da9-a4cd-4e35-9d96-bcd7db43e574,1782297209.548292,1782297210.200281,651.99,200,0.0888128639999195
7ff080c6-de14-473f-a104-91111090e927,1782297209.568424,1782297210.343005,774.58,200,0.07698240600075223
19e3c76b-a057-4df8-9ce1-b7137b8ff896,1782297209.619801,1782297210.199757,579.96,200,0.07428102499943634
a8c9ba78-23ba-482f-bd94-09c5ebbb296c,1782297209.627035,1782297210.275070,648.03,200,0.07531243199991877
048520de-cc70-4fb4-97cf-8b6f52fba728,1782297209.651397,1782297210.343279,691.88,200,0.06822055899829138
6afc7bb3-05fa-4b88-a028-bbd2b7ee2f1e,1782297209.681815,1782297210.419761,737.95,200,0.07024844599982316
7d26c307-b62e-4b89-bd37-ec13b228421d,1782297209.682788,1782297210.413122,730.33,200,0.0692706330009969
f294b304-ee49-402f-9832-814d0da27ee6,1782297209.896089,1782297210.420571,524.48,200,0.07154069100033666
73db83e1-a2ec-45dd-ae0f-c29900bb802e,1782297209.989649,1782297210.488665,499.02,200,0.06659259799926076
a2fc8287-35c6-44af-8f02-11affda337f6,1782297210.030374,1782297210.484449,454.08,200,0.0652753849990404
df273509-aa97-4456-a7e4-83e54897142c,1782297210.059080,1782297210.556577,497.50,200,0.06719353399967076
806d52b3-67f7-4dd9-91b2-a2bced0f6b71,1782297210.064791,1782297210.626279,561.49,200,0.06847375799952715
14bfcdab-33bb-48f8-ac30-cdb9e886ad5b,1782297210.069320,1782297210.694911,625.59,200,0.06736854999871866
028df2c9-1cbd-49e6-a4ab-c556c14542a1,1782297210.071669,1782297210.646022,574.35,200,0.08221126600074058
0d076ea2-25a5-48a3-a8c2-70a2c97f1295,1782297210.134354,1782297210.645761,511.41,200,0.0729761980001058
abfca55b-c998-4e70-93ac-cc6baef86117,1782297210.162977,1782297210.765720,602.74,200,0.06883666499925312
c547193e-0319-4465-b68c-3a5c1b69a4b1,1782297210.201924,1782297210.835465,633.54,200,0.06707177299904288
6d7f947c-e147-404f-80e0-6a6617e5e287,1782297210.202545,1782297210.899689,697.14,200,0.06298988399976224
21db873e-94ec-4bd4-a0fd-fbfd6d85a5a4,1782297210.312230,1782297211.059079,746.85,200,0.08158019500115188
c777e7f1-00e4-4300-8373-ff63c3d62688,1782297210.367985,1782297210.723922,355.94,200,0.07762194700080727
7194f673-3fb1-48d2-aecc-d2b2b22c3dea,1782297210.374652,1782297210.783283,408.63,200,0.05817363300047873
98d8b67a-a2d1-41e0-bdce-ffa6dd9c790f,1782297210.381578,1782297211.058690,677.11,200,0.07365174900041893
168d8aed-cf7e-4bb3-9997-13adb780bc52,1782297210.388222,1782297210.934706,546.48,200,0.07233342199833714
004f35dd-bada-4d4a-a50f-280c1db6ea2e,1782297210.400509,1782297210.934334,533.83,200,0.07509930999913195
44060026-451f-4362-93de-36f132af326b,1782297210.422395,1782297211.011689,589.29,200,0.07665050200012047
929acb7c-b0d2-476c-8fb8-e60bba903a35,1782297210.440364,1782297211.079634,639.27,200,0.06609256499905314
6160126a-53b8-44ad-9d5e-81fa680f3bc8,1782297210.452166,1782297211.200835,748.67,200,0.07425771499947587
49de1a80-ebb8-45aa-945d-90ad516542c2,1782297210.480949,1782297211.201064,720.11,200,0.06550636300016777
c76407f6-ee86-4aa1-be42-39c1c3309b7e,1782297210.484746,1782297211.227279,742.53,200,0.07367616400006227
19a0fce6-e8c7-4420-af6d-fd8f9ff97284,1782297210.496280,1782297211.226935,730.65,200,0.07059570600176812
60cb9d46-c5f0-4bb5-a873-e199cdc1e061,1782297210.511235,1782297211.269624,758.39,200,0.05938662600055977
b3e3b206-9c40-4ef3-aaa1-a3d2f0cd41e8,1782297210.528605,1782297211.342436,813.83,200,0.07146675500007404
06401d1e-fd9e-4e11-a3ec-f5796e61c4a0,1782297210.577123,1782297211.288446,711.32,200,0.06060783700013417
6f5f09e8-c2b9-463a-8098-92102a26342d,1782297210.584275,1782297211.417544,833.27,200,0.07316447300036089
33d4a8ce-fc69-4b75-8794-ed84bfddd858,1782297210.606766,1782297211.483456,876.69,200,0.06512581899914949
40da254e-adb6-4d28-8d7d-40fc295db380,1782297210.634837,1782297211.638992,1004.15,200,0.07969047700134979
cb51b0af-c2f8-4b0c-aee1-285df3525838,1782297210.635702,1782297211.639355,1003.65,200,0.07117633500092779
c779a285-5145-473f-8790-52a211214c2a,1782297210.665489,1782297211.797335,1131.85,200,0.0825901829994109
30b1b1cd-de06-41a5-95ed-625d753b78b9,1782297210.671850,1782297211.368377,696.53,200,0.07839320300081454
e3003ac5-fa08-400f-bc44-4c332365e97f,1782297210.900682,1782297211.440481,539.80,200,0.07063057800041861
6d2f965a-c27e-4428-9e6b-665943622f27,1782297210.997292,1782297211.516022,518.73,200,0.07444000800023787
78f7a052-4da0-4a05-b117-2d6e5edf062a,1782297211.039706,1782297211.797694,757.99,200,0.070556728000156
4fde1461-3bc8-495d-8c1e-68c8e06a6561,1782297211.069844,1782297211.940660,870.82,200,0.06762492499910877
ec7596f4-b25c-4e74-8325-b769d7833b40,1782297211.074977,1782297211.592720,517.74,200,0.07321000699994329
86ee8954-a900-4ac0-a177-a16246a387b9,1782297211.080666,1782297211.742059,661.39,200,0.07045452300008037
936bab10-9dd6-4133-aabd-96f1c29c3121,1782297211.082217,1782297211.741659,659.44,200,0.07542911199925584
3f80dc98-2ab0-4c4b-b099-c02a6111b873,1782297211.147256,1782297211.812944,665.69,200,0.06929056199987826
390f504e-e7e3-4205-b75f-83119a0a0719,1782297211.177007,1782297211.881186,704.18,200,0.06618432399955054
f07af8da-0aa7-47f7-9b3a-a9f825501a1c,1782297211.216337,1782297212.031275,814.94,200,0.07560834499963676
be84e24d-f944-490b-96d8-c39e8d1ab9cb,1782297211.217211,1782297212.031534,814.32,200,0.07255504699969606
deb7d0f2-b573-44a7-b510-5f2963bb0ccf,1782297211.330862,1782297212.110161,779.30,200,0.07795226499911223
3b5ebb6e-6e1f-4a98-a274-49ed361031a1,1782297211.387850,1782297211.941017,553.17,200,0.07012058500004059
0c48e52c-bcdf-45f5-96f0-20417075b8a4,1782297211.396262,1782297212.083343,687.08,200,0.07111768499999016
1aeeee25-250a-421e-8872-c3bc44fcaa0e,1782297211.402110,1782297212.082492,680.38,200,0.06775897999978042
b955fc47-7ef4-4390-a632-c7b3bbb5bdf8,1782297211.420609,1782297214.987470,3566.86,200,0.08793572099966696
324729da-3755-49da-a73c-11e633d9a7b7,1782297211.444275,1782297214.987035,3542.76,200,0.09648240899878147
d716a9bb-b0b0-4ecb-92d9-c37db6c8ccce,1782297211.462451,1782297215.059086,3596.64,200,0.07088500899953942
b8d37c17-bc73-438f-a27f-504200faceb0,1782297211.474008,1782297214.979838,3505.83,200,0.08640497099986533
d7023820-4516-4d95-9348-768ace316a9b,1782297211.504539,1782297215.135244,3630.71,200,0.07489439599885372
e531f7d2-e11b-4ebb-8464-e142fa45a890,1782297211.508859,1782297215.198613,3689.75,200,0.061910279999210616
fd9a27a8-a670-49f7-8e53-2a5504d7e077,1782297211.520728,1782297215.292633,3771.91,200,0.08884928000043146
fdcfaa79-cb7b-437e-a232-bd09ecf2193a,1782297211.534877,1782297215.442167,3907.29,200,0.07651384700147901
f42158a5-9583-4ab0-b2e2-3e1c556227c8,1782297211.554488,1782297215.442473,3887.98,200,0.07126923999931023
d53b7fe8-f36f-4fd9-b3f3-d3a16f444461,1782297211.604273,1782297215.593548,3989.27,200,0.0828186070011725
d58c8520-0a4c-49f1-b5e1-8331d44e6e35,1782297211.611721,1782297215.593897,3982.18,200,0.06380671499937307
f963dd3a-9540-462c-bd34-d0edceb2d4cc,1782297211.634533,1782297215.680191,4045.66,200,0.08554230800109508
e8f0831a-0e9f-428c-87d0-d8a93cd48624,1782297211.664282,1782297215.764325,4100.04,200,0.08137004699892714
e9dacbd9-24c9-41ae-8289-6486d7e3790a,1782297211.665076,1782297215.904588,4239.51,200,0.07349612899997737
7d7c1aca-3ead-4be0-ba31-7055020cd858,1782297211.695776,1782297215.904872,4209.10,200,0.06343361099970934
5ea581b2-fbee-457a-af2e-cd33666917bb,1782297211.902698,1782297215.060216,3157.52,200,0.07623409299958439
bed39ae6-06dd-439e-96fe-1c54f884c398,1782297212.002180,1782297215.137197,3135.02,200,0.07806961099959153
26557bd3-0f1a-40ed-99c0-627fab696b89,1782297212.046663,1782297215.201707,3155.04,200,0.06351677299971925
9da8ccb8-b864-4c57-850e-4f3c1637f359,1782297212.076609,1782297215.277004,3200.39,200,0.07332012899860274
f8fc84f8-0c43-4a23-ad92-bac564960e0b,1782297212.082914,1782297215.972764,3889.85,200,0.06770592400062014
b7c4604b-dc3c-4158-9643-f4f28df32ed3,1782297212.088660,1782297216.044212,3955.55,200,0.0696967140011111
86901422-ddc8-4446-890f-e9d159cb737a,1782297212.089976,1782297215.346969,3256.99,200,0.06700567199914076
8e8a2779-465c-49f5-a09d-13439232a6df,1782297214.943838,1782297215.512028,568.19,200,0.07408248800129513
a5715565-b66a-44dd-9f4d-e86a584b7c49,1782297214.944715,1782297215.708064,763.35,200,0.09520498900019447
064ed802-f053-4f8c-8970-3de4a7cc2bab,1782297215.061511,1782297216.178277,1116.77,200,0.07166559500001313
f9c1d032-20d8-4bfb-b534-290ea080a870,1782297215.120603,1782297216.263182,1142.58,200,0.07946837700001197
e5c608a4-bfd1-4147-aa4c-6e036520589c,1782297215.129118,1782297215.708435,579.32,200,0.09625313600008667
acd9d339-211b-4b00-9073-ae7a1d0ab90c,1782297215.134933,1782297215.788978,654.05,200,0.0812117789992044
920b791d-b722-49c6-ae7d-685e41db40a8,1782297215.141687,1782297216.430799,1289.11,200,0.08622274400113383
1ed66897-8d2e-4955-8df2-1fbadb155588,1782297215.154652,1782297215.859275,704.62,200,0.06849292200058699
b770a3d6-0596-4d16-b5a9-8ed71400ebca,1782297215.179267,1782297215.930667,751.40,200,0.07035297000038554
99578edf-bffd-4c68-a9b2-b754773a7e87,1782297215.198353,1782297215.993500,795.15,200,0.06077215799996338
b7728113-d6fa-47cb-a31b-1697fb6cedac,1782297215.209450,1782297216.431088,1221.64,200,0.0763568230013334
904ace1c-65fd-477a-a300-49f37fbe1efe,1782297215.240437,1782297216.145041,904.60,200,0.07111797899960948
ba925eb2-4874-4618-8252-c13ad86d6e61,1782297215.246130,1782297216.609558,1363.43,200,0.08063624200076447
56f21d65-44c3-4cb2-9126-173667e1e0d6,1782297215.258308,1782297216.609267,1350.96,200,0.09189082000011695
37d1f575-74dc-48d8-becb-f8721fc76375,1782297215.272297,1782297216.143886,871.59,200,0.07315319900044415
421be312-f73c-432d-b627-e930e71fe20b,1782297215.292548,1782297216.221034,928.49,200,0.06258798000089882
f1dc1612-85b1-44d3-ba08-8ec19e02f6e7,1782297215.344640,1782297216.285307,940.67,200,0.07931782499872497
3eb170ff-3ee0-4529-9bd7-9e42a15aa57b,1782297215.352009,1782297216.690171,1338.16,200,0.07892777400047635
188079ac-502b-4dda-b527-5108321e7b3a,1782297215.375768,1782297216.356971,981.20,200,0.07029436300035741
c38d91c7-791d-4024-89f1-26a1dc2fecf4,1782297215.405160,1782297216.427301,1022.14,200,0.06862954499956686
796a5c30-63b4-45e6-a290-2000cc500f7e,1782297215.406531,1782297216.762352,1355.82,200,0.07054338499983714
48cfeb1a-c8ed-4b5a-b078-613a2c604cc0,1782297215.620243,1782297216.496456,876.21,200,0.06669859300018288
636e6df8-f196-4e13-abfb-d8f9ca1d4d8a,1782297215.703299,1782297216.578020,874.72,200,0.08048793199850479
9a70d741-6d1d-403e-9451-07b5d1d9d929,1782297215.739522,1782297216.738761,999.24,200,0.0808199599996442
d644e2df-1e2c-49bc-ad9d-3c7827a06dd7,1782297215.764371,1782297216.898010,1133.64,200,0.0745120660012617
2eb2cc65-8c01-4cfb-8a39-b77c9ed2d9e5,1782297215.769013,1782297216.898430,1129.42,200,0.05898296399936953
497951b3-f605-4b57-b86e-bfc981bed1c3,1782297215.773895,1782297216.976477,1202.58,200,0.07538641100109089
d0285fd5-9c47-4473-b426-548ee526e7ef,1782297215.775667,1782297216.738211,962.54,200,0.0756831399994553
932572db-9463-4b4a-95cf-b0ee2ae822de,1782297215.831929,1782297217.148679,1316.75,200,0.08653055899958417
19f04906-87fd-4876-b56e-7d1ba23595de,1782297215.857282,1782297216.893907,1036.62,200,0.07506389199988917
61efa8d0-bdd9-4971-8a56-862cf79880f2,1782297215.891659,1782297216.893553,1001.89,200,0.06673546599995461
2c7ed3d4-91ea-4983-b30d-415fac31e485,1782297215.892675,1782297217.148997,1256.32,200,0.08120671399956336
4e6183eb-67ea-4475-af9c-6367f8fe32a5,1782297215.988631,1782297216.964096,975.47,200,0.06911956300064048
b38a9cca-f519-420b-9924-643a96c3ebe0,1782297216.038610,1782297217.041681,1003.07,200,0.0755521070004761
12724b43-2796-48f2-be42-87c09fe723c1,1782297216.045651,1782297217.216362,1170.71,200,0.06675293300031626
e63a75ab-67a0-4f40-8fe9-935997ffcce0,1782297216.050943,1782297217.110253,1059.31,200,0.0671734240004298
4516a9aa-38cf-497b-bc5c-2df50c9a49b3,1782297216.056412,1782297217.298312,1241.90,200,0.07291333700050018
3045d70a-94c7-41f8-a4ae-eec5c5880f26,1782297216.067774,1782297217.295314,1227.54,200,0.0891885490000277
c78d8646-1665-4e1f-a21b-c51ce7b2db04,1782297216.088666,1782297217.295614,1206.95,200,0.08894131400120386
81f8d64f-ce91-49ff-861b-8fff03d7dc41,1782297216.102523,1782297217.452148,1349.62,200,0.07647580099910556
94628af7-210b-409b-ab2b-ba609e330fe2,1782297216.112458,1782297217.452384,1339.93,200,0.07727705999968748
0c600428-0772-42da-b987-44b188b39a76,1782297216.139292,1782297217.447680,1308.39,200,0.07433617200149456
eee6668f-38cb-49c1-9efe-f549a8a78b62,1782297216.142983,1782297217.448012,1305.03,200,0.07145407700045325
101df3bd-df8b-481c-a7ea-1708833a5cd5,1782297216.152597,1782297217.525047,1372.45,200,0.07160644400028104
e903f836-13fa-431f-ab0c-b14e5b2085ff,1782297216.164900,1782297217.589957,1425.06,200,0.06721319800089987
d7647d8d-f0a7-4e72-8c2b-1c7cd719d024,1782297216.182264,1782297217.590680,1408.42,200,0.06474992999937967
6ffb5646-3d77-4954-a4ba-b95369e4df8e,1782297216.224897,1782297217.675086,1450.19,200,0.08282719399903726
97f18421-9151-4d77-a662-bd980ef91f8d,1782297216.231331,1782297217.589679,1358.35,200,0.0641515690003871
39ec72a3-6c27-46a2-b698-72e117d18bee,1782297216.252065,1782297217.826219,1574.15,200,0.07377647900102602
49ca89d1-5b53-462a-9062-fe9d14053227,1782297216.276396,1782297217.962649,1686.25,200,0.06359997100116743
8b88eee3-2800-4a6c-a028-864d7039ecb7,1782297216.277288,1782297217.825997,1548.71,200,0.07355863900011173
68e52541-a2a8-4fc7-adda-3101d98e9cff,1782297216.303734,1782297217.672400,1368.67,200,0.08162977400024829
6bad1ccd-3d3a-4edc-86a5-d853f284baa8,1782297216.308979,1782297217.962417,1653.44,200,0.07023081299848855
9b0a4931-cb38-4d62-9888-94f51a13bfc8,1782297216.310043,1782297218.031612,1721.57,200,0.06839074599884043
4766342d-99db-424e-98f3-be7dbd5e023e,1782297216.393436,1782297218.093328,1699.89,200,0.0595273629987787
aeb25e0c-036a-49da-bf4b-92560762d646,1782297216.486299,1782297218.165118,1678.82,200,0.07071335900036502
387552ca-a1fb-4a5c-bd2d-214c5b5d61f6,1782297216.532446,1782297218.233796,1701.35,200,0.06581382699914684
ba5f9e27-009a-4720-81b4-e091eaa3820b,1782297216.623769,1782297218.385692,1761.92,200,0.07460286000059568
2da40633-b2ac-4cf2-aa06-452a37666e01,1782297216.723433,1782297218.385984,1662.55,200,0.07387931799894432
dd59714d-f141-4755-9f47-d607466c99d9,1782297216.767092,1782297218.464679,1697.59,200,0.07816039600038494
58195093-4072-431c-9b10-924662da6edb,1782297216.798135,1782297218.536438,1738.30,200,0.06984619900140387
49d63697-7c67-45fb-a540-eef9247560be,1782297216.803303,1782297218.599904,1796.60,200,0.062133466999512166
b22cb313-ca82-4e60-a6bd-bdf0438cad03,1782297216.809054,1782297217.748760,939.71,200,0.07416960899900005
47e06076-763f-4feb-8580-59210992b88e,1782297216.810794,1782297217.824436,1013.64,200,0.06721804900007555
4a48e134-84f6-44a7-a192-1c23d0d00fc3,1782297216.878145,1782297218.677942,1799.80,200,0.0765179280006123
bb4a98a6-eff6-46cf-9357-9292ab432ee8,1782297216.909026,1782297217.961260,1052.23,200,0.06578374799937592
4b273b0c-ff23-42c7-9f22-d5f1442f1510,1782297216.949645,1782297217.961520,1011.87,200,0.06740062099925126
1e2dd99d-55f9-4c4b-adf5-4ec01aaa5d20,1782297216.950606,1782297218.029190,1078.58,200,0.06769383199934964
4610bd71-7474-49a9-8be6-2903d7a5162b,1782297217.067597,1782297218.094225,1026.63,200,0.06376874800116639
6c39caf8-6f3e-4486-ab59-ea0036692e0a,1782297217.126693,1782297218.167831,1041.14,200,0.07230030299979262
084fe684-56ed-4839-a4fe-0b0dd33209cd,1782297217.134633,1782297218.245146,1110.51,200,0.07387263999953575
54c2a89f-92f4-431d-b40b-ee19711b217b,1782297217.141319,1782297218.325653,1184.33,200,0.07965515300020343
b5d8510a-f9a0-4e65-add0-f48029314ea0,1782297217.148212,1782297218.752782,1604.57,200,0.0726337500000227
a0dfc5f2-ef43-47d6-a593-fc0b029d3944,1782297217.160810,1782297218.395371,1234.56,200,0.06826415000068664
34bb685c-692d-4dda-8ecc-7b43b87784b5,1782297217.185467,1782297218.826993,1641.53,200,0.07300941600078659
58dc001a-722f-4cf3-9c43-dd2937002e7a,1782297217.204396,1782297218.894681,1690.29,200,0.06421811400105071
34827572-965a-4638-abb4-b5ab6ef04f65,1782297217.216389,1782297219.063447,1847.06,200,0.08232494699950621
076aa0f3-9b1a-44cc-936f-bdb14b179d29,1782297217.247145,1782297218.471592,1224.45,200,0.07467615699897578
37e9892e-678c-481b-9a54-f1afd842c26d,1782297217.251942,1782297218.647578,1395.64,200,0.08652643599998555
d85ab58b-d4f4-494a-a8a3-0524dd7ac96e,1782297217.264766,1782297219.063145,1798.38,200,0.08279050800047116
6b6965a6-6ec6-4db4-877d-0460633bcf6b,1782297217.278557,1782297218.647099,1368.54,200,0.08215087099961238
311ac520-e3f7-425d-ab41-0973f8d36acb,1782297217.300583,1782297218.728598,1428.02,200,0.07877257200016174
dafff873-218e-43e7-9a85-217dc6787fdd,1782297217.350778,1782297219.143901,1793.12,200,0.080168729999059
1ea79319-28f8-4e06-9a97-69ea4d2df9c1,1782297217.357783,1782297219.336228,1978.45,200,0.10388852799951565
da0e4a0f-e651-46e7-b320-fdb086b70ede,1782297217.381661,1782297219.336578,1954.92,200,0.08137657699990086
95828898-6c31-42c0-90c1-77668a25fa7d,1782297217.412106,1782297219.404108,1992.00,200,0.06549209900003916
2eaa2572-b742-47a2-a78c-a8e7a5b6c35c,1782297217.413040,1782297219.550573,2137.53,200,0.0749956090003252
a929fccf-3e71-4e8e-ae17-10079de3cfab,1782297217.627295,1782297218.815158,1187.86,200,0.081065813999885
34683098-0906-4c24-af42-567bfc1dbdd1,1782297217.720794,1782297218.899773,1178.98,200,0.07297341100093035
172f71c1-3edf-4f65-a0ac-32c606ef53d0,1782297217.761882,1782297219.551088,1789.21,200,0.06836269199993694
223c3e2d-53ae-4543-bbd0-1dd88175ba04,1782297217.791070,1782297219.614080,1823.01,200,0.06198393700105953
c7219f90-2563-4b97-96bf-ffcf907717cb,1782297217.795495,1782297218.977250,1181.76,200,0.07630814999902213
219a9133-525a-4e2f-b00d-030784b32176,1782297217.801310,1782297219.780635,1979.32,200,0.0735884019995865
f0953cf9-ae9f-4700-9d8e-2e0234c66c7a,1782297217.802402,1782297219.780953,1978.55,200,0.0883486989987432
220b7c6f-83bd-4d6f-8606-8dda8b59a9a3,1782297217.866503,1782297219.929218,2062.71,200,0.08097607799936668
43829e36-eb4c-4fa3-b382-495c64c0a0c3,1782297217.895380,1782297219.928618,2033.24,200,0.06422592399940186
64af88a8-e66a-4ab2-8759-30c468481867,1782297217.933955,1782297219.993689,2059.73,200,0.05961702700005844
763e9af1-baf8-4914-b858-20d4c0436ca1,1782297217.934720,1782297220.144747,2210.03,200,0.07427845700112812
bb095970-f548-444d-a985-eb5574d1d3d0,1782297218.042606,1782297219.065945,1023.34,200,0.08577365699966322
4b828020-4d23-4fac-8f12-1739d65ede96,1782297218.098573,1782297220.145045,2046.47,200,0.07187861099919246
fa1bd567-531c-4f83-924b-082bcb940548,1782297218.105731,1782297219.269127,1163.40,200,0.10290684699975827
e7acb052-cf3d-44f6-abdf-80fe83fd6ebe,1782297218.112720,1782297220.213757,2101.04,200,0.06960174199957692
7818032a-a150-4a78-87d5-52fbdbbc4184,1782297218.118981,1782297219.269527,1150.55,200,0.09449175999907311
07e6f94b-6371-4e79-9d9c-fe74a492fe29,1782297218.130277,1782297220.411383,2281.11,200,0.10000940099962463
20231821-2d63-43b6-ba78-7f595bbbdac2,1782297218.153858,1782297219.345511,1191.65,200,0.07525014699967869
ef185280-3bbe-4ca2-a2d7-8f310eee52d7,1782297218.171530,1782297220.410891,2239.36,200,0.08267572400109202
675693af-ee8e-47e8-91a8-b2589e8d724f,1782297218.183079,1782297220.495819,2312.74,200,0.08498797600077523
7332e37b-d52c-49f0-bb24-d1d88b8e32a7,1782297218.211737,1782297219.415489,1203.75,200,0.06842343400057871
38ef4233-217c-4dee-aaab-a1847a274032,1782297218.215647,1782297219.488817,1273.17,200,0.07226888500008499
de244a57-cfdf-40d1-9965-8be208dba02f,1782297218.226724,1782297220.571772,2345.05,200,0.0738081580002472
7d5a200b-197e-41b8-bac0-a295167d829e,1782297218.245058,1782297219.558712,1313.65,200,0.06827655499910179
773e6228-225a-4244-a25a-ad4bd4c98eff,1782297218.261565,1782297220.649039,2387.47,200,0.0753241890015488
19a89c2e-dbe6-464e-8af2-4f5bd598699e,1782297218.307784,1782297220.712935,2405.15,200,0.06212745900120353
5869162a-07b5-42c1-8ec0-cb1e14419637,1782297218.315246,1782297219.696483,1381.24,200,0.06826813299994683
78bd76c8-d508-46f3-8f78-9a473ea2fe23,1782297218.337952,1782297219.697156,1359.20,200,0.06540327099901333
45685ce6-a7cd-4d6a-983a-6ffbe72b716d,1782297218.367025,1782297220.792277,2425.25,200,0.07519306699941808
20334c1a-f460-4841-a332-d7e6601ed4f9,1782297218.367771,1782297220.867310,2499.54,200,0.07567101699896739
4cb374b9-12cd-4bfb-8a7c-bd200a98e8e4,1782297218.396509,1782297219.785774,1389.27,200,0.08909623900035513
119b85cd-cba5-4a9e-b728-c0dfefde96b0,1782297218.403174,1782297219.862568,1459.39,200,0.07515739600057714
071d0e0b-38ca-4ca6-a2cd-e7aee41f2c68,1782297218.627928,1782297220.937996,2310.07,200,0.06900924799992936
e8d58ad2-1469-4999-9d05-4d7d2950ae58,1782297218.713154,1782297219.939855,1226.70,200,0.07370779499979108
8de38950-8c46-4d44-9575-6322639f4e2d,1782297218.750077,1782297220.002254,1252.18,200,0.06136293499912426
5e7a73bb-5835-4f6e-b93a-3d1639d3aa29,1782297218.776419,1782297220.072629,1296.21,200,0.06892126800084952
f673197e-d538-4851-a00f-94e1b949951b,1782297218.781521,1782297221.000108,2218.59,200,0.061026639999909094
79323fea-54e5-4650-8f09-66fb9ad8da7d,1782297218.786130,1782297221.077852,2291.72,200,0.07523083699925337
c7b57020-db6e-4660-a414-0624c625f4d9,1782297218.787347,1782297220.226293,1438.95,200,0.07548391899945273
a3e1b495-dd3f-4b92-8c45-5cc8080592e1,1782297218.845122,1782297220.226693,1381.57,200,0.0752776340013952
bd26ff04-8119-4545-afc0-ecf58c57a237,1782297218.871462,1782297220.328970,1457.51,200,0.10051516400017135
51c07f8d-0644-4472-957c-d4b893af391c,1782297218.906994,1782297221.150079,2243.09,200,0.07094939499984321
35469c4a-8840-4991-a542-67f7a64aa1e3,1782297218.907938,1782297221.244946,2337.01,200,0.08844577700074296
e3351566-fbba-452b-bf9f-5b8244ad5238,1782297219.007472,1782297220.414977,1407.51,200,0.08350038800017501
5018cff2-6163-4630-9dea-43dfa73ac64b,1782297219.058616,1782297220.500946,1442.33,200,0.0856740590006666
d79436a4-3ce1-45e4-a33c-b25cc839e88b,1782297219.064850,1782297221.405656,2340.81,200,0.0924498250005854
a22c89c1-df7e-43d1-925e-7ad9f3890dab,1782297219.070600,1782297220.582767,1512.17,200,0.08070352999857278
db5b4598-cdd8-4bcb-8cdd-b79d0b13b353,1782297219.076610,1782297221.405911,2329.30,200,0.06460955300099158
bc0a9067-2a91-44a7-892a-30c8bb1963ad,1782297219.088090,1782297220.659374,1571.28,200,0.07496486799936974
110d3250-ffaf-446a-84e3-e2c1860b00cd,1782297219.108542,1782297220.729415,1620.87,200,0.06882350399973802
086a9125-8dc5-4711-86da-48de9a564efb,1782297219.125217,1782297220.803379,1678.16,200,0.07263491300000169
e7b37ddc-628c-4038-87b8-8c4ff69892d0,1782297219.134435,1782297221.475617,2341.18,200,0.06833295999967959
644d3d42-c343-4b46-abdb-e13c8b181358,1782297219.161139,1782297220.948799,1787.66,200,0.07317881400012993
b2c871be-b008-4648-9255-16b64c21ebd9,1782297219.165397,1782297220.948534,1783.14,200,0.06879257199943822
3b690668-be6e-4446-99d5-4765c19f3ed9,1782297219.175432,1782297221.095927,1920.49,200,0.06420976800109202
392d3761-3334-46c9-beaa-63684c8ffc3d,1782297219.188372,1782297221.636860,2448.49,200,0.08109831500041764
95a4438e-61b8-4c89-a719-6ce75bc67269,1782297219.205776,1782297221.637314,2431.54,200,0.07505192600001465
12211e99-d4e1-4d52-8fb4-41cfc0ca511f,1782297219.250141,1782297221.700032,2449.89,200,0.06187470199984091
0e56ee52-5175-40a7-ab60-cab1aea03841,1782297219.256508,1782297221.095610,1839.10,200,0.07992511300108163
d11dd325-9a09-48b2-a579-07b57a95b330,1782297219.277756,1782297221.170478,1892.72,200,0.07312564799940446
62c9165f-4f41-41cf-8437-1c5887289082,1782297219.302525,1782297221.905409,2602.88,200,0.1022501879997435
91472867-d517-43e1-85a1-dbeb32ba1a28,1782297219.303462,1782297221.251308,1947.85,200,0.08069604899901606
622a73e9-68dc-49f1-93e9-26f867b760b0,1782297219.331066,1782297221.311620,1980.55,200,0.058392279999679886
ce5f65ec-e44b-4e7b-a85a-2a9845241467,1782297219.336162,1782297221.905906,2569.74,200,0.09530712500054506
3a9fd624-68be-41be-a1c7-005f6906f08b,1782297219.338526,1782297221.977031,2638.50,200,0.07143229799839901
7450b443-ec1e-4dbb-a601-3bad6a15dd04,1782297219.423254,1782297222.059729,2636.48,200,0.0809142130001419
f084c4c6-d5e3-4317-ac79-1521f15bc0f7,1782297219.518737,1782297222.137074,2618.34,200,0.07485923900094349
b9a5a4cb-fd95-48a9-82a9-4b7750bc83dd,1782297219.631978,1782297221.384777,1752.80,200,0.07167611499971827
c81416f7-57bd-4179-a9d0-cdb2daf475a2,1782297219.728840,1782297222.203132,2474.29,200,0.06537750999996206
2f831228-1acb-484d-9758-a707373077eb,1782297219.771708,1782297222.355983,2584.27,200,0.0811920630003442
02f6e1cb-8984-4a3a-9823-db75b20f8ebd,1782297219.801556,1782297221.452047,1650.49,200,0.06600437500128464
97806880-f596-40c1-a8d1-8c39d3292100,1782297219.806398,1782297221.513390,1706.99,200,0.059772110000267276
9cbc8548-a40f-4d54-bdbd-3ef35ccf7a7b,1782297219.812365,1782297221.583256,1770.89,200,0.06876397800078848
318713b0-18f9-4e8a-9245-697f268289cc,1782297219.813572,1782297221.757646,1944.07,200,0.08632055599991872
bc7c5a24-38ee-434e-811e-bb1cd33e661a,1782297219.879244,1782297221.757319,1878.07,200,0.08227370900021924
17bac4bf-b99d-4356-80cb-4511664652c7,1782297219.908209,1782297222.356266,2448.06,200,0.06773581299967191
4e3095b2-3fe3-42b0-9df3-cf413a420f0c,1782297219.947860,1782297222.432324,2484.46,200,0.07515616899945599
038c5c12-f650-4d7b-81f6-d48c8903f55d,1782297219.948501,1782297221.845745,1897.24,200,0.08664954800042324
39d00bcb-5e97-425c-8d72-911dbab7e600,1782297220.062092,1782297222.498009,2435.92,200,0.062323816999196424
02f68d2c-de88-4f07-b731-84e59c981b85,1782297220.119248,1782297221.930894,1811.65,200,0.08392936699965503
5a28e746-a852-4b97-b072-e71891ac6601,1782297220.127831,1782297222.079621,1951.79,200,0.06965452800068306
5c2a5067-f1ca-496e-9159-239c077e1052,1782297220.133689,1782297222.584109,2450.42,200,0.08232719499937957
7084b930-5dc7-459c-b180-e9cf1673f0e8,1782297220.140198,1782297222.079864,1939.67,200,0.07520396899963089
33605303-9e5c-4671-945d-295366329906,1782297220.151765,1782297222.235828,2084.06,200,0.08233125600054336
4c6431ba-7fda-4e80-9545-023fc845e0a6,1782297220.175489,1782297222.683162,2507.67,200,0.09451283799899102
e754e924-ef08-4edf-8ef3-5719d14b6301,1782297220.194366,1782297222.879649,2685.28,200,0.10204345000056492
c0299100-4601-4814-a9aa-acf7abaf3955,1782297220.205410,1782297222.236299,2030.89,200,0.07091881199994532
64a8f9e3-acb8-4028-aa6b-f8f7733e2c21,1782297220.235963,1782297222.307776,2071.81,200,0.0710025839998707
ffcc51ab-990e-4d53-8f28-f98de1cfbc38,1782297220.240404,1782297222.879142,2638.74,200,0.08825362199968367
8b74c85a-6294-4bf5-a5dc-79cb2929ef28,1782297220.253122,1782297222.973900,2720.78,200,0.09424315000069328
8cd27fca-a82c-4b42-bc3c-ae0ee0be5e93,1782297220.266505,1782297222.383631,2117.13,200,0.07391777200064098
1854b844-2b10-4c08-8167-f9e49f3f517b,1782297220.287500,1782297222.457988,2170.49,200,0.07340248800028348
cdbdd834-0b84-45d9-9743-d0901062ceca,1782297220.335662,1782297223.056363,2720.70,200,0.08002024199959124
34ff22a4-808d-42da-86ad-fc18629f89f9,1782297220.343081,1782297222.532413,2189.33,200,0.0723331640001561
99f4b9e6-7736-4a25-80a6-595684f2b8b3,1782297220.365936,1782297222.596511,2230.57,200,0.06249312100044335
aedbdbad-da4f-40ec-ab76-fd3aeb3a3143,1782297220.395304,1782297223.136804,2741.50,200,0.07879574999969918
298637b8-cd51-46fb-b1e3-c5adc5255efd,1782297220.396592,1782297222.751906,2355.31,200,0.07275688699883176
e1fedca5-3a04-478b-a299-41fd1d32004c,1782297220.426711,1782297222.751608,2324.90,200,0.07924168200042914
74edde90-51ae-4211-827e-7e04a2c93968,1782297220.634313,1782297223.202745,2568.43,200,0.06460864400105493
02aedffc-0014-497b-911b-6a82ab9fe97b,1782297220.717227,1782297223.272710,2555.48,200,0.06925115599915443
3d11857e-15d0-4bc6-9f98-df15c67cbe93,1782297220.752780,1782297222.834740,2081.96,200,0.08111908399951062
2113674e-4d50-4472-8f63-f44d012a6c96,1782297220.778268,1782297223.015301,2237.03,200,0.10089087000051222
835626d3-88df-410d-9cde-36ebbb738aa9,1782297220.783368,1782297223.346416,2563.05,200,0.071879335999256
ebf76794-abb2-4389-8e0f-8fb0a5d91184,1782297220.787927,1782297223.015036,2227.11,200,0.07555547800075146
10b334dc-89be-4cd1-84bb-43c7de6bd9d8,1782297220.789682,1782297223.092396,2302.71,200,0.07626070500009519
13f18aed-b6e0-4bee-80d2-f757e8cb5c38,1782297220.845529,1782297223.484031,2638.50,200,0.06702489400049672
651637be-dba4-47cf-87de-f45bf808b5b9,1782297220.871079,1782297223.484423,2613.34,200,0.06737508900005196
a2987201-4bd5-40d5-9a5f-56e928f857ac,1782297220.905038,1782297223.239617,2334.58,200,0.0716008609997516
aa574b15-ccbd-409a-8347-a859664d7e43,1782297220.905695,1782297223.239322,2333.63,200,0.07209669099938765
fc1c7ce6-1c8a-4bb6-a96e-fdd9240f785f,1782297221.003623,1782297223.305989,2302.37,200,0.06580369800030894
29b26dd2-a505-4d42-9398-fac31747df6b,1782297221.053293,1782297223.378429,2325.14,200,0.07116603800022858
3568e7ab-4eda-46e3-9bf1-576529116b11,1782297221.059909,1782297223.450337,2390.43,200,0.07033025900091161
d9edf0fa-7f57-4932-b83c-9dd58d315efb,1782297221.064652,1782297223.552288,2487.64,200,0.06782630900124786
c935c54b-eb2b-4da6-baf8-709a87ac27ff,1782297221.070440,1782297223.511604,2441.16,200,0.06000553200101422
4d8409b2-1063-400d-a8e6-df85b3e0cc9c,1782297221.080667,1782297223.676603,2595.94,200,0.0860231560000102
1de54df7-bc41-4828-8937-93442b97e565,1782297221.102602,1782297223.614287,2511.69,200,0.060718452999935835
246cc8c3-d836-4782-840e-eb6f3a45d57b,1782297221.118297,1782297223.676907,2558.61,200,0.07299240000065765
b193ca38-bb3f-465c-b66d-be28af9d3f91,1782297221.126784,1782297223.746236,2619.45,200,0.06835874300122669
09153b11-1917-43dd-babf-f45171d71125,1782297221.152509,1782297223.690228,2537.72,200,0.07447564100039017
1a8a5756-f1bc-4c5d-8333-ab144654c741,1782297221.157107,1782297223.767145,2610.04,200,0.07408917500106327
8d15305f-6a65-4c24-add2-a76f1d94ef70,1782297221.166655,1782297223.852330,2685.67,200,0.08326084300097136
81ea0376-181d-4868-bde6-e14c88f0981f,1782297221.179286,1782297223.937146,2757.86,200,0.10016938599983405
277191e7-687e-4210-a4a2-836a645a0fef,1782297221.196289,1782297224.029635,2833.35,200,0.08122530600121536
f2334e55-9ae9-4b27-ad8d-e65be87739a4,1782297221.239549,1782297223.937589,2698.04,200,0.08430980699995416
a5dab23c-dcf1-4367-9c9b-402694adf335,1782297221.245748,1782297224.028888,2783.14,200,0.09249070400073833
a7b7f8d1-18ab-4322-b8a5-c9f844c7f8dc,1782297221.266582,1782297224.030288,2763.71,200,0.09184519999871554
1e87d912-e124-43a3-a96a-f45998f4d2ef,1782297221.290073,1782297224.093634,2803.56,200,0.06231468300029519
82ff757a-1f1f-4219-8375-40239ee06faa,1782297221.291338,1782297224.092489,2801.15,200,0.06174029999965569
114409eb-5c0a-4484-84e7-f5a2a3bac7af,1782297221.317667,1782297224.168195,2850.53,200,0.0757919560001028
ba9e6656-214b-48f1-a6af-4e021b49efca,1782297221.323025,1782297224.245832,2922.81,200,0.0752138730003935
da42a4e4-c727-4312-861a-232a9ac79345,1782297221.324301,1782297224.327587,3003.29,200,0.08051118200091878
b45bca1f-b999-446b-93fd-2df154d08b7f,1782297221.407585,1782297224.165189,2757.60,200,0.0702894149999338
6b1280f4-a99f-489f-9b14-b2f329e166ce,1782297221.500875,1782297224.390392,2889.52,200,0.061567529000967625
d862943f-42c4-430a-b006-0b3b9adcc46b,1782297221.547283,1782297224.480226,2932.94,200,0.08451444599995739
38a613a8-f59d-472a-9106-b22b699de035,1782297221.636029,1782297224.243647,2607.62,200,0.07575305799946364
f81f462e-88cb-481f-9e68-c76e408f01cc,1782297221.733216,1782297224.655338,2922.12,200,0.0881675400014501
ea83dada-6ac2-4a15-be5a-10477a574e9c,1782297221.775201,1782297224.413409,2638.21,200,0.09492592499918828
9acd2c87-0519-4711-a43a-a19033799202,1782297221.805586,1782297224.653811,2848.23,200,0.08008849799989548
4ef69646-75e4-41d1-bae8-b4590001385d,1782297221.810685,1782297224.728181,2917.50,200,0.07376498700068623
64e80561-8675-4069-b08a-ee0662090aaf,1782297221.815823,1782297224.801536,2985.71,200,0.07176746799996181
84cde288-c7cf-463c-a1e4-7d8de9535a0d,1782297221.818339,1782297224.413703,2595.36,200,0.06958072899942636
2b2c74ca-eeb7-45cd-8cb3-a8679f0cf9c5,1782297221.883236,1782297224.484445,2601.21,200,0.06948453999939375
5fca8602-58c0-4d7c-a8a9-19c1c8983bc1,1782297221.913100,1782297224.552332,2639.23,200,0.0675889760004793
95d1cdca-e80e-4834-9a30-e20db53082df,1782297221.951859,1782297224.610809,2658.95,200,0.05716307100010454
563a6ddd-3fae-45a4-a7e9-c8edf9c8664b,1782297221.952696,1782297224.688482,2735.79,200,0.07612851900012174
7e1ce2b2-b49c-4d6b-a479-55f00df10409,1782297222.066510,1782297224.878503,2811.99,200,0.07571495400043204
535f22c0-f68a-4299-8c96-3aff4a6afda5,1782297222.123877,1782297224.953186,2829.31,200,0.07360720199903881
6a6c2ddc-f679-40fa-bfe8-9e200d1d5262,1782297222.131371,1782297225.026574,2895.20,200,0.0716369809997559
6beea765-8f25-4403-9d01-0296b6e67a44,1782297222.138284,1782297224.766311,2628.03,200,0.07610685699910391
61a752d8-fd1c-4700-bc6d-8eefa6865890,1782297222.144464,1782297225.137539,2993.07,200,0.10555639499943936
fd5ebbf2-ed4d-4ced-8f7a-fcb6c17df147,1782297222.155777,1782297225.230973,3075.20,200,0.08902728600151022
43a624a5-891a-49f2-a68f-7ced53c8ad58,1782297222.180561,1782297224.844990,2664.43,200,0.07692706600028032
46faa265-46d7-4ff6-a297-7f4a3d27f0ad,1782297222.198100,1782297225.374625,3176.53,200,0.0711658920008631
a5e85205-1699-400a-aee8-f9052956cd02,1782297222.210068,1782297225.374243,3164.17,200,0.06965114000013273
7ea8ced9-90c4-44be-b9fb-a577eee4f932,1782297222.240333,1782297225.540792,3300.46,200,0.08375945700026932
1a295759-a7da-4f8a-8c37-9e0913938347,1782297222.244245,1782297225.541130,3296.88,200,0.07787802799975907
1418474d-fa20-433e-aca1-788d2fd3edf1,1782297222.256136,1782297225.605876,3349.74,200,0.06392450100065616
778cb1a2-de9d-4749-850c-2c16e3dcc33e,1782297222.270192,1782297224.924258,2654.07,200,0.07029777000025206
eea49652-b19b-498c-9354-b1fd1ae2be92,1782297222.291325,1782297224.989953,2698.63,200,0.06429874000059499
b77e93b7-803a-4b84-9df4-8a4534e6fd91,1782297222.339686,1782297225.682990,3343.30,200,0.07530968100036262
75acf7f9-228c-442e-92f3-a9f599cfaf44,1782297222.347168,1782297225.076202,2729.03,200,0.08444039400092151
d0d95432-e3d1-4bae-b535-f8689d49ce2e,1782297222.371129,1782297225.164660,2793.53,200,0.08617748200049391
7a674893-8fe8-41d5-b906-279c55926db3,1782297222.400561,1782297225.845768,3445.21,200,0.08017347000168229
dc1214f0-50ec-46cc-b5da-8dd664ecf5b9,1782297222.401166,1782297225.764984,3363.82,200,0.07895094800005609
9e6fc039-2f4c-42f0-9ab8-847b4e7458e9,1782297222.431273,1782297225.235303,2804.03,200,0.0695487859993591
eb548865-78e7-4076-9ee0-2136ea12263a,1782297222.637372,1782297225.925511,3288.14,200,0.07781408700066095
79cbc70c-bd21-4264-b6cc-18abb62afdc0,1782297222.722421,1782297225.305127,2582.71,200,0.06549754600018787
9b593d3d-b371-410f-bece-119e32e59675,1782297222.761801,1782297225.468672,2706.87,200,0.0854545029997098
9d9ca81a-aeaa-4c80-80a0-94af082a8bb4,1782297222.786175,1782297225.468356,2682.18,200,0.0739529290003702
2c863d92-c009-4bc7-894b-fa9155f119a8,1782297222.790988,1782297225.993357,3202.37,200,0.0658748559999367
906627ef-e1cf-408b-ba7f-18aa196fc712,1782297222.796028,1782297226.093386,3297.36,200,0.09464519199900678
8991e461-ecba-4eb7-be52-efb80ba46d62,1782297222.797575,1782297225.537909,2740.33,200,0.06729944799917575
8859dcc7-c4b9-4028-9847-8992b85f07a3,1782297222.855559,1782297225.681631,2826.07,200,0.06478874400090717
f1c0e576-631e-45c5-a417-b5ca81d259da,1782297222.881910,1782297225.682248,2800.34,200,0.0758259160011221
bf9c9876-fbdd-4a20-9f69-528985f2a5ac,1782297222.916305,1782297225.765809,2849.50,200,0.08130440700006147
8d583d0b-3f08-40de-9cc9-bf06bb26e1cd,1782297222.917330,1782297226.275835,3358.51,200,0.0924253539997153
b75d3911-13c5-4a8e-a912-52eed4a74634,1782297223.017371,1782297225.847733,2830.36,200,0.08124249000138661
d709b9ad-f554-49ad-9c8c-8d8da603858c,1782297223.068884,1782297226.276094,3207.21,200,0.08553983799902198
c4f6fe46-a6a5-4e5b-b72c-d5649ff709b2,1782297223.075288,1782297226.436074,3360.79,200,0.08091124599923205
8b35aea0-552c-46b7-b5dd-09725514c707,1782297223.081222,1782297226.028325,2947.10,200,0.09304456999961985
2501c40b-5174-48a6-bb68-c44a291f2a46,1782297223.086654,1782297226.028575,2941.92,200,0.08278115699977207
9a3777be-1b17-44ec-8e55-373bbecad0a0,1782297223.096723,1782297226.436491,3339.77,200,0.0777866680000443
0a8aad92-cadf-44ea-875c-909c854be1b1,1782297223.118281,1782297226.506610,3388.33,200,0.06903905999934068
dd67e5bc-b197-4324-a829-d7f5ca85b8d7,1782297223.134701,1782297226.114439,2979.74,200,0.08403805699890654
ab1e5b68-b7c5-4332-acf5-8aacfe46085c,1782297223.144210,1782297226.190420,3046.21,200,0.07544677799887722
d995e5a6-39c6-4ba1-97f9-6285f398171a,1782297223.172573,1782297226.584113,3411.54,200,0.0769022889999178
55e40c87-c27d-4b88-8b31-aeea6617f7da,1782297223.175323,1782297226.276736,3101.41,200,0.08327871600158687
a45f529b-0003-4afd-b45b-61c4b915a6cf,1782297223.186961,1782297226.659672,3472.71,200,0.07327241799976036
cd16e95d-6ba5-4ca2-af93-cbdf4970be9c,1782297223.198508,1782297226.740438,3541.93,200,0.07893371600039245
754e7bd5-5ffe-4d4a-8c09-5a8b102adfeb,1782297223.215776,1782297226.358243,3142.47,200,0.0812822009993397
594c68aa-16e7-4357-9dc4-90303ae802d8,1782297223.260197,1782297226.439385,3179.19,200,0.07879363100073533
33cf7f98-2aba-4d53-bea5-fee24f5396b2,1782297223.267015,1782297226.811667,3544.65,200,0.06980981599917868
0d9a6f32-a221-4791-9962-0a2a0f76aeec,1782297223.287592,1782297226.515228,3227.64,200,0.07367693699961819
a77903c8-77b7-428e-9bfd-eb5335170514,1782297223.312958,1782297226.588062,3275.10,200,0.0713627950008231
19b3a985-87c9-4a59-9cc9-546f709cf008,1782297223.313793,1782297226.667020,3353.23,200,0.07618691000061517
447d6ab9-c60b-4859-95c1-675044665ffd,1782297223.340495,1782297226.960828,3620.33,200,0.0762252910008101
ecf067b1-af43-4ca5-b6db-8eb693f2a009,1782297223.346059,1782297226.830914,3484.85,200,0.08169991300019319
6fd85a39-1972-4f65-8c47-9173597db443,1782297223.347341,1782297226.961145,3613.80,200,0.06954318400130433
7d93902a-0ff4-4bc1-b29a-60356ec3b22a,1782297223.433361,1782297226.830340,3396.98,200,0.07651043999976537
64fe16a4-0772-413b-9bc2-fc36cbe2b8ef,1782297223.529458,1782297226.897886,3368.43,200,0.06794443499893532
dafe9525-d623-4255-a9f8-235b86208cb4,1782297223.639991,1782297226.970005,3330.01,200,0.07046032300058869
72e203ac-11b3-4278-83db-f1e2ffcab6c3,1782297223.724666,1782297227.107110,3382.44,200,0.06879416599986143
fbca740a-a29b-4360-8f9f-a24e49d1b47d,1782297223.762395,1782297227.107345,3344.95,200,0.06531171000096947
91396d25-f18a-4006-b3c5-a37a0655e54d,1782297223.788693,1782297227.035259,3246.57,200,0.07238489799965464
38687ee5-b599-41c8-a21e-9ca107fe295c,1782297223.793364,1782297227.105653,3312.29,200,0.06608179199974984
1045ef88-508d-409b-96fc-146d560b09a7,1782297223.798594,1782297227.260913,3462.32,200,0.08193084800041106
37ee77a5-3ac5-413e-8b9a-1edb41e40208,1782297223.799710,1782297227.261188,3461.48,200,0.06900548199882905
5a7cb030-b636-4ff7-8e0e-d5dd344439a4,1782297223.857352,1782297227.336317,3478.97,200,0.07240076299967768
02ffb4da-5fa6-4429-b1ee-28dbea0eb563,1782297223.884088,1782297227.411922,3527.83,200,0.07296923200010497
c1308158-6590-403a-a7d1-e2052e3eeacb,1782297223.918578,1782297227.575880,3657.30,200,0.0853870110004209
ad483567-8f6f-4e12-8ee6-e6a90161aa14,1782297223.919318,1782297227.575392,3656.07,200,0.07466798000132258
738cf193-f6e2-46ce-a691-8911f2425f27,1782297224.020107,1782297227.188244,3168.14,200,0.0803085719999217
3fb57199-6c7f-43ee-b775-f2e31761a85c,1782297224.070990,1782297227.338164,3267.17,200,0.07263402700118604
a80c2b4b-c9a4-493e-80bb-25bbb96c50d1,1782297224.077222,1782297227.742617,3665.39,200,0.0895350340015284
c5794ff0-829b-4441-9cde-772011ae273d,1782297224.083288,1782297227.338376,3255.09,200,0.07418831600080011
f6594be6-6440-4599-ba51-7db74cbc43f5,1782297224.088944,1782297227.397407,3308.46,200,0.05900069500057725
0e25d483-ccdf-46a2-84b9-68eaa33d496c,1782297224.100397,1782297227.742269,3641.87,200,0.07238599199990858
9dbcef02-6541-4234-a677-702e3af60d83,1782297224.121140,1782297227.552005,3430.87,200,0.07167516499976045
74ae594a-cb8c-454c-a7a2-bb7f8160bea5,1782297224.136740,1782297227.551547,3414.81,200,0.07804573300018092
9ed7acf7-f506-4320-97ad-0f2c332728e0,1782297224.146652,1782297227.801683,3655.03,200,0.058693896999102435
85be4454-1db7-4cba-b0bc-a63e09dbf33c,1782297224.173758,1782297227.616457,3442.70,200,0.06497801799923764
9d49b44d-ba5d-4358-a4d5-ebed9b1c0abc,1782297224.178436,1782297227.690560,3512.12,200,0.06536657000106061
e67b39b8-dde6-44b5-b118-02fb077cf696,1782297224.187717,1782297227.758227,3570.51,200,0.06641015199966205
3b4ddfbd-122e-4402-9029-60c8af91895c,1782297224.201088,1782297227.834359,3633.27,200,0.07458783499896526
3298e879-2da8-4bcd-b06e-144fc0a12cc3,1782297224.218542,1782297227.871264,3652.72,200,0.06811035400096443
8d1a46a0-a1e1-48ab-8481-1e80d1ce7477,1782297224.262043,1782297227.895887,3633.84,200,0.06054290400061291
6b1b876a-0035-4e04-b5e4-1b44c5e408fc,1782297224.268457,1782297227.944153,3675.70,200,0.0713635060001252
f0d997e7-17a2-455e-8cc6-39765d7042e8,1782297224.289104,1782297227.968243,3679.14,200,0.07080599400069332
36cd44dc-5264-4edd-998f-f5bf3fd8eedc,1782297224.315059,1782297228.009351,3694.29,200,0.0640205670006253
fa670623-6bba-4b5d-91c1-b60491283e4d,1782297224.315725,1782297228.042586,3726.86,200,0.07275494399982563
a06aed16-0813-409e-bf65-f418298552c1,1782297224.343870,1782297228.084723,3740.85,200,0.07334804499987513
d2c92097-3195-4cd7-a735-15ef023da1d6,1782297224.348225,1782297228.111461,3763.24,200,0.06721701300011773
b7bebd79-ebb9-4de9-8355-c3036602950f,1782297224.350750,1782297228.269947,3919.20,200,0.08313455400093517
66132aa0-dcaa-42c6-9e08-c11d378871ac,1782297224.435691,1782297228.272005,3836.31,200,0.09429865799938852
eb811532-aeb8-4499-a256-12742f60b2da,1782297224.532038,1782297228.342516,3810.48,200,0.0712068350003392
a6fe005f-90bc-4ed9-9e43-b313ac869f42,1782297224.643332,1782297228.510291,3866.96,200,0.09110096199947293
dfb40c84-eae7-4308-9816-9d9adf83bb13,1782297224.723492,1782297228.189007,3465.52,200,0.0745497570005682
8661c340-1041-4697-a59f-0bbbdf71964e,1782297224.758681,1782297228.353364,3594.68,200,0.08666973400067945
9b00119c-c390-42e5-b384-0c10a87ca701,1782297224.783670,1782297228.509862,3726.19,200,0.07118914000056975
8aaea840-1d35-4805-a9f2-dbe9d9a3bb5d,1782297224.787734,1782297228.583298,3795.56,200,0.07254454500071006
6f161a20-0be1-4882-9688-400668314c14,1782297224.792475,1782297228.729004,3936.53,200,0.07328311699893675
4b90742c-a334-4b33-b576-215604ccdb56,1782297224.793791,1782297228.353702,3559.91,200,0.0749476950004464
f186c314-6f51-442e-8db6-aeb87fc0d90b,1782297224.849142,1782297228.428259,3579.12,200,0.0722689949998312
8bb07f99-c94b-447f-b475-53b67c97111a,1782297224.873098,1782297228.728429,3855.33,200,0.06816670800071734
fd76e55d-7e2e-468e-a40e-2c07393d4435,1782297224.907009,1782297228.808379,3901.37,200,0.07906412099873705
4807a7a1-f2ec-446d-8715-6b3fc606b09c,1782297224.907605,1782297228.493720,3586.11,200,0.06539868700019724
f0b2ead7-ada1-4dde-8291-7d4e91cc8d69,1782297225.002443,1782297228.569931,3567.49,200,0.07466628400106856
f8bb51cc-e65c-484d-9bec-871888cf9c6e,1782297225.050322,1782297229.004741,3954.42,200,0.09372992499993416
aba7d7c1-98a9-4ca9-95a9-543ca115b169,1782297225.056512,1782297228.643569,3587.06,200,0.07225534799908928
79aa85d9-07b3-47b7-a912-3c3e0e9834e3,1782297225.061749,1782297229.005168,3943.42,200,0.09510184099963226
df77979c-20ec-4be8-b769-243ca83600c0,1782297225.067646,1782297229.096606,4028.96,200,0.09161810400109971
064a8c27-7731-4acd-aa19-4272b44f1ba5,1782297225.077689,1782297229.195145,4117.46,200,0.09637331999874732
2f78b7f5-6985-4dc2-bfd4-3ea5dae2d9bf,1782297225.098638,1782297229.308793,4210.15,200,0.11124887999903876
51b5b36e-d0b2-4028-8709-e3a0a91fbc00,1782297225.113273,1782297229.398080,4284.81,200,0.08740540999860968
96e72638-dd4d-4f2e-a68a-2dca3f9c6a45,1782297225.122106,1782297229.483335,4361.23,200,0.083052564999889
5e3c3151-5c81-40eb-a4bc-b1243a5bb261,1782297225.147156,1782297229.557915,4410.76,200,0.07323742399967159
660c9f20-0062-4d30-afc4-ab9d09c532d5,1782297225.151830,1782297228.705980,3554.15,200,0.06039163300010841
9d2d2e68-e6c9-4527-bd0f-1f77d28bc1ae,1782297225.160495,1782297228.789443,3628.95,200,0.08067042200127617
70d6957a-2fe9-4d82-b7c5-d922ae82fdf2,1782297225.173189,1782297229.633076,4459.89,200,0.07302220000019588
107edd7c-978b-4f10-bf8c-ec3bda388c2a,1782297225.189616,1782297228.961237,3771.62,200,0.08328370999879553
95ab5d06-42a0-4d49-b2eb-224de22b021b,1782297225.231523,1782297229.703631,4472.11,200,0.06919932699929632
3d9d2991-9338-4d4a-a6d3-c9549bbecafd,1782297225.237244,1782297229.774618,4537.37,200,0.07039018999967084
4a9578b1-1d9b-4e35-b1a5-7baa1b575df8,1782297225.257932,1782297229.855342,4597.41,200,0.07856632299990451
6b602748-16cc-40dc-a584-350d6dbbc5f6,1782297225.281664,1782297228.961586,3679.92,200,0.08365123299881816
f444dc93-2588-4fd6-b0e4-54ba8c21c3d4,1782297225.282893,1782297229.055487,3772.59,200,0.09311289100151043
6d9cc324-c9d8-4ea9-a786-17016a428604,1782297225.307562,1782297229.929049,4621.49,200,0.07250346000000718
4ebf07ff-20a5-4437-8f43-f0b9681c3ebe,1782297225.312991,1782297229.146515,3833.52,200,0.08855689499978325
b462c945-de94-4609-ae08-61e42e642fd2,1782297225.314096,1782297230.131405,4817.31,200,0.09988986500138708
1a131138-9398-42c2-b300-58d5da9208c8,1782297225.394910,1782297229.358264,3963.35,200,0.10342632699939713
f5bf4f68-8d97-4a12-8375-958121ede893,1782297225.486481,1782297230.131143,4644.66,200,0.09396790499886265
6a64a444-0833-44ef-8cd6-08df23e67e01,1782297225.531086,1782297230.227531,4696.44,200,0.09589341399987461
69cfa8d6-95ac-459f-9a77-0d8a103a352c,1782297225.540722,1782297229.357939,3817.22,200,0.1025238790007279
7e94a663-6ad8-4474-a00c-8b20c523f6f5,1782297225.645571,1782297230.367919,4722.35,200,0.13172950799889804
9359f0f1-4638-4c5d-8600-cb023c7e7151,1782297225.723967,1782297230.578427,4854.46,200,0.10465419499996642
1bb136b1-8385-4286-9bea-5911b737b769,1782297225.757965,1782297230.577968,4820.00,200,0.1011727820005035
292dc5f0-a125-4a7e-866e-a2cd3efd9028,1782297225.781892,1782297229.444935,3663.04,200,0.08657125399986398
0b54f85d-0c18-4660-a370-b6d88c531292,1782297225.786252,1782297230.662196,4875.94,200,0.08392578499842784
5638956e-866f-4feb-9378-7cb9a588eeca,1782297225.791066,1782297230.753172,4962.11,200,0.08870050299992727
52d0f06c-62b9-4c88-bf15-9359f68c001c,1782297225.791746,1782297230.849707,5057.96,200,0.09514429900082177
04c724b4-c463-4112-ba0c-a72d1b3a2747,1782297225.846488,1782297230.933611,5087.12,200,0.08252203300071415
52b515b8-9778-4872-857d-336008811e0d,1782297225.869215,1782297231.004472,5135.26,200,0.06905858099889883
dd7102ec-838f-4502-a7a1-2d953bd9a210,1782297225.902110,1782297231.114224,5212.11,200,0.10029675599980692
f8386095-2c5f-452a-bfbc-d20ba7dfa309,1782297225.903000,1782297229.632169,3729.17,200,0.10421571000006224
ac7acd11-d6eb-4b6e-ab37-39bd849155dc,1782297225.995256,1782297229.632687,3637.43,200,0.0764447689998633
818fec7d-9694-4c96-9c7c-dd16e71ca891,1782297226.041711,1782297231.305283,5263.57,200,0.09654863700052374
b1801670-871f-4fbc-87fd-dbf9fc1a7ac6,1782297226.047820,1782297231.304893,5257.07,200,0.09240370299994538
16aa73eb-b726-40ea-a78a-900ae8826c58,1782297226.052910,1782297229.703131,3650.22,200,0.06975024500025029
362eb462-7c6c-4d82-afd3-0f6451d84dc4,1782297226.059025,1782297229.783543,3724.52,200,0.07866271099919686
6cf00789-7a17-4cd0-b5ac-f32fac033b89,1782297226.068459,1782297229.940022,3871.56,200,0.07838593800079252
af2d9aab-dec4-4e71-8381-5c10ca10193f,1782297226.087144,1782297229.940280,3853.14,200,0.0736160819997167
360a73d3-991e-489d-a331-62d115376df3,1782297226.103274,1782297230.009378,3906.10,200,0.06922702699921501
79097c26-bd28-44a6-9074-e3e1bf2ebf80,1782297226.111311,1782297231.395103,5283.79,200,0.08816504499918665
26919a0c-a920-4c21-99b7-ea12242a3889,1782297226.135935,1782297231.488809,5352.87,200,0.08798574799948256
9cce164e-c0fe-4407-9208-e4dd80fad602,1782297226.140078,1782297230.097676,3957.60,200,0.08478737400037062
53ed4c1d-40b6-434d-96f3-ef33f7cbedac,1782297226.149665,1782297231.566625,5416.96,200,0.07782022500032326
3aaf4e55-4d1e-48a9-86aa-53a2270100db,1782297226.161204,1782297230.288743,4127.54,200,0.08244381799886469
a4adee1b-8b54-46cd-8a33-83cda373a4e5,1782297226.177862,1782297230.288438,4110.58,200,0.10444927499884216
d4d18640-d101-4504-a0c5-f552b155650d,1782297226.217726,1782297230.396688,4178.96,200,0.10624429100062116
a5ad234b-7eb9-4d17-87e3-9bc7575a5e4a,1782297226.223456,1782297230.495956,4272.50,200,0.09329857400007313
9001a319-0944-4b14-a7bb-937166e331de,1782297226.242458,1782297230.687181,4444.72,200,0.09760984099921188
b255780d-681a-45a6-bac9-ca5b162a5fdf,1782297226.267097,1782297231.636458,5369.36,200,0.06848309599990898
080281b2-8189-4192-a56b-1121c90815da,1782297226.268301,1782297231.698356,5430.06,200,0.059724710999944364
c2d2fb74-5fa9-4318-8eae-d514deba393f,1782297226.292415,1782297231.836911,5544.50,200,0.06614009700024326
5b6c1a43-b286-4a59-97a0-5191f1f5cfd9,1782297226.297185,1782297230.686767,4389.58,200,0.09030916700066882
00c67162-d76c-4f60-9e7d-01b135cf3c35,1782297226.298290,1782297231.837229,5538.94,200,0.06944597200163116
a2f4b29e-a5c6-48a4-bf95-e921f483113d,1782297226.377501,1782297231.894916,5517.42,200,0.056937679000839125
1c0005a1-a203-4350-920b-d3ce202c9908,1782297226.465550,1782297230.780986,4315.44,200,0.09138022600018303
240d2541-7cd7-4e50-9ea1-d48c239ab697,1782297226.509264,1782297231.965552,5456.29,200,0.06967505399916263
105831d6-b09a-4899-85d3-a1f97c3cd02d,1782297226.519011,1782297230.870240,4351.23,200,0.08975790899967251
93f69412-1ad2-470a-8eae-ad434b412b38,1782297226.521611,1782297232.035616,5514.01,200,0.06830744400031108
49b21e71-b603-408d-803f-f767f71b558b,1782297226.649968,1782297232.113318,5463.35,200,0.07521502300005523
68877992-32b8-42df-8d02-da3475470afe,1782297226.733057,1782297232.312138,5579.08,200,0.09699218299829226
c67bd951-b957-4a88-b7c0-a793b3b1e13f,1782297226.768357,1782297230.957914,4189.56,200,0.08475596700009191
ba646c13-a1a7-4067-a19f-0076f9358ed1,1782297226.794004,1782297232.312397,5518.39,200,0.08588928899916937
10a9fdd9-3ccc-449a-bd5b-7cdc68fad5cc,1782297226.798761,1782297231.036252,4237.49,200,0.07731286799935333
4a3a58bc-9121-4641-b813-8e21763813c3,1782297226.803671,1782297231.113620,4309.95,200,0.07180198300011398
4585abc8-6ae2-4c87-aba3-9377deec3d2c,1782297226.804772,1782297231.204170,4399.40,200,0.09187856500102498
71fd7139-4a28-4261-8d39-3cefdaf1cc3c,1782297226.861286,1782297231.430037,4568.75,200,0.1103532550005184
605152ad-6a8a-4176-a4ff-21f6f434f72a,1782297226.886977,1782297232.381069,5494.09,200,0.06712213399987377
cec69df8-0daf-4522-bb5d-c9f9fef8bc56,1782297226.920907,1782297231.429528,4508.62,200,0.09913895699901332
8c33321f-57d8-4690-a557-7ab6fb0f75c1,1782297226.921461,1782297232.557976,5636.51,200,0.08611057499911112
a55a2d49-1c69-41fa-83f2-4a14a8ab7f96,1782297227.019000,1782297231.505579,4486.58,200,0.07623859999876004
a8ff0a6b-aabf-4ecf-bf36-8cd7a1f4c495,1782297227.068241,1782297232.557648,5489.41,200,0.08484150300137117
4e2d13da-cd07-431a-8667-10751196249c,1782297227.074959,1782297232.629771,5554.81,200,0.07060179400104971
83474074-1d32-4ac9-b45e-ce349ac0b852,1782297227.080564,1782297232.797226,5716.66,200,0.0816118650000135
0b925b8f-6203-4713-9895-06c6025dfb2e,1782297227.085814,1782297232.797559,5711.75,200,0.07062901099925512
743cfe94-ab39-4aff-9fce-840b850a68e2,1782297227.095996,1782297231.581373,4485.38,200,0.0741847900007997
a48460a5-da44-459c-a045-f35cd8b33e2f,1782297227.116905,1782297231.673445,4556.54,200,0.08783748499990907
05422e97-ae5b-4032-b3a3-586cc21279ea,1782297227.133116,1782297232.871227,5738.11,200,0.07388558599996031
91650f7f-2bf2-4cea-ba22-1846e66bf700,1782297227.142093,1782297233.094335,5952.24,200,0.133066255999438
f26faf0c-d0a8-4e8c-908d-8fce6d4edc31,1782297227.169226,1782297231.807832,4638.61,200,0.07169036799859896
d06feaa6-2a79-4c99-99bf-20622ea6ce29,1782297227.172905,1782297233.094674,5921.77,200,0.08273770000050717
f54381e3-2db7-4ce4-a8f1-b7074d4b1909,1782297227.182488,1782297233.172832,5990.34,200,0.07767665500068688
a22b9d63-36fe-4ceb-854e-adecffa7d199,1782297227.195260,1782297231.807589,4612.33,200,0.059857935999389156
ba64e49c-79f4-4a10-bb63-bc3dcb3e9cae,1782297227.212168,1782297231.873517,4661.35,200,0.06562694999956875
4f7f021f-4240-4dbb-808a-1bbeaefe0471,1782297227.254741,1782297233.254104,5999.36,200,0.0785784430008789
3e9b7578-28b9-4d0e-99a6-d064d8498183,1782297227.260782,1782297233.427502,6166.72,200,0.08560928400038392
e81b1c73-82d9-42cd-afee-db6ddf163134,1782297227.281433,1782297233.427863,6146.43,200,0.08143158100028813
29c8aae8-d46e-4454-9512-e312f2043dd9,1782297227.305959,1782297231.946297,4640.34,200,0.07146868299969356
2e26f120-fe20-4c34-ae26-60a6bd681a67,1782297227.307089,1782297232.007735,4700.65,200,0.05948971700127004
fcbcd0b6-2626-4c9f-987c-4e710b93041c,1782297227.333417,1782297232.082366,4748.95,200,0.07302920900110621
30fa16f5-6708-422b-940e-b3b988a18e3a,1782297227.338915,1782297233.493084,6154.17,200,0.06546622800124169
c88d1bc7-1813-46f1-b610-ac1665236c29,1782297227.339811,1782297232.188501,4848.69,200,0.09853742299856094
0b54352f-0ead-42e0-8370-fd208912cb4c,1782297227.423338,1782297233.573199,6149.86,200,0.0790076390003378
a276e7e1-80db-4be8-ae95-c0c89036ce0e,1782297227.517045,1782297232.355227,4838.18,200,0.0918724929997552
f40b0a6a-6294-4d36-b39d-1f087643df52,1782297227.562516,1782297232.354907,4792.39,200,0.07224491700071667
1de9404b-9354-4090-8083-9859a6cd5ef5,1782297227.653395,1782297232.499214,4845.82,200,0.06907440500071971
80c28a5f-1a04-4eaa-893f-aa8476922771,1782297227.747341,1782297232.498009,4750.67,200,0.06885873499959416
41adc4ca-b3cd-4da0-8c11-6d9e26b560f8,1782297227.787600,1782297232.651128,4863.53,200,0.07950243699997372
796aa05c-9005-4729-ad4f-2352c5c9752c,1782297227.817491,1782297233.649820,5832.33,200,0.07449172300039208
6454f81e-824d-4181-bf84-116f364f40fa,1782297227.821896,1782297233.728129,5906.23,200,0.07559534899883147
26741e5f-0a73-4093-97a9-48cfb67cd451,1782297227.827424,1782297232.650566,4823.14,200,0.07078191300024628
2adceb23-6061-417f-8086-38929a2c9439,1782297227.828387,1782297233.791897,5963.51,200,0.062311460000273655
ae52c734-9051-4c8a-916a-a1d5e600bb4f,1782297227.891742,1782297232.792238,4900.50,200,0.06456266399982269
7ddcb21d-f43d-4ee9-b9dc-ffb8f68687ba,1782297227.920616,1782297232.791825,4871.21,200,0.07370011800048815
cdb1505d-7088-4257-924c-1adbbf04a1bb,1782297227.959158,1782297232.965278,5006.12,200,0.09928104900063772
e7dc7d69-c9b4-441e-a582-ed433ee16c34,1782297227.959960,1782297232.863529,4903.57,200,0.07101796800088778
17c138ea-38de-4d90-a7e9-5f0ab25d6924,1782297228.069127,1782297233.958429,5889.30,200,0.08909898999991128
b445aaf8-4626-4f87-9368-24fb54b6bd3b,1782297228.124685,1782297233.057469,4932.78,200,0.08937550200062105
0c76fbd3-8b1c-43fc-98d2-96a53706c211,1782297228.132176,1782297233.958088,5825.91,200,0.07307840300018142
3640357a-7798-49a0-90a5-72a6de5d76e0,1782297228.138904,1782297234.116034,5977.13,200,0.08144931599963456
1697833b-14a2-4e21-84d1-994b864e386e,1782297228.145275,1782297234.115721,5970.45,200,0.07068605600034061
55989e26-215f-4843-ba22-940908feafba,1782297228.156668,1782297234.194638,6037.97,200,0.07937484600006428
d5141802-6c8c-4a78-a361-7c9cf7039848,1782297228.179568,1782297233.140085,4960.52,200,0.0809833940002136
0c8bbdfe-9280-4542-aaa2-af1444d41e2e,1782297228.197615,1782297234.287527,6089.91,200,0.0908708970000589
fb1f874c-68b9-4770-ab26-a53f5d06ec49,1782297228.208147,1782297233.211128,5002.98,200,0.0693976759994257
5e8d3043-05fd-4e43-ad0f-e19cb3f07aea,1782297228.238146,1782297234.364272,6126.13,200,0.07503084899872192
e9def79a-8c7f-44e6-8046-f690065910c0,1782297228.242537,1782297234.436547,6194.01,200,0.07111946700024419
afc0da65-cddc-4fe4-8f57-9977b2b05b75,1782297228.254796,1782297233.283399,5028.60,200,0.07094219499958854
c9166741-ac4f-4383-9ac5-b646d6b1e151,1782297228.267618,1782297234.507620,6240.00,200,0.0695505450003111
c0210ffb-54d4-48db-a79c-8e26d884e311,1782297228.285956,1782297234.584161,6298.20,200,0.07460459499998251
7488d939-4367-4a8b-85b3-126ad4461344,1782297228.334720,1782297233.355802,5021.08,200,0.07043605000035313
c76881bb-4ebc-4d1d-a7b7-2f9e47be8ef3,1782297228.341189,1782297234.666605,6325.42,200,0.08151237399943057
d4578b8a-bc80-40b1-8945-282df0bddfca,1782297228.363646,1782297233.432426,5068.78,200,0.0743261520001397
bb35eef9-b4bb-48d5-ad77-dd8f2d5e27a5,1782297228.392023,1782297233.497414,5105.39,200,0.06338578000031703
c7f39750-9e3c-429e-9b22-bb35b87906c5,1782297228.393048,1782297234.739113,6346.07,200,0.07091850399956456
549fdaae-0fcc-41f1-aac2-b9a019dccf51,1782297228.422931,1782297234.812957,6390.03,200,0.07290709200060519
d90c7352-b341-44dd-85a4-5b36dadf723a,1782297228.428903,1782297233.583223,5154.32,200,0.08347943800072244
4d7ee74a-63df-4999-afec-0c99b504f3d3,1782297228.656423,1782297234.894450,6238.03,200,0.07962085199869762
8aeb9400-2708-4ed8-8b67-ea9e260e0370,1782297228.750001,1782297234.976828,6226.83,200,0.08083942199846206
197d2f51-1c6c-46f2-a0c5-7fcecbf6db73,1782297228.791218,1782297233.733266,4942.05,200,0.07374063400129671
305346c8-60a6-48f2-9168-832dabf598ac,1782297228.820584,1782297233.734076,4913.49,200,0.0726944670004741
e586d28a-69c8-42f7-9544-285da9920da8,1782297228.825172,1782297233.800006,4974.83,200,0.06321174099866766
7f99f441-92f7-4aa3-8fec-5ba6dc651fc4,1782297228.829875,1782297233.967932,5138.06,200,0.0877760790008324
2b2d99e8-3855-4abb-8557-adfeb2f7fae5,1782297228.832025,1782297233.968317,5136.29,200,0.07920679599919822
62a82b54-fa32-4417-babc-ce563cb1a9ba,1782297228.895153,1782297234.048551,5153.40,200,0.07926851400043233
4095cba7-a583-4314-a79a-fe1477f54483,1782297228.924138,1782297234.132225,5208.09,200,0.08256646100016951
f189c3ab-5e16-492f-90e8-ad401d7db240,1782297228.963675,1782297234.399851,5436.18,200,0.11446107899973867
a4462c60-e5ae-4fee-a94d-59bf3ba63575,1782297228.964645,1782297234.210039,5245.39,200,0.07570896499964874
dce1ef66-f79c-46d5-b27c-88cef7e95b1e,1782297229.073385,1782297234.399502,5326.12,200,0.06848662300035357
21e8e3d3-3177-4594-a320-8bcb7403c18c,1782297229.129147,1782297234.478463,5349.32,200,0.07878809299836576
07bd1387-2c2e-4f39-9ee4-8f598ebe0aa5,1782297229.135861,1782297234.552499,5416.64,200,0.07199632599986217
c6198345-450c-4a5b-9d0b-b4f92f55d698,1782297229.142365,1782297234.635559,5493.19,200,0.0815323589995387
824bbfff-4441-4e95-9373-a854fa811ee4,1782297229.148260,1782297234.703570,5555.31,200,0.06691680599942629
025bddd4-ffb9-4997-8b61-f7520632c5c9,1782297229.160068,1782297234.780072,5620.00,200,0.07511985699966317
a4fba2c8-6418-4ad5-884f-820957727234,1782297229.183228,1782297234.865849,5682.62,200,0.08416780999868934
222e6b82-780d-4e43-ba07-fb1ff3443dcc,1782297229.200510,1782297234.950449,5749.94,200,0.08235988299929886
f6714c65-48a4-4df2-9b19-164be481ce5a,1782297229.212504,1782297235.027597,5815.09,200,0.07611005399849091
c081f879-b906-4abd-9c88-4848d644479a,1782297229.241905,1782297235.087286,5845.38,200,0.0580920430002152
106b5b26-6bd9-499b-abf2-d364c74e553c,1782297229.246175,1782297235.153540,5907.36,200,0.06550211800094985
c6cf862e-610d-4abd-b83b-ad094d5add57,1782297229.256534,1782297235.245788,5989.25,200,0.08794091700110584
f339973b-4564-4704-a723-a8a72f6c781c,1782297229.270336,1782297235.348829,6078.49,200,0.10270089300138352
8617866b-c780-4bf2-800c-54547857fdf3,1782297229.289825,1782297235.456597,6166.77,200,0.10440718099926016
671af818-b509-417c-8fcb-e9f3c3683abb,1782297229.337498,1782297235.641015,6303.52,200,0.09150417400087463
d4cffe20-37cc-44d8-9810-64c91c92b2ca,1782297229.345047,1782297235.641389,6296.34,200,0.08822664299987082
98a21f85-f829-4165-9e4e-5ac90e2a4a0f,1782297229.367011,1782297235.740408,6373.40,200,0.09790440799952194
89546d3e-9144-4076-84b7-401ca254f3b8,1782297229.395562,1782297235.824888,6429.33,200,0.06576717999996617
613d7bbe-5098-42dc-aa7c-e491781901a0,1782297229.396580,1782297235.888402,6491.82,200,0.07686212099906697
5ca852c5-c768-4ec5-a1d2-c3d0421dcab9,1782297229.426377,1782297236.038541,6612.16,200,0.08039430100143363
d9c9aaef-b700-47e5-976b-b7a7a053fb19,1782297229.431755,1782297236.038074,6606.32,200,0.06756557600056112
c30d88bf-605c-455c-a759-4e0b18476005,1782297229.658103,1782297236.098010,6439.91,200,0.059261657001115964
48f57e08-0216-41f9-90fe-3688abdd7adb,1782297229.740361,1782297236.166856,6426.49,200,0.06668531600007555
b6564f74-3a20-45b7-b174-a26faef0f95d,1782297229.777197,1782297236.304871,6527.67,200,0.06668935699963185
000737ce-5852-4292-b5a6-1107b3db2fe2,1782297229.802542,1782297236.304347,6501.80,200,0.06782049899993581
08ee1688-79a1-4bba-8281-13bacc3a466f,1782297229.807361,1782297236.377455,6570.09,200,0.07252103499922669
3f33865c-cde5-48cc-a995-631d7c2e4ead,1782297229.812340,1782297236.528795,6716.45,200,0.07668822999949043
f5448477-3980-4b2c-845a-e100fde33043,1782297229.813155,1782297236.448342,6635.19,200,0.06973758800086216
c9e741a7-76f7-44f1-95ff-de5fb47a2fb6,1782297229.869750,1782297229.875169,5.42,502,
a26b242e-7192-44ea-bd0c-742364d6f360,1782297229.894875,1782297229.899384,4.51,502,
1057bf2b-c45c-40bc-92fe-0c510695e853,1782297229.929994,1782297229.936162,6.17,502,
df561f97-9d2d-489a-b22a-df422265976c,1782297229.930856,1782297229.937494,6.64,502,
bc119be5-c1de-4e86-adf5-1088492f9409,1782297230.027023,1782297230.033331,6.31,502,
07273195-3926-47ef-87f3-548d0bedb549,1782297230.076879,1782297230.082099,5.22,502,
463789f9-f116-443c-90c9-9329424d2dd5,1782297230.083658,1782297240.087203,10003.54,502,
e84fb1dc-fcc9-4710-bc85-607ec46356ae,1782297230.088817,1782297240.092911,10004.09,502,
cbedcb5a-95d1-4c41-8c70-20f4606c464b,1782297230.094896,1782297240.100860,10005.96,502,
42302a0b-2104-4605-9f2e-4f686ade2e29,1782297230.104923,1782297240.110428,10005.50,502,
713a5d68-14a9-43f9-92a5-b3f1a9e66112,1782297230.125026,1782297240.129470,10004.44,502,
599a0cfd-e8cc-462a-b09d-13f37aa6d995,1782297230.141071,1782297240.145877,10004.81,502,
52941285-d1e6-479f-8bdd-8f1c561452be,1782297230.150522,1782297240.154975,10004.45,502,
53e4bb81-9abf-4faa-987e-02191583de03,1782297230.177624,1782297240.182935,10005.31,502,
2cb9eca6-616a-4422-afcf-d0cecfeb8fba,1782297230.180813,1782297240.200679,10019.87,502,
5227fa1b-77b6-44bf-8f21-a5299e987834,1782297230.190897,1782297240.203845,10012.95,502,
74a88630-3699-4fc8-b63a-75485985112a,1782297230.205062,1782297240.209859,10004.80,502,
6c767062-9e0a-4b58-ba13-7034de850408,1782297230.221338,1782297240.227073,10005.74,502,
f14e2b8a-d107-465e-94d3-24a1a184f283,1782297230.263453,1782297240.269289,10005.84,502,
c9161fd1-e3c1-4da9-a0ea-24c381ffb85c,1782297230.269617,1782297240.276632,10007.02,502,
0f9ce598-49d7-488c-a60b-d5639074df56,1782297230.288929,1782297240.293609,10004.68,502,
1bdf96e3-b430-42c9-a9cd-b8db9fe359ab,1782297230.315242,1782297240.322642,10007.40,502,
d062acbf-3be4-435f-a50d-62bcbbdbaeaa,1782297230.316228,1782297240.325033,10008.80,502,
178ef6f2-2f6f-414a-89c3-267ad16f4384,1782297230.341583,1782297240.348195,10006.61,502,
37a526ce-5bbc-4883-ad55-25b7a33ebcc6,1782297230.346633,1782297240.353362,10006.73,502,
03aaa53e-aad8-49af-8da8-76c509699105,1782297230.348740,1782297240.356822,10008.08,502,
ce5602b2-2602-4f52-ada0-7574721121f1,1782297230.431528,1782297240.436150,10004.62,502,
68387232-63aa-4b91-8692-facd3a5f5fcb,1782297230.524939,1782297240.531183,10006.24,502,
fc771e28-19f6-4911-9b81-c99a72db0eca,1782297230.571150,1782297240.575490,10004.34,502,
5da41416-f529-49c6-abf8-b36954b6881d,1782297230.664764,1782297240.679452,10014.69,502,
e2faa244-2c9a-4873-a901-75ff9fb1c346,1782297230.741676,1782297240.748171,10006.49,502,
0b470ff2-c572-4be3-a4f3-1f016f1c6212,1782297230.776179,1782297240.782496,10006.32,502,
1b13db0b-4a92-40b5-8c70-3919c96d7f4c,1782297230.800854,1782297240.806672,10005.82,502,
45b9db4e-9cce-478f-acb0-8365b9fd087f,1782297230.804721,1782297240.810757,10006.04,502,
250f7354-3cff-4709-9bcf-14cedfe8947b,1782297230.809172,1782297240.815279,10006.11,502,
86ff5518-b499-4cc5-8d22-307969d43e96,1782297230.810779,1782297233.872763,3061.98,502,
78e50f0f-2c70-4cee-add1-2f25b659d876,1782297230.863578,1782297240.870021,10006.44,502,
e1125926-0638-4670-917d-ee55eeb35e13,1782297230.887636,1782297230.893804,6.17,502,
e4dc6c44-76e8-4c77-91c3-8a525cb17256,1782297230.921609,1782297240.926066,10004.46,502,
e720ed0c-2cd5-479c-82c4-a6210e47605d,1782297230.922195,1782297240.928238,10006.04,502,
78c8db35-7a41-4539-ae24-f22cec62ecf4,1782297231.013660,1782297241.017695,10004.04,502,
4b45a19d-f2f8-4912-932f-70a1f981290d,1782297231.060574,1782297241.065191,10004.62,502,
dca27074-52db-4265-a893-141bf842a8e3,1782297231.066457,1782297241.070994,10004.54,502,
bfff6deb-a5bb-4725-877d-bfba454c9a27,1782297231.072286,1782297241.076818,10004.53,502,
f1efc24e-e276-451a-97be-b0717bd63df6,1782297231.077082,1782297241.083057,10005.97,502,
2bf3e731-af01-48db-86ba-d9fe392ffab8,1782297231.087053,1782297241.092286,10005.23,502,
871752fe-0955-4e7d-87b0-58efa2b284e6,1782297231.105994,1782297241.113710,10007.72,502,
d1ce7206-1a39-4368-ba34-cd8d0269450c,1782297231.122502,1782297241.126349,10003.85,502,
427c6691-acde-40e6-8c64-d115a6913998,1782297231.130538,1782297241.134330,10003.79,502,
f3ec7e0f-6696-4493-9944-73c161b982eb,1782297231.155598,1782297241.160168,10004.57,502,
2a416369-7488-4be0-bc86-441ee12dcc24,1782297231.159320,1782297241.161973,10002.65,502,
2261d44c-a9d3-4d76-bde4-f0054024f120,1782297231.168721,1782297241.174497,10005.78,502,
2d3192a3-7747-4c3f-ad57-c50ed5681f6c,1782297231.181379,1782297241.186807,10005.43,502,
82001eed-f919-4d9d-b456-8ea50d1dfb5c,1782297231.196476,1782297241.202219,10005.74,502,
8adceb32-b4a3-4c64-9cf1-1f565ba66acc,1782297231.236513,1782297241.242436,10005.92,502,
11bead3e-eed6-46b3-a17c-a78974c7d867,1782297231.242701,1782297241.247228,10004.53,502,
28a3c111-baca-4315-99b6-30b4c6880ce3,1782297231.261846,1782297241.268511,10006.66,502,
99caef17-63f6-4bbe-9b35-d9019c1ac65d,1782297231.285251,1782297241.294061,10008.81,502,
cac3b39c-6a58-4811-8b67-e541c362bdf3,1782297231.287577,1782297241.294928,10007.35,502,
e9cd5251-11d5-43d2-b5c8-b53420081c79,1782297231.311384,1782297241.316301,10004.92,502,
2198eb59-34b7-4531-80e9-c6e588063f06,1782297231.315873,1782297241.318634,10002.76,502,
46b932db-8f4e-49ba-9f22-98acd15207b5,1782297231.318183,1782297241.323126,10004.94,502,
6e3e7920-a2a2-4ec8-9311-4f255384a695,1782297231.396063,1782297241.401501,10005.44,502,
020a830c-6691-4e56-9bff-3e26d54eaf93,1782297231.484500,1782297241.490404,10005.90,502,
86f758a4-83bd-4a5f-a808-46d8348a49c9,1782297231.528383,1782297241.532375,10003.99,502,
bc2e0b30-09bb-43f1-849e-b87775564c7d,1782297231.538143,1782297241.542003,10003.86,502,
fa66bed4-f040-4fa2-a656-2d860b7747b0,1782297231.540792,1782297241.546544,10005.75,502,
6148a650-720d-45eb-8624-cd536fe76921,1782297231.665989,1782297239.049106,7383.12,200,0.08079880200057232
e4f0d258-6843-4c2c-8751-f39b8f89318f,1782297231.747844,1782297239.467170,7719.33,200,0.0730852180004149
5bc98518-ffc5-46cd-9177-af8c63da1314,1782297231.784668,1782297240.540089,8755.42,200,0.08503889399980835
896c9c45-709f-46f7-90f2-adb931ed359d,1782297231.809231,1782297240.604955,8795.72,200,0.06394136299968523
cb7ff3f5-f029-4371-8858-75baa83441df,1782297231.813849,1782297241.429307,9615.46,200,0.08112964700012526
19915ca6-d815-4fb7-a621-4bdb9ae6f702,1782297231.819257,1782297241.495521,9676.26,200,0.06517648999943049
6124935f-80a9-4a30-bb44-15b63d725d52,1782297231.820331,1782297241.636240,9815.91,200,0.06393903000025603
26ca2d70-92f7-493e-9469-74be15c494da,1782297231.876491,1782297231.882552,6.06,502,
895228b2-788d-427a-890c-c0383503b880,1782297231.902185,1782297235.984404,4082.22,502,
b5d15eee-3c4f-4b22-9ce9-ce982895be04,1782297231.936668,1782297242.587422,10650.75,200,0.07440564999888011
5f4773fb-b832-4a60-b42c-042420d4f98d,1782297231.937472,1782297242.650481,10713.01,200,0.06186133800110838
be236df3-b88a-42cd-a31a-94fd76c807e7,1782297232.034327,1782297243.766078,11731.75,200,0.06978349600103684
985a2f89-c8e3-4e05-9014-0dee51163584,1782297232.083917,1782297244.730887,12646.97,200,0.07997051900019869
2c0d67ca-b124-424b-b00e-cdb46e9e420c,1782297232.096299,1782297247.896427,15800.13,200,0.09258176499861293
4413fbc2-f106-4c68-b035-588baead3c79,1782297232.101806,1782297248.108845,16007.04,200,0.07037992599907739
bfe95fe0-8a44-4832-b186-076882064a1e,1782297232.111497,1782297248.253555,16142.06,200,0.06726282199997513
2ef27cb0-9f75-487c-9e12-191aa693ecdf,1782297232.133008,1782297249.327385,17194.38,200,0.07591338100064604
c4324465-65ad-40e7-a41d-a195cf00645a,1782297232.148762,1782297249.483469,17334.71,200,0.07639595100044971
e797fbe5-986c-47d5-a303-670079f460e2,1782297232.157877,1782297249.483730,17325.85,200,0.07564579700010654
22e9ebeb-eacd-4179-819a-eead5aced578,1782297232.183745,1782297249.972524,17788.78,200,0.07650013599959493
e5907309-3309-4899-9edc-8cb3f44b1e0f,1782297232.188498,1782297250.111750,17923.25,200,0.06941491500037955
a5450acb-ba34-483b-87d3-e817b7c035d3,1782297232.198003,1782297250.390926,18192.92,200,0.07434019399988756
640d7964-0725-41d7-ac22-c8dd7438a0a0,1782297232.210418,1782297250.629910,18419.49,200,0.082721902999765
14bf1e71-2953-441d-9976-386dab1aab94,1782297232.227757,1782297251.127197,18899.44,200,0.07631060700077796
01ee542a-95c5-4f05-990e-ba677d80d3e1,1782297232.270001,1782297251.670269,19400.27,200,0.07793652300097165
21b17255-18d5-4f87-9663-e7dbb5190efb,1782297232.276586,1782297251.744514,19467.93,200,0.07076773799963121
f0f6e206-1f58-4e78-abb7-95a9f6386e87,1782297232.297212,1782297252.183069,19885.86,502,
8eb31aed-ce50-49f7-b58a-e94266cff5da,1782297232.321182,1782297252.183275,19862.09,502,
fd5aa8fb-0d81-4e1e-9bcd-0459550de757,1782297232.322132,1782297252.183882,19861.75,502,
9afb5eb9-5e8b-4005-8017-e2bafe289243,1782297232.350040,1782297252.215464,19865.42,502,
b70fd620-5988-4d37-87c8-18492e294a73,1782297232.353679,1782297252.213607,19859.93,502,
55c2f00d-1e26-4398-94cc-0ca3a65a17dc,1782297232.355721,1782297252.243946,19888.23,502,
9cf2733d-cf23-4f06-8b93-93259d5870dd,1782297232.438186,1782297252.308707,19870.52,502,
07acf0a1-7db5-43fc-8169-da4183aa9559,1782297232.531876,1782297252.403357,19871.48,502,
13d2af3f-11f6-4806-8478-19bba39ac9b2,1782297232.577286,1782297252.436023,19858.74,502,
bf57fb9a-fb70-4394-9b14-2f901c907796,1782297232.668408,1782297252.532203,19863.80,502,
d45a4cf8-334b-4fff-9ac8-3dc2d88941e3,1782297232.753235,1782297252.633600,19880.37,502,
243ccf97-f95d-4031-b4c3-d93efc0c653d,1782297232.791968,1782297239.992679,7200.71,200,0.06551090699940687
6a77c18e-240a-42ff-97f1-918a4620a24e,1782297232.816832,1782297252.693272,19876.44,502,
1422d70a-a804-4d75-b386-5056c7b8ded5,1782297232.822204,1782297240.070980,7248.78,200,0.07692369299911661
7901b133-44c6-49b0-b4ad-d9e1c13b154b,1782297232.826914,1782297240.148944,7322.03,200,0.07472193200010224
55462d02-b267-44c4-a710-d222fc9784ba,1782297232.828148,1782297252.693946,19865.80,502,
3df02c5c-0048-4782-bf54-aac3e345ca95,1782297232.887844,1782297232.896427,8.58,502,
38f08f27-6ae9-4e24-b49f-039d764a6794,1782297232.912211,1782297240.216115,7303.90,200,0.06822469600047043
d8ba25c0-457d-4db6-a1b2-69e4d5dbdb66,1782297232.947483,1782297252.820607,19873.12,502,
82ed978f-5f15-497e-bf6d-1158972f2f67,1782297232.948868,1782297252.820856,19871.99,502,
2aa120b6-0bcd-49ee-80d8-b20a786c4e2c,1782297233.048017,1782297240.795269,7747.25,200,0.06226431299910473
8b6f85fc-8709-46d9-9a79-2129abf52fab,1782297233.099624,1782297252.982481,19882.86,502,
d9f71d60-a792-4ed5-98bd-7c1c4e2b44e5,1782297233.106248,1782297241.014537,7908.29,200,0.06257504899986088
c67f4d81-7fa9-4ec0-9993-f03b292375a7,1782297233.112325,1782297240.951518,7839.19,200,0.0820325929998944
4ca4711e-89cb-495a-914e-dca0e063563b,1782297233.117513,1782297241.153564,8036.05,200,0.06677388600110135
a65f33a1-373e-40ec-b731-c7a98cd26ec4,1782297233.128970,1782297253.029864,19900.89,502,
5ed2703c-cbe8-4b22-9c48-ca1caf9305e2,1782297233.149612,1782297253.030180,19880.57,502,
c3b49f46-788d-43b8-a78c-17903b1b799d,1782297233.165601,1782297253.046608,19881.01,502,
c7977203-1520-488b-841b-89c0a9053252,1782297233.175519,1782297253.045716,19870.20,502,
c74b4dcb-0f6f-4579-938d-8f21211d2e3d,1782297233.202108,1782297241.372709,8170.60,200,0.07682486600060656
e0f95351-ebe3-45fa-91cc-9a71362d00fe,1782297233.206898,1782297241.481760,8274.86,200,0.10568547900038539
8a4b2745-068b-40ba-9744-c49683653e9c,1782297233.216893,1782297241.651543,8434.65,200,0.0856133889992634
3d1e12ec-4f21-4d7c-a755-51fa43f0f807,1782297233.229443,1782297241.712045,8482.60,200,0.06029434099946229
a52de72e-8d47-407e-8a7f-ba06f46a0119,1782297233.246971,1782297241.651801,8404.83,200,0.08017898300022352
4463c26a-93a1-4a8e-8002-c1abb3ca2721,1782297233.290909,1782297241.856475,8565.57,200,0.06796491099885316
fcd67e8b-b138-4c34-8ad9-9b80f0c66c3d,1782297233.297398,1782297253.174006,19876.61,502,
9976416e-8fac-444d-9dcf-4dc1f643b4eb,1782297233.317959,1782297253.207289,19889.33,502,
1c844935-644a-4041-9133-190b9646692f,1782297233.343405,1782297241.927431,8584.03,200,0.0697533550010121
fc51a5c5-1b61-422b-b315-c40e284fd5df,1782297233.344635,1782297253.207057,19862.42,502,
02466bd2-1784-4dff-adab-720a41981d31,1782297233.373112,1782297242.003210,8630.10,200,0.07498494700121228
08b2862e-5b26-4d70-b6c8-24669d56a42a,1782297233.376664,1782297253.236569,19859.91,502,
659cdd52-9aaa-48b6-8599-143f996cbe3d,1782297233.378312,1782297242.074208,8695.90,200,0.06812748099946475
5f7afd08-641c-42ea-b46d-d7345a68b2aa,1782297233.463898,1782297253.334102,19870.20,502,
c96344d4-35b6-45b7-98df-48deb19734bb,1782297233.560639,1782297242.438633,8877.99,200,0.08665723999911279
520304e0-bbc2-4c72-bd39-0cd69d9aae68,1782297233.671088,1782297239.049263,5378.18,200,0.08909212499929708
e2e33437-63d9-49bc-944d-df7dc7ebfb03,1782297233.738523,1782297239.255946,5517.42,200,0.06628167000053509
68a5f742-a1b1-4034-bb31-a1d2ad7abe61,1782297233.768752,1782297239.814670,6045.92,200,0.07457612899997912
abeceaa3-c74a-4041-9165-f1da7e349146,1782297233.790277,1782297239.736200,5945.92,200,0.06096676900051534
980765a2-fb47-4bcb-81bd-acea188c940d,1782297233.793195,1782297239.674642,5881.45,200,0.06691530499847431
ab5564fb-6acc-4864-929e-3b5971d5e495,1782297233.796702,1782297241.053053,7256.35,200,0.06517280899970501
010c2723-59f0-4498-8138-05dcd0e01132,1782297233.797908,1782297240.986909,7189.00,200,0.07429414499893028
dc0f7692-64d9-43dc-b8b8-973c2b47aa9e,1782297233.844318,1782297241.348455,7504.14,200,0.07628582900179026
7ad2be78-fcf3-49be-8d31-995ba0dd826b,1782297233.865511,1782297241.635800,7770.29,200,0.07225385100173298
eb4c3f28-0079-41f7-9815-b44974b1fd4d,1782297233.894338,1782297242.130114,8235.78,200,0.07304098199892906
013ec27f-66a2-4ec2-a3c8-49fa5cd0f077,1782297233.895267,1782297242.129785,8234.52,200,0.06410764199972618
103de555-e1f7-4dae-a86c-d2274d44bbcf,1782297233.973499,1782297242.511876,8538.38,200,0.06620450199989136
827656c1-c581-4762-b2c7-7a988173f515,1782297234.013388,1782297242.790734,8777.35,200,0.06384481100030825
2a4a5d8d-e916-4cfd-be7e-259fc05c8083,1782297234.019290,1782297243.632143,9612.85,200,0.07592452100107039
90a21190-45ea-455b-b50a-f87a18de380c,1782297234.023346,1782297243.482565,9459.22,200,0.08473015399977157
e503bbcb-7b87-4f93-9722-4d9c17624a7e,1782297234.027953,1782297243.392815,9364.86,200,0.07550135000019509
431c5395-8618-4cb4-bf66-b11715336d36,1782297234.036287,1782297243.313807,9277.52,200,0.06761052799993195
bf1a58fd-a303-4e74-8f48-a756b91f781a,1782297234.054003,1782297244.431103,10377.10,200,0.06775618800020311
d82b6335-ff6b-45d5-ad30-a531ad9a8a10,1782297234.065996,1782297244.431359,10365.36,200,0.07893097399937687
a1951c4e-d66a-412c-a746-2e1cdcbe7144,1782297234.073778,1782297243.695161,9621.38,200,0.062427458999081864
2574383e-58d6-407f-8615-34944cb1e2bf,1782297234.095603,1782297248.036841,13941.24,200,0.06302431200128922
07c3dbfc-a24b-4289-a0ae-a0ff95bea566,1782297234.098969,1782297247.896394,13797.43,200,0.08750710500135028
9ac93b22-9fda-49cd-be25-2e2e1d4ba28e,1782297234.107274,1782297244.807226,10699.95,200,0.07629678000012063
a7ecbba9-593d-41e1-83e4-0475c2004896,1782297234.117389,1782297248.867498,14750.11,200,0.08014141599960567
b777e829-86de-47f0-aa1b-f7ad5339229b,1782297234.130868,1782297248.406902,14276.03,200,0.07223961199997575
081bad7b-23e0-4603-8328-85e465d1c3a0,1782297234.166423,1782297249.251098,15084.68,200,0.07280295000055048
5668b0de-3f35-4253-a90d-0a4f63604946,1782297234.171424,1782297249.251490,15080.07,200,0.06936014900020382
8dc6dbc1-444b-440d-9380-3b92b340e64c,1782297234.187240,1782297249.648145,15460.90,200,0.0831788850009616
6164af65-fb38-4173-8339-b0efc1f35408,1782297234.209202,1782297250.391417,16182.21,200,0.0713011469997582
e3f83375-5780-442e-bff0-a9dc7f73152c,1782297234.209877,1782297250.466209,16256.33,200,0.07478294600150548
c84186b9-e95f-4172-bc46-f01218783631,1782297234.231111,1782297250.241239,16010.13,200,0.06117598799937696
fda6e1d0-3695-4130-9eae-7c738557880d,1782297234.235379,1782297250.629944,16394.56,200,0.06971057900045707
db1791ee-fb54-48c7-81ef-449f9585b2e8,1782297234.236487,1782297250.690544,16454.06,200,0.06751181199979328
032ae181-355a-463b-9f2c-72c532df0712,1782297234.303470,1782297251.348637,17045.17,200,0.07374452100157214
256af933-63ac-41eb-b6cc-c7fba63f6924,1782297234.380649,1782297252.242942,17862.29,502,
cea6ba02-b676-447f-b1e2-3aca7dac6da5,1782297234.419168,1782297252.278263,17859.10,502,
310b9c91-2967-4745-97d5-3270d4b22005,1782297234.426572,1782297252.278570,17852.00,502,
30b85a14-8493-40d5-9bbf-436a9a712041,1782297234.428957,1782297252.278493,17849.54,502,
e99c220c-a792-4769-aa95-41cf9c584e8e,1782297234.454786,1782297252.307405,17852.62,502,
fb7aab62-f58d-4061-86b9-11841d29efaf,1782297234.467758,1782297252.341580,17873.82,502,
13342ce0-7f5e-4358-8c55-9b4d7383dcd9,1782297234.471115,1782297252.382496,17911.38,502,
60014efb-820b-4656-b365-6262cdf3ef76,1782297234.487200,1782297252.374732,17887.53,502,
13db08ff-7c3c-4d25-a3e9-b3feec615734,1782297234.527357,1782297252.414431,17887.07,502,
15df9fff-3543-4c0b-af79-a20ca796e2f1,1782297234.542130,1782297252.405583,17863.45,502,
cc10862c-3b32-4a10-b14b-362173f70a0d,1782297234.676723,1782297244.689632,10012.91,502,
be61dc0d-3d45-4ad3-8d2d-62276f85760b,1782297234.759285,1782297239.191280,4432.00,200,0.0735521990009147
3915834e-0a2a-4d26-b9e6-6ff1f3a31942,1782297234.795458,1782297239.894744,5099.29,200,0.07897672099898045
a91b9904-b7a6-443b-b300-a12cc880a81c,1782297234.820517,1782297240.770335,5949.82,200,0.08799754599931475
45d70fe4-73e7-4cad-8577-87cdf613b97c,1782297234.826141,1782297240.769974,5943.83,200,0.07313274999978603
43a8b42a-4ef9-4aa1-8ce6-9a6ee9862a25,1782297234.830760,1782297240.837591,6006.83,200,0.06633210399922973
e9eb5c52-293c-4689-a27e-e7a1637553c7,1782297234.831669,1782297240.987210,6155.54,200,0.0719830930011085
81862505-6a6c-4abb-ac69-bbbe6d29ffd8,1782297234.887776,1782297241.771637,6883.86,200,0.07131748399842763
29834c30-b5e9-4445-93b1-d8d1b95f9ef4,1782297234.913659,1782297241.847046,6933.39,200,0.07115897699986817
5d9ce9d9-2fa1-479d-8357-b6cf96607517,1782297234.947554,1782297234.955812,8.26,502,
24883ef7-01bb-4278-b388-767b82bb5c18,1782297234.948367,1782297242.204336,7255.97,200,0.07220539000081772
2c3c61c5-f635-40d7-bd57-25e9c4d48ff6,1782297235.045557,1782297243.018217,7972.66,200,0.06556877600087319
23c0c6eb-ee91-44d9-af66-76ce66b44ddd,1782297235.095332,1782297243.864049,8768.72,200,0.0905317249998916
bf178e7c-a218-43e2-bd9c-e9c251552b30,1782297235.101303,1782297244.016098,8914.80,200,0.07504695700117736
e596dfbe-d5ee-4601-9d4e-4c8621f88e3a,1782297235.107606,1782297244.016343,8908.74,200,0.07684369799972046
f7147af4-3080-4407-8963-2db5b969edd5,1782297235.124102,1782297247.972688,12848.59,200,0.07778041699930327
211032fb-270e-4381-8d42-1f16209fb29c,1782297235.144370,1782297248.184782,13040.41,200,0.07465638000030594
8d887b81-719d-4b30-b7c3-40283b601aae,1782297235.160144,1782297248.406545,13246.40,200,0.06903833800060966
19c0e226-d7d1-4331-a065-5be92fb90bc2,1782297235.169483,1782297248.551897,13382.41,200,0.0734282630000962
7a18f772-653a-4d06-bcd5-a03703375289,1782297235.195459,1782297249.105693,13910.23,200,0.08314349899956142
4ce07e52-8de2-4de6-9b14-87c2bb3f8257,1782297235.200028,1782297249.824596,14624.57,200,0.0752066310014925
80160f7b-7725-4646-8344-0bb6bacb2aeb,1782297235.209209,1782297249.894139,14684.93,200,0.07033324300027743
2018f087-4cf6-4c3e-8eab-a3448491a994,1782297235.221700,1782297249.552735,14331.03,200,0.06847156100047869
1c6228e0-77eb-422f-b738-054832c6364a,1782297235.239640,1782297250.178576,14938.94,200,0.06633703800071089
4b75c347-f5e3-4377-88f4-b60907a21373,1782297235.281495,1782297250.968828,15687.33,200,0.06922183800088533
ead4dd40-6a8f-4e3b-8068-653db74c65a4,1782297235.288086,1782297251.048422,15760.34,200,0.07780359199932718
f5a08336-f9be-432d-8239-428025626dd4,1782297235.307540,1782297251.272899,15965.36,200,0.07257085799938068
ead880a7-fa85-4549-95bc-f52fa8aa907a,1782297235.332949,1782297251.841656,16508.71,200,0.09415971900125442
6105af0a-75bb-4eaf-9085-04b0a244d31c,1782297235.334695,1782297252.172860,16838.17,200,0.08186482400014938
2cc1066c-513a-4a79-bd44-def35bf87723,1782297235.359571,1782297252.012632,16653.06,200,0.08247177299926989
13c23cde-7be7-4954-98c3-bfeb4c7bca1a,1782297235.364830,1782297252.215541,16850.71,502,
663e9d44-6e03-4ff6-8a82-1f3efd23ffde,1782297235.366963,1782297252.216559,16849.60,502,
0b54a12b-d817-4d4a-b47e-ef437ab68c31,1782297235.450039,1782297252.318928,16868.89,502,
2ba31838-dc74-44ed-8318-d29e23166b43,1782297235.542940,1782297252.374732,16831.79,502,
f5093953-d300-4779-bf9f-ef1d57c335c9,1782297235.589113,1782297252.436029,16846.92,502,
1c7129b5-b1bd-4e03-ad1d-c88d60c09d46,1782297235.684100,1782297248.439750,12755.65,502,
c9c3aa47-e492-4093-aac0-f9f2dfcfe26f,1782297235.764788,1782297240.364606,4599.82,200,0.08690882100017916
753eb3de-8394-42ec-a621-688c190ab76a,1782297235.800394,1782297240.272961,4472.57,200,0.08570604700071272
60e025a6-f36e-49be-bba9-15f5eeae1c7d,1782297235.824386,1782297240.185624,4361.24,200,0.07789154999954917
069991ee-c195-46d0-8e6f-714f9fc74219,1782297235.829297,1782297240.107955,4278.66,200,0.06832163000035507
10e299c8-32f9-4652-9f13-076239a3cf09,1782297235.833805,1782297240.037866,4204.06,200,0.07307157600007486
595799af-746e-4471-a18f-a05ac312f63e,1782297235.835155,1782297240.038429,4203.27,200,0.06622477900054946
49af253a-a208-400b-9fbc-50632bfdc8da,1782297235.890340,1782297241.270092,5379.75,200,0.07622348700169823
a031165e-81b5-4afe-994a-03c99ae7ea44,1782297235.914977,1782297241.909878,5994.90,200,0.06401917999937723
e1431fc2-353c-4f2e-8e2c-533698184659,1782297235.947851,1782297241.989097,6041.25,200,0.07749194900134171
20f02401-4291-41de-994f-003990b6aa4b,1782297235.948486,1782297236.976423,1027.94,502,
d8e8a207-a11c-42e3-9126-361e0eb6e2ca,1782297236.043257,1782297242.791362,6748.11,200,0.07228625999960059
cb9aef7b-f816-4ccd-a3d4-8d7c3d28722c,1782297236.092162,1782297243.632150,7539.99,200,0.07116902000052505
a3105c13-ace4-483e-b849-df85febcd91a,1782297236.097981,1782297243.243541,7145.56,200,0.07853738499943574
4421753c-bc3a-486f-8097-431fe5dba28f,1782297236.103386,1782297244.281417,8178.03,200,0.09890231999997923
c751f5f5-1c74-47d7-8f41-72ffff6b23f3,1782297236.109698,1782297244.177362,8067.66,200,0.07848327299871016
a65def42-26d7-436f-9aaf-73e1dd251c82,1782297236.119008,1782297244.097036,7978.03,200,0.07921497600000293
d46eff53-c4b4-4e48-b5d9-7ec0eaacb054,1782297236.139413,1782297244.730092,8590.68,200,0.07545906599989394
59ee0b39-2c01-497f-9d26-0e9531bef012,1782297236.154970,1782297244.570136,8415.17,200,0.07089550300042902
8e0e7478-4a03-4b2c-b7c0-8855187845e3,1782297236.163608,1782297248.712556,12548.95,200,0.07597499800067453
fdc2e656-bdc4-447f-9833-b409d0361e0d,1782297236.189907,1782297248.712193,12522.29,200,0.08084939200125518
0d59be16-fc11-436b-8ac1-0ba679726b0f,1782297236.193357,1782297248.552149,12358.79,200,0.06894429800013313
9ee09893-c1a6-466f-ba4c-da2aab5d8bcc,1782297236.202595,1782297248.949458,12746.86,200,0.07940547599901038
cf9e9509-2ac2-4874-9d47-10247ff11cff,1782297236.214953,1782297249.106420,12891.47,200,0.06997301800038258
a66f08dc-c684-4ff1-8419-4c06a5e566bd,1782297236.231220,1782297249.824589,13593.37,200,0.09398702399994363
9fc1cbab-33ef-4d02-8308-b32f2e3e7f35,1782297236.273046,1782297250.830268,14557.22,200,0.06374169099944993
c7dbb31c-8348-45e7-8082-10782ba037ef,1782297236.279411,1782297250.765247,14485.84,200,0.07290849299897673
b947f841-0bc0-4d8d-9c58-67a4eaa1b789,1782297236.299726,1782297250.897937,14598.21,200,0.06642707799983327
f109386f-aac1-49bf-9109-087c7b4680ce,1782297236.323424,1782297251.590448,15267.02,200,0.07528571700095199
cdb3d543-d361-4511-93b9-2540407e4a1b,1782297236.324102,1782297251.514427,15190.32,200,0.08558067900048627
91792c86-197a-4834-9abf-10bb8a904fd0,1782297236.349560,1782297251.428228,15078.67,200,0.07838870900013717
98d209e2-d63b-4467-abc8-ec3e188dab52,1782297236.355191,1782297252.172357,15817.17,200,0.0754373370000394
0b670c7d-5306-4446-8867-1f1aaa13e804,1782297236.356308,1782297252.012955,15656.65,200,0.08514003500022227
7b53991a-49d7-443b-bf21-da32278e4472,1782297236.436856,1782297252.286551,15849.69,502,
beeb1c8e-e408-44c0-8740-d981340c10a9,1782297236.528268,1782297252.340567,15812.30,502,
1fb814bc-e884-4c33-ad95-a6d10c3067a8,1782297236.572516,1782297252.374864,15802.35,502,
1184f660-1317-4bda-82b7-b3685317571e,1782297236.583965,1782297252.405533,15821.57,502,
6ff2731e-adea-4097-ad18-c6d8c863a8bf,1782297236.682751,1782297252.499417,15816.67,502,
94059159-333d-4920-94b9-6477cf87ca02,1782297236.764911,1782297238.874415,2109.50,200,0.06605989200033946
fe7d4a84-0fe9-40f0-aa14-9446f26ded5c,1782297236.801424,1782297239.113392,2311.97,200,0.0635060139993584
2ba3690c-455f-4cfa-ac58-739da1dc3da7,1782297236.826672,1782297239.320043,2493.37,200,0.0626333029995294
e697a65d-6f05-436e-a9d4-19a321a9a9a8,1782297236.831355,1782297239.393106,2561.75,200,0.0661465089997364
d68a1f7c-aa4c-4441-a8e4-0756cc207c38,1782297236.835971,1782297239.539959,2703.99,200,0.07180907400106662
54b718ff-4572-41c7-abc2-f833c8701ef8,1782297236.837434,1782297239.675070,2837.64,200,0.06470474500019918
a45447ba-dff1-4f8b-8e9a-bc643bc8edb7,1782297236.893575,1782297241.116300,4222.72,200,0.0620127969996247
228c006e-4e7c-4bd9-ac7e-5225f60029d1,1782297236.919167,1782297241.190321,4271.15,200,0.06438914200043655
5f26b7d8-52dc-40dc-b54e-9644a7a3cb52,1782297236.953730,1782297241.698109,4744.38,200,0.061617895000381395
d308f63d-1ceb-48a8-b12c-f98aa882565b,1782297236.954258,1782297237.968006,1013.75,502,
87bcb991-c375-4b19-bde1-b00fdfd46995,1782297237.051347,1782297242.445116,5393.77,200,0.07567323200055398
19441a37-da52-46fb-9157-48a85e4b1daa,1782297237.101613,1782297243.095927,5994.31,200,0.08415554099883593
3fbd57de-784f-45d8-be45-df76020f76c3,1782297237.107918,1782297243.163549,6055.63,200,0.06594697400032601
ae0c5432-22da-4c1e-835e-85769d6adca6,1782297237.112976,1782297237.114894,1.92,503,
36f1295b-d584-4b07-ba7f-f5e44f8a06ce,1782297237.119321,1782297237.120408,1.09,503,
7ed521aa-ffa0-47ad-9f9c-b4b15fe69422,1782297237.128812,1782297237.130271,1.46,503,
e2fff877-cfc9-4fe3-854c-ab0de4a37141,1782297237.149581,1782297237.150616,1.04,503,
f65c3216-04e7-4d61-8f80-e3cb930dce14,1782297237.166039,1782297237.167183,1.14,503,
a9265483-81da-44cc-b1c5-f5a4e319c371,1782297237.175544,1782297237.176506,0.96,503,
1df35049-3764-404d-bc0d-00962d014c3b,1782297237.201882,1782297237.202997,1.12,503,
ac431e18-91f1-4331-9b15-92b4cc53e244,1782297237.205312,1782297237.206432,1.12,503,
4607922e-a837-40a5-8a1b-90230e0c97e8,1782297237.214937,1782297237.216062,1.12,503,
1f529a4f-a6c7-4efe-aea1-4f412aea7759,1782297237.227412,1782297237.228729,1.32,503,
f0423aaf-aaf8-4a8b-ae80-867a0e51956a,1782297237.245216,1782297237.246279,1.06,503,
39327395-2ed9-442c-a6a4-c4ba652a2acf,1782297237.287637,1782297237.288770,1.13,503,
7f054dce-6f6b-498d-8463-ac1f2843e349,1782297237.293189,1782297237.294246,1.06,503,
8b92a45e-82f8-468d-ae08-e52feec93128,1782297237.313663,1782297237.315006,1.34,503,
cd316c31-7184-43e3-b23f-733a41a6e1cb,1782297237.338457,1782297237.339656,1.20,503,
67be923e-e160-4c1a-adc2-96890cfdd259,1782297237.339825,1782297237.340606,0.78,503,
480f8047-5222-48c8-83cd-4b35e5f9af06,1782297237.365939,1782297237.366970,1.03,503,
240eb5da-2bb6-49ce-b244-30c4fd2d3051,1782297237.371262,1782297237.372198,0.94,503,
3f355400-6ae9-49e0-8db6-0a537282fff1,1782297237.373474,1782297237.374183,0.71,503,
ecfe353c-0483-4a9f-bdd0-d361fd9a0d41,1782297237.455580,1782297237.456558,0.98,503,
98713f50-9cb1-4c20-be2c-b07287424c74,1782297237.549033,1782297237.550357,1.32,503,
012955bf-2093-43e6-9fd0-b271236f08b4,1782297237.594795,1782297237.595920,1.13,503,
08f6a2d4-eb4c-4303-8a01-c93d2ba97960,1782297237.684973,1782297237.693153,8.18,503,
edb8f8b1-7236-4b18-b0fa-334c62b6346d,1782297237.766193,1782297237.769450,3.26,503,
61bbfdeb-5fc1-4eba-b4b0-40d9df72b06c,1782297237.799853,1782297237.801354,1.50,503,
505e348b-0c15-404e-8ca9-b42c43e5f816,1782297237.824761,1782297237.826032,1.27,503,
8d6b2ce0-3f5e-4bb6-8fb8-45833776bb06,1782297237.829411,1782297237.830680,1.27,503,
56fb5d09-24b3-49ca-b1ed-37a7ebc60d5d,1782297237.834019,1782297237.835242,1.22,503,
b940eaee-c03d-472a-a550-56ff55bdf4ef,1782297237.835412,1782297237.836164,0.75,503,
475b0e96-d814-4cdc-b07f-2ba1a19dec06,1782297237.890606,1782297237.891787,1.18,503,
b1c78dd4-cda7-49fe-be33-a8f3b92d8dd0,1782297237.915154,1782297237.916305,1.15,503,
1438d246-2282-4338-b30e-7e3f74ff0f6f,1782297237.948704,1782297237.950348,1.64,503,
66803690-b282-4bab-9fb4-c19a3e52b438,1782297237.949239,1782297237.951210,1.97,503,
a129c81c-f792-4755-9201-a322aec72492,1782297238.043514,1782297242.283607,4240.09,200,0.07893364300070971
05fb4679-140a-4456-a38b-027cf9f68165,1782297238.092251,1782297238.093353,1.10,503,
6c6fc79f-10e7-4c10-a132-895742fa5055,1782297238.098696,1782297238.099673,0.98,503,
b837dbad-6540-4cbd-922a-07fc5f2f170b,1782297238.103894,1782297238.104786,0.89,503,
1d581f2b-496b-412d-99c6-6c51b4b893ed,1782297238.109133,1782297238.109980,0.85,503,
55e9b7c9-ad11-44fa-b194-ae99c95fb117,1782297238.120263,1782297238.121166,0.90,503,
0fd5bca3-edba-46eb-8be2-2a8f74a84071,1782297238.140529,1782297238.141588,1.06,503,
396f0e7a-7159-48da-816c-d65301457fc6,1782297238.155950,1782297238.157376,1.43,503,
dc4fd8db-bc6c-4807-8391-9570728d6045,1782297238.163659,1782297238.164589,0.93,503,
b66f4867-474a-40b3-b937-5dfbd78efc1e,1782297238.188965,1782297238.190058,1.09,503,
a219bb4e-4a1b-43e4-aa83-28d1dae1db88,1782297238.193367,1782297238.194185,0.82,503,
e3c800b7-bdbb-4cb2-8d1c-292e9cc5b971,1782297238.202509,1782297238.203489,0.98,503,
74c64af1-b725-4e75-af9b-f2121d9ad9e8,1782297238.214936,1782297238.216011,1.08,503,
e77d778f-c5cc-4f50-8c21-dcee76a64ee9,1782297238.231369,1782297238.232709,1.34,503,
2488f65f-b9a2-49a8-a7eb-87183be5155c,1782297238.273113,1782297238.274228,1.11,503,
9c5189fe-e606-4eb6-b2a8-010bffd2432a,1782297238.279567,1782297238.280673,1.11,503,
084fc2b3-c90e-4ae0-88e2-677c4a7105f3,1782297238.300045,1782297238.300936,0.89,503,
f55606fe-e8a0-4f36-bf8b-5d3e98bbef89,1782297238.323346,1782297238.324554,1.21,503,
9d61de1e-056a-4dc4-b27b-ac75b1c71e49,1782297238.323878,1782297238.325247,1.37,503,
535a075a-ecdc-4c80-bbb7-3365c93b7441,1782297238.349564,1782297238.350616,1.05,503,
3d16bf34-cd1a-48ef-ad18-d3bd73d3e3b7,1782297238.355003,1782297238.355982,0.98,503,
43fab57a-3226-4659-b172-6b6b21afcb87,1782297238.356209,1782297238.356900,0.69,503,
e1cce878-35ba-4940-9a12-ccaa1952b23d,1782297238.437254,1782297238.438529,1.28,503,
7807c719-534f-49ab-8882-ddd64e28845a,1782297238.527922,1782297238.529061,1.14,503,
b70b914d-0433-487b-99c0-d9b617a8cd71,1782297238.572403,1782297238.573531,1.13,503,
d4b96cb5-4eb5-4873-8d8e-8710d093bbb7,1782297238.581907,1782297238.582988,1.08,503,
80bd62ed-b1f5-49a6-a5e2-cdf87ba65a87,1782297238.688079,1782297238.697458,9.38,503,
55b2c9f3-91f3-4c4d-bcbd-0d698d102072,1782297238.773081,1782297238.774304,1.22,503,
d2799cd8-5450-4e7e-9c17-55895ba616a2,1782297238.811701,1782297238.813536,1.84,503,
8ab57c2c-4340-49ee-9ee6-ef6504ed8393,1782297238.837073,1782297238.838487,1.41,503,
e944a876-11ea-4f16-9fe0-61481b026912,1782297238.840913,1782297238.842353,1.44,503,
8f40acd4-2dff-43ff-9f0c-58d50a266427,1782297238.846960,1782297238.848517,1.56,503,
b24e0bf9-1f40-438a-a511-40a1adc32de9,1782297238.847837,1782297238.850543,2.71,503,
42120dd2-b952-4e66-956b-02c232a754f3,1782297238.905007,1782297240.454011,1549.00,200,0.08980370099925494
a8896baa-41b1-45d0-a029-c06a3df8f888,1782297238.932986,1782297238.934547,1.56,503,
37d7cfc5-6375-49c5-bcac-66c1f7c0b041,1782297238.967064,1782297238.969213,2.15,503,
6db5f3b1-68ef-45b1-a831-c880c8d1b008,1782297238.967594,1782297238.970218,2.62,503,
3984260b-7948-4afd-aa39-eaba4d98a00a,1782297239.067650,1782297242.445955,3378.31,200,0.08210207299998729
8844b5be-a0e4-49cf-82cd-adb54652468f,1782297239.118973,1782297242.872700,3753.73,200,0.0767652119993727
fceb10a4-5480-4ed7-9eda-5e9a852713cb,1782297239.125912,1782297243.017238,3891.33,200,0.07207688200105622
c4553035-4940-4c8d-ae22-f871016f805b,1782297239.131272,1782297239.133189,1.92,503,
d3c9fc40-fb02-492b-a00f-2ce5e5bca4cf,1782297239.136596,1782297239.137889,1.29,503,
2e615b07-49c6-4bc7-b0f8-c75f3d6c93f2,1782297239.148248,1782297239.149646,1.40,503,
97610811-59dc-4bf9-af98-19b177598dcb,1782297239.169066,1782297239.170684,1.62,503,
3787efb4-648a-42e8-813d-be5d09bf3caa,1782297239.185301,1782297239.188731,3.43,503,
a3d717b0-7723-4932-a9c1-55a77a193415,1782297239.195216,1782297244.498435,5303.22,200,0.06614227399950323
812269ef-9ae7-41ad-bc1b-8d2b8ae181b8,1782297239.221197,1782297239.224586,3.39,503,
8a23da8a-ac41-4405-b2f5-cae7c7b215d3,1782297239.225910,1782297239.226715,0.80,503,
8e9eb59d-55ed-4b7f-b4e5-6b819c522869,1782297239.237191,1782297239.238725,1.53,503,
75cd2633-8c5b-405f-a7b5-fa1da6a015a7,1782297239.249243,1782297239.252699,3.46,503,
62052ec0-67fa-4a43-b221-b2361567958b,1782297239.267088,1782297248.867091,9600.00,200,0.0721876509996946
f9becae1-5b6f-492d-8851-97519ec605a7,1782297239.310089,1782297239.312089,2.00,503,
b6fcaf02-49d1-4523-b8c2-1c36891f1c55,1782297239.316472,1782297239.317631,1.16,503,
5a42cf82-81f7-4280-bebc-fe8ed2693ea4,1782297239.337059,1782297250.111329,10774.27,200,0.06571709400122927
1d34516e-9aa3-4a8a-bcad-f39f0fb9a7c5,1782297239.362933,1782297239.364741,1.81,503,
17e1f672-23d0-4523-b42b-1190a28f8bd1,1782297239.363869,1782297239.365745,1.88,503,
674f5ecf-3d3f-434d-81be-e800e99f2dc7,1782297239.391155,1782297239.392691,1.54,503,
06d6d549-13b0-4012-abc4-a2d51bc5edc9,1782297239.396093,1782297251.273292,11877.20,200,0.0704110970000329
9c9865c5-c23a-4b98-9c8b-b1cec501035e,1782297239.397854,1782297239.399880,2.03,503,
e0909f29-95e9-4f93-be0d-4ecdce376cc7,1782297239.483502,1782297252.226972,12743.47,502,
1f7feb21-5ecf-4d1e-b2cb-0c5e5f61d88f,1782297239.579361,1782297252.324286,12744.93,502,
c842addb-fb19-444e-bfe2-a8a44c76d510,1782297239.689867,1782297252.440659,12750.79,502,
034f4b6e-aaee-4166-96ba-9cf350572297,1782297239.769745,1782297252.512665,12742.92,502,
6cf6e6b5-2f2e-4fe4-8595-a0e08b8f7e91,1782297239.805259,1782297252.549480,12744.22,502,
d316edbe-197c-4dbd-b8b6-176f7947708b,1782297239.829766,1782297252.574783,12745.02,502,
0a0c7a7d-4c4e-4770-9b2f-5747db13f781,1782297239.835058,1782297239.837521,2.46,503,
ad3de5ee-86a5-411d-9e24-c97344d0938e,1782297239.839167,1782297239.841269,2.10,503,
fdac67a9-5b3b-477b-94ce-d96a24c752bb,1782297239.840299,1782297239.842790,2.49,503,
8008ffaa-809f-4031-b427-0022f95ebc94,1782297239.896255,1782297252.682937,12786.68,502,
cbadf433-8e2c-43f9-8575-b1990cb9cbe4,1782297239.919626,1782297239.920706,1.08,503,
0263d46a-75a2-4864-8bab-e29822b0ef99,1782297239.953146,1782297239.956042,2.90,503,
43a5e045-593a-4a99-b009-e975b9e8d768,1782297239.953797,1782297239.957133,3.34,503,
b60e1299-71f1-4aa8-812f-663c195250ae,1782297240.048600,1782297240.310658,262.06,200,0.08140341800026363
b059478e-1b84-4590-8b85-b94fe0663a5b,1782297240.096841,1782297240.492380,395.54,200,0.0920195140006399
ca33c8c6-6194-43b2-bc2b-acf1a5ada1b4,1782297240.102974,1782297252.894812,12791.84,502,
a6949f52-dff6-4089-b39f-13df48150ed9,1782297240.109142,1782297252.853508,12744.37,502,
32c7269c-8bef-42d1-a7cb-88f783864ff9,1782297240.114547,1782297252.857680,12743.13,502,
167f2d22-45fa-4dba-a315-fb5f357d8220,1782297240.123924,1782297240.492727,368.80,200,0.0887598129993421
bf9ab3c8-0edc-49f0-9546-7aa277a4f09c,1782297240.144213,1782297240.570997,426.78,200,0.07885494800029846
a218f74d-e06d-4c57-a1c6-a716826bf7cc,1782297240.159681,1782297240.732296,572.61,200,0.08038194900109374
51e7d0d6-6d4f-4ef2-8c2c-1737343ad86a,1782297240.168524,1782297240.732522,564.00,200,0.07732259499971406
85ec57c4-6ac8-41e1-b357-fa21e9e26b98,1782297240.194459,1782297240.951076,756.62,200,0.07070965300044918
117a82b2-c566-48dc-a554-27086bf25489,1782297240.198747,1782297252.946247,12747.50,502,
51d615f0-eda2-4595-a8f6-cb899368806e,1782297240.207773,1782297252.953679,12745.91,502,
58dac60a-9e1d-4691-b2c3-3ef918a62d1a,1782297240.219671,1782297252.964890,12745.22,502,
51f772e0-eae4-4d10-a500-7446dbeb1bc1,1782297240.236235,1782297241.153298,917.06,200,0.06928560300002573
857d24b4-8c9f-4888-b24d-091a3624282d,1782297240.278600,1782297253.031929,12753.33,502,
3c2f5af6-8824-4887-82d8-874c0f72a049,1782297240.284385,1782297253.031724,12747.34,502,
e314b424-734b-407f-9e39-9014dd969667,1782297240.303480,1782297241.225017,921.54,200,0.07082725200052664
8cfc8bb3-e49c-4e15-b884-f07314ce0ef9,1782297240.327415,1782297241.293143,965.73,200,0.0663665009997203
93aed274-7233-4385-91cb-b9e778a6df0c,1782297240.329287,1782297253.080651,12751.36,502,
db8ff82a-b1b6-4215-814a-5e8a9d926a9e,1782297240.354105,1782297253.108860,12754.75,502,
1afa7176-1b5e-49cd-a88b-b339e4d9ff2b,1782297240.359471,1782297241.786883,1427.41,200,0.07315940700027568
ea95d74f-1bb6-43be-8efa-eea0344b02b7,1782297240.361041,1782297253.115750,12754.71,502,
3b389b97-99f9-4fb9-8d4a-24bd09d07f70,1782297240.441652,1782297253.189778,12748.13,502,
23e0da5a-dd2c-41ea-bf05-aa43befdbc53,1782297240.533201,1782297242.167658,1634.46,200,0.08871973700115632
f20211a7-a997-4280-add0-1f45c2c497a8,1782297240.577574,1782297242.277013,1699.44,200,0.1039473420005379
584a5d8d-372a-4f3b-bdc1-ed2c25522cc3,1782297240.587260,1782297253.334102,12746.84,502,
b5116df9-a43f-4043-bd9f-832b95b2f324,1782297240.693610,1782297253.444758,12751.15,502,
f0f0cb5d-01b4-4676-935d-712a3a0afda7,1782297240.778274,1782297253.524716,12746.44,502,
25c942df-d609-42e5-bcef-f510def07af5,1782297240.815666,1782297242.439501,1623.83,200,0.07226166100008413
9182696c-b419-42a8-aa03-4e77d7e0cf55,1782297240.842629,1782297242.504894,1662.27,200,0.06459968499984825
440b6e6c-f60b-4477-aacd-749060ced924,1782297240.847667,1782297242.670228,1822.56,200,0.08567634999963047
6f817555-578b-4392-83fd-69af51c23dd4,1782297240.852496,1782297253.609543,12757.05,502,
4316ad4e-5ac4-4e12-86a1-f0c7c06b4ac0,1782297240.853282,1782297253.612050,12758.77,502,
b83e8dde-152c-4cab-9efb-49c438b3b875,1782297240.911196,1782297242.670700,1759.50,200,0.07388795100087009
a87d6416-d9d1-4e79-be84-23a7f0828e33,1782297240.937781,1782297242.743794,1806.01,200,0.07303529199998593
2d529ac3-4433-4390-a642-35939a271847,1782297240.972434,1782297242.885872,1913.44,200,0.0670328750002227
6136bd70-bc8b-4186-8a1a-17f0ac83ecb0,1782297240.973420,1782297253.762928,12789.51,502,
a80d436c-a0f8-4e39-b55f-e59fa1843724,1782297241.073963,1782297253.819942,12745.98,502,
bae752f3-8eb9-4130-b436-b2c4185c5905,1782297241.124737,1782297253.871928,12747.19,502,
61a84452-d541-459d-8d95-f2da1943cbc7,1782297241.131013,1782297253.874425,12743.41,502,
6dc0b30e-7985-414f-8056-e3df8fb3086e,1782297241.137303,1782297242.885566,1748.26,200,0.07066365999889967
52633346-b844-42ff-8fb5-840c2edaa798,1782297241.142709,1782297253.887052,12744.34,502,
285590cc-6eb5-4419-8789-dfbab336fedd,1782297241.154050,1782297243.037497,1883.45,200,0.070578454000497
8146850b-5f2f-4e18-9206-6c97779de835,1782297241.175038,1782297253.919874,12744.84,502,
6890a194-eb2e-4302-9dd9-b2f13c880baa,1782297241.191548,1782297253.934947,12743.40,502,
320cb936-9640-4cfa-b3ba-f4eaad499ec6,1782297241.199956,1782297243.037943,1837.99,200,0.07809539000118093
f21e894e-0250-4252-b65a-f02b293d6df7,1782297241.227023,1782297243.110617,1883.59,200,0.07264436799960095
0e31d678-7e3b-424c-bf7e-1dd00c188a87,1782297241.231623,1782297253.976388,12744.76,502,
8c524e68-e5d5-4b7c-abe0-176325a708c0,1782297241.243119,1782297243.188833,1945.71,200,0.07651859100042202
f159ae9c-23c9-475b-8ae5-66132e1a9193,1782297241.255224,1782297243.270066,2014.84,200,0.07995007499994244
27794498-7aec-418c-9a84-936968ca824c,1782297241.272180,1782297254.017626,12745.45,502,
fb9566ad-8599-4a47-b3f8-f1af85e34bc6,1782297241.315563,1782297243.341857,2026.29,200,0.07062496700018528
eacb2d51-6119-44db-b559-eca3c8a02ada,1782297241.321980,1782297254.067628,12745.65,502,
26ec289b-986b-4dd2-a9ac-a11c71cd629c,1782297241.342762,1782297243.408541,2065.78,200,0.0649366990000999
ff999238-731e-4313-9b64-c0065a293a1c,1782297241.369000,1782297243.629868,2260.87,200,0.06809066000096209
55be6f59-d977-4625-9463-f79577deccf3,1782297241.369863,1782297243.485163,2115.30,200,0.07462148499871546
d03e6550-9b1b-4f30-a681-b7db6bf8a66a,1782297241.396911,1782297254.142275,12745.36,502,
91dcaa45-1a75-4643-88e1-71343f8335ad,1782297241.402465,1782297243.629587,2227.12,200,0.07259945199984941
2b1cf3d2-abbe-4d44-ac74-27887bd750b7,1782297241.403722,1782297254.149160,12745.44,502,
22fbfdde-019c-4423-aadb-05ba6a028fa4,1782297241.488809,1782297243.692069,2203.26,200,0.06184334099998523
8c35cb0f-4128-4e05-aac0-0e8baff5b8ff,1782297241.585319,1782297254.327818,12742.50,502,
dc4f5515-a434-496a-9002-3f7543b27674,1782297241.695481,1782297243.864422,2168.94,200,0.08554524800092622
4548bfbd-3cd8-471a-bd58-0f55e331cb1c,1782297241.773012,1782297254.567039,12794.03,502,
c51d97c2-c9b2-49ff-99b1-ca54ea9ef355,1782297241.807115,1782297254.550576,12743.46,502,
a268d8dc-2c11-4691-81a2-9f40ecbf92fe,1782297241.831768,1782297254.578825,12747.06,502,
4665597a-8f02-40f8-a319-e10bc4963582,1782297241.835256,1782297243.864932,2029.68,200,0.07935686100063322
af238d56-47bc-4e0f-9c54-24d704700f1e,1782297241.840303,1782297243.929962,2089.66,200,0.06672541500120133
247d4886-9015-49e7-8457-0d04c053c8f4,1782297241.841351,1782297254.588651,12747.30,502,
a54804cf-bd2f-493f-8ee7-9a5405770699,1782297241.895998,1782297244.006012,2110.01,200,0.07390427899917995
2a947152-fbf5-4a79-a164-8b333c5fd126,1782297241.919088,1782297254.662422,12743.33,502,
adfc6190-6727-4586-8d4f-a1064ca8cd15,1782297241.951349,1782297254.698433,12747.08,502,
a3e635ce-691a-408e-a115-4372a3ac733b,1782297241.952090,1782297254.699383,12747.29,502,
38d9a076-2509-4aec-8137-6c2376b3aba2,1782297242.043915,1782297244.201777,2157.86,200,0.10331672600113961
fd4d5ee7-eabd-4992-a358-294604f0d7a4,1782297242.091383,1782297254.834808,12743.42,502,
3226dd12-634c-4076-af79-50d6b77d4973,1782297242.096966,1782297244.201557,2104.59,200,0.08572252400153957
26e0240c-8124-47ed-b7ed-eff44f0538ca,1782297242.102736,1782297254.846978,12744.24,502,
a2c7136a-01cc-4eef-86ce-155e0e5e27fd,1782297242.107533,1782297244.285882,2178.35,200,0.08367155499945511
b5698915-4be8-44e8-bc80-26abde0dfb65,1782297242.117274,1782297254.859874,12742.60,502,
5f46e428-718d-47c3-bf46-f4947b446118,1782297242.138291,1782297254.883233,12744.94,502,
e89574a8-8540-407d-9493-73c5c6a60122,1782297242.151424,1782297244.359834,2208.41,200,0.0725750590008829
1372813e-1977-4285-91ea-4ceb73b1ba95,1782297242.160609,1782297254.946356,12785.75,502,
96936a94-4e8e-4fae-9e08-f5756b5b6df0,1782297242.186376,1782297244.434639,2248.26,200,0.07367854900076054
b9736b2b-fbf0-4526-963e-58ce7fa03668,1782297242.190163,1782297254.935317,12745.15,502,
c74f7d13-30f1-4231-975b-b3f8ea50be39,1782297242.199171,1782297244.601331,2402.16,200,0.08939436999935424
648dab9c-b015-47ed-81e6-ee94aea6fa62,1782297242.211087,1782297244.601598,2390.51,200,0.07144859199979692
86c0c235-e72a-4d74-a3b6-7336134f8c12,1782297242.226724,1782297254.971621,12744.90,502,
7826b979-c874-4215-aefd-7f3b461806a9,1782297242.267900,1782297244.673760,2405.86,200,0.07143621999966854
796099f6-8cb2-40a2-a081-0cbd7b9309a0,1782297242.273257,1782297255.018476,12745.22,502,
4cae8732-6617-455c-9179-23c0560f733a,1782297242.292280,1782297255.036864,12744.58,502,
96d4550f-269c-46f5-a4fb-07c22c0fdfd8,1782297242.341946,1782297247.792953,5451.01,200,0.1201388820009015
88194af0-2b51-4184-86c7-72c966cd9aec,1782297242.347232,1782297255.115330,12768.10,502,
b63eb5b8-181d-4550-894c-59db41c1c879,1782297242.348375,1782297255.115538,12767.16,502,
009300a8-5341-4fe5-994b-63c9946819b3,1782297242.426990,1782297255.198690,12771.70,502,
11559973-1bfa-41a3-9c10-549e73b411d3,1782297242.516083,1782297255.261362,12745.28,502,
8e763cb9-04c6-4b4c-9ecf-786683e52b20,1782297242.559366,1782297255.303490,12744.12,502,
79ac152d-22b7-4a78-9e93-9b0056af6f1c,1782297242.568178,1782297247.792548,5224.37,200,0.07720735300063097
7a17393c-bb5e-48f2-a6d0-3c28bd8bd889,1782297242.571149,1782297255.317464,12746.31,502,
3b868806-7339-4dc8-aab7-778ef12cc4c3,1782297242.699186,1782297255.451477,12752.29,502,
05ae3a77-9796-4e5d-80a1-3c5b997966d1,1782297242.792328,1782297247.946337,5154.01,200,0.07924153899875819
7cedaf6d-3f08-4d87-93b2-544bbcfab418,1782297242.833313,1782297255.577463,12744.15,502,
0d0542f1-89d3-4be0-80ae-aa84d6cb95f2,1782297242.862569,1782297255.612277,12749.71,502,
46c42383-2303-4abd-9afc-39cd574afd45,1782297242.867108,1782297247.945767,5078.66,200,0.07059564199880697
e48ac2ff-2df0-41f9-9ed1-d9055c9abffc,1782297242.872590,1782297248.014643,5142.05,200,0.06913458000053652
d96f65a4-252d-4dbb-9da5-6442a768eca3,1782297242.875001,1782297248.090599,5215.60,200,0.07411898600003042
ca183dfa-56cb-447a-970a-1db3ee18d81b,1782297242.938022,1782297248.165259,5227.24,200,0.0729176130007545
786e4f93-fc92-48ef-b797-df33f1086bf3,1782297242.967294,1782297255.710530,12743.24,502,
3cbeba1a-2adf-4b16-bb33-4f4677319bd5,1782297243.005863,1782297248.227682,5221.82,200,0.0610092650003935
35804bbd-2924-4224-99f2-7b87841fd646,1782297243.006942,1782297255.759114,12752.17,502,
11c16872-1e23-4a73-81fe-58b1b582b63f,1782297243.115164,1782297255.858092,12742.93,502,
4c69393c-12e4-4a05-8603-f8ed8cdf6128,1782297243.170645,1782297248.382953,5212.31,200,0.08244578199992247
41fa3019-7bc1-4371-a123-2309a35b999c,1782297243.178595,1782297255.924153,12745.56,502,
cdc4b8e4-b3a9-4547-91f3-3eb649861c95,1782297243.184015,1782297255.928840,12744.83,502,
8b815ad9-7e8a-4161-b072-f5ca6ea54a07,1782297243.191361,1782297255.935145,12743.78,502,
f6f152b7-28f5-4d59-b84a-a529dad95ad1,1782297243.202922,1782297248.383328,5180.41,200,0.06950050200066471
5dea27bb-607e-4751-9842-63905f9862a3,1782297243.225490,1782297255.971528,12746.04,502,
20966399-616c-4b91-8346-43ee0dcc102e,1782297243.243563,1782297255.988720,12745.16,502,
39b30d2a-39d2-4635-945a-822ff2969ec9,1782297243.255344,1782297248.445685,5190.34,200,0.062143033001120784
e0e30a49-2923-4bd7-9df9-718a91b2ae84,1782297243.284030,1782297256.028696,12744.67,502,
7d030eee-70a1-41f7-b23a-54c0690e4dfd,1782297243.288624,1782297248.522382,5233.76,200,0.07536161200005154
0f761506-030b-43ad-a9c0-3cedb87026c9,1782297243.299872,1782297256.044165,12744.29,502,
13cad771-9d2a-4b4f-90c8-ee1f5c7d1a00,1782297243.313529,1782297248.597074,5283.54,200,0.07232377899890707
a3dfe94e-1777-4858-b17e-be7f377e3575,1782297243.332206,1782297248.674006,5341.80,200,0.07596956499946828
3bf13c24-56be-49c4-837a-7f6bc31618a3,1782297243.379836,1782297256.124667,12744.83,502,
190b549f-8f13-4314-b65c-4c72563975e8,1782297243.387443,1782297256.134887,12747.44,502,
e74fa6eb-3301-4ed2-92ea-dde7d4e9e358,1782297243.409458,1782297256.153711,12744.25,502,
fa754453-fce5-450f-ab2d-02e28389feaf,1782297243.438158,1782297248.946341,5508.18,200,0.09329490900017845
2a407b07-0ef4-44a9-8cf7-769e75f79510,1782297243.439107,1782297248.751240,5312.13,200,0.07543191799959459
6997f8d7-cdea-4c1a-a607-7c7941e0d443,1782297243.468601,1782297256.214523,12745.92,502,
d65cb9ee-9f53-460d-b85b-10ac88ba9995,1782297243.474313,1782297256.218139,12743.83,502,
c497860c-2fe2-4464-a287-cebf416c792e,1782297243.702426,1782297256.454204,12751.78,502,
bf66083f-18e3-4f3e-b56f-3faa1f193223,1782297243.785076,1782297248.948416,5163.34,200,0.09228834100031236
30644f6c-f4c8-4713-baec-d0948ceb25ca,1782297243.820661,1782297256.565255,12744.59,502,
e3f20e55-83c4-48c7-8a17-af0fcdb78ada,1782297243.846254,1782297256.591959,12745.70,502,
9c7e6a82-890f-4f28-b37e-5a631f1c6199,1782297243.851408,1782297249.030154,5178.75,200,0.0845322329987539
e1f421c4-bcdc-4852-a8cb-eca7d136bf06,1782297243.855536,1782297249.106859,5251.32,200,0.07238767099988763
2e555e1c-7029-40ae-9716-ac00991806b5,1782297243.857280,1782297249.289234,5431.95,200,0.09032127499995113
766c08bf-cd17-4f9c-9e7c-e893269cbf93,1782297243.913710,1782297249.288667,5374.96,200,0.08719089300029736
4315a732-f1bc-4a6d-8434-57caa7b6b6db,1782297243.938643,1782297256.727350,12788.71,502,
e2156b5d-d839-4e8d-9676-7bed819470b5,1782297243.972847,1782297249.365706,5392.86,200,0.0775861599995551
37ab8e33-772f-4b2d-a32b-67e753681d6f,1782297243.973653,1782297249.436938,5463.28,200,0.0699244200004614
4a8beee2-18a2-414f-b94a-d1cdf8819f65,1782297244.070737,1782297256.817930,12747.19,502,
8173e81c-d39a-4361-b298-106975b252c8,1782297244.120277,1782297249.517225,5396.95,200,0.07895113800077525
93739fa1-5a01-4ecf-91d7-d1161144ec28,1782297244.126917,1782297249.697014,5570.10,200,0.09314799200001289
996407f2-6245-492f-8e70-386f8a45e412,1782297244.132903,1782297256.878292,12745.39,502,
30ce2084-5079-4bf8-8aa9-c00f4ca586c9,1782297244.138444,1782297249.696786,5558.34,200,0.08005781400061096
d5801872-d68c-4ada-86c9-c568bb73af48,1782297244.150208,1782297256.895940,12745.73,502,
b3669ba9-0a3d-4aab-a8b7-e58b02337748,1782297244.169635,1782297256.914137,12744.50,502,
f542d974-a4df-4f37-a7ee-bd8b3915deab,1782297244.185543,1782297249.829791,5644.25,200,0.06958560999919428
34c8e72c-4c65-4b1f-a358-7502a5762167,1782297244.195022,1782297249.830094,5635.07,200,0.06080011499943794
4557ea99-4be3-4842-a13d-10e853f3fcf7,1782297244.220593,1782297256.964019,12743.43,502,
60c4ade9-3132-4bb7-995c-9b977f036fff,1782297244.224895,1782297249.909063,5684.17,200,0.0772202930002095
954a4773-a67a-4cd1-95a3-1d04b8e0e0bc,1782297244.234227,1782297249.990984,5756.76,200,0.08180525500029034
e839a0b4-80d1-493a-9485-a883c5150d6b,1782297244.247395,1782297256.996864,12749.47,502,
8edd35e3-83a6-4d9e-ac41-6260edbc7063,1782297244.264360,1782297250.069516,5805.16,200,0.07522695999978168
c463f6e6-f152-4a9f-a771-1acb861ed71b,1782297244.307256,1782297257.051684,12744.43,502,
c08d7eb1-46d4-4a0d-94a2-b8e00e8fdbd0,1782297244.313656,1782297257.057555,12743.90,502,
b25d832f-af7d-4175-a975-07433a28c02b,1782297244.334580,1782297250.203015,5868.44,200,0.06118734899973788
cca0c6e3-12e1-489c-9d19-7cbc86140b8b,1782297244.358289,1782297250.203270,5844.98,200,0.06972908599891525
10feeed5-2507-4ed8-98f4-cd1db18c246f,1782297244.359000,1782297257.109941,12750.94,502,
e4eb7377-2a48-401c-8c72-43724af02e6b,1782297244.385291,1782297257.130343,12745.05,502,
d49321e7-e858-42d2-bd95-dcaf8383a223,1782297244.390978,1782297250.270040,5879.06,200,0.06634440299967537
42437252-b1ad-49ec-bea2-9359bea31e4b,1782297244.415645,1782297250.334970,5919.33,200,0.06221511000148894
9ef79112-5c8e-4701-99ab-01678a88674c,1782297244.475352,1782297250.413741,5938.39,200,0.0777453560003778
3c12817e-2377-4951-b72b-b27df92d0a16,1782297244.569109,1782297257.354422,12785.31,502,
55f2cd2c-9be2-49fe-af47-fae8281c9a5e,1782297244.614472,1782297257.358161,12743.69,502,
b0df532f-5a40-4cdb-a7ce-46881beb46bd,1782297244.704838,1782297257.455946,12751.11,502,
4b38a68f-02eb-4a00-aedb-a1e111dfdc37,1782297244.790747,1782297250.566468,5775.72,200,0.0737339700008306
844cc0ee-a95d-437c-b582-0f4fcb003910,1782297244.827797,1782297250.567070,5739.27,200,0.07456789499883598
49ea3586-faab-4e77-8e39-36bddb5ee048,1782297247.721726,1782297250.937820,3216.09,200,0.07366820300012478
5f678288-058c-4d3b-866d-85db5c13ee80,1782297247.722589,1782297251.106017,3383.43,200,0.0834232270008215
9c52f64e-42d7-4021-9a1a-13fd0f058449,1782297247.822904,1782297251.106414,3283.51,200,0.07957214000089152
a2b446b4-01d6-4a89-8cd4-3be47ffa836d,1782297247.873405,1782297257.881770,10008.36,502,
16528d05-b072-4260-ac12-e05c172f6f90,1782297247.880556,1782297251.267414,3386.86,200,0.0816698170001473
42f5b3d1-4afd-4cf7-817b-68188e818b94,1782297247.885917,1782297257.892927,10007.01,502,
03caffd5-e20b-4b19-8051-d21d70d0eeea,1782297247.891702,1782297257.900289,10008.59,502,
2377129f-1fe4-455f-a0ce-703627cde804,1782297247.903208,1782297257.910748,10007.54,502,
234c0d58-fd41-4798-893a-ce09146ac5b3,1782297247.923734,1782297257.978911,10055.18,502,
40814f5c-3e07-4804-87d9-ad845fcd5f79,1782297247.939781,1782297257.947696,10007.92,502,
ca69649f-5e08-4622-8454-a32911a5e6f2,1782297247.949520,1782297257.955301,10005.78,502,
15c415df-14de-4f55-a354-fa8503bd9f5b,1782297247.976369,1782297257.982309,10005.94,502,
1f8f2224-61ec-4988-8caf-ceaa1e75a040,1782297247.981132,1782297251.267055,3285.92,200,0.07443038299970794
e2a78c72-3a75-433e-b89c-cce3eedb2924,1782297247.990371,1782297257.997101,10006.73,502,
2cbafc0f-565d-4021-aece-2f0f33488226,1782297248.003998,1782297251.349311,3345.31,200,0.0756414669995138
32b0cb5d-a7dc-4386-a03d-e13649c679c2,1782297248.021069,1782297251.429848,3408.78,200,0.07863321200056816
aa96993b-7331-42bf-90a5-4f374f7e72a6,1782297248.064902,1782297258.070828,10005.93,502,
1b3a4ac7-8a5c-4f4e-bc40-dc6670ecf48c,1782297248.071295,1782297258.124629,10053.33,502,
183cdf28-7029-4274-becf-9f4dce6c464f,1782297248.092543,1782297258.100628,10008.09,502,
6e1017bb-2b58-4348-9209-aada2dba4b23,1782297248.118263,1782297251.588824,3470.56,200,0.08463336800014076
8f37d701-c939-4efa-81a1-fefbb6900d1a,1782297248.119216,1782297258.157002,10037.79,502,
781a54fd-6d8b-4448-8de7-e70aa12fa5b1,1782297248.145592,1782297258.195403,10049.81,502,
b7f9d355-6d1a-4777-8b8b-70ccdeae91ac,1782297248.150988,1782297251.589043,3438.05,200,0.0721582109999872
002344e6-3398-4036-a4eb-0828be7206e0,1782297248.153240,1782297258.159886,10006.65,502,
8079c399-75b0-4fc5-9449-a2693318828e,1782297248.238566,1782297251.747287,3508.72,200,0.0775987820015871
68567123-dee4-4a65-8bce-bd516e8a6313,1782297248.334006,1782297258.340922,10006.92,502,
f29d9a8a-7f53-4abb-86ec-c3a4d06aa48e,1782297248.447236,1782297251.747506,3300.27,200,0.07466438499977812
732af4e0-5df3-48f1-a43c-24ac9f220dd9,1782297248.537893,1782297251.825785,3287.89,200,0.07989328099938575
22a641a9-84f4-451b-8bf8-4464768ac874,1782297248.577955,1782297258.585918,10007.96,502,
b3a9d6ab-ff30-452b-a3b2-70c8f7a74bac,1782297248.605456,1782297258.614947,10009.49,502,
c02af472-52c6-4b39-ad2c-a750e9b3d481,1782297248.609931,1782297258.622627,10012.70,502,
620e8ee1-be5d-4f04-9d9b-4d311abb039b,1782297248.615430,1782297251.904206,3288.78,200,0.07746385599966743
e8f923de-d2d8-4e38-aab5-c7f0867f626d,1782297248.616759,1782297252.054234,3437.47,200,0.08116366599824687
1bc4bbbf-aee6-4500-aecf-f89345897237,1782297248.679715,1782297258.734512,10054.80,502,
0a46d8f7-de6f-4266-907d-6a2b61ef841f,1782297248.705902,1782297258.715020,10009.12,502,
b98a2e28-20d6-4506-a79c-d634da73d544,1782297248.743347,1782297252.135731,3392.38,200,0.08134232600059477
39614fec-c63b-4291-9450-8adcd133c2ba,1782297248.744185,1782297252.054450,3310.26,200,0.06441431299936085
0cbe6805-0dac-487f-bc46-764304d905ff,1782297248.850965,1782297258.858960,10007.99,502,
d72f6da3-54a4-463a-b9ec-4b5c8175fd87,1782297248.904151,1782297258.913386,10009.23,502,
8f92a470-e215-452d-991a-09d9144bf3ff,1782297248.911741,1782297258.966667,10054.93,502,
2bf3e326-b626-4519-8542-8b9a2b9bd3d1,1782297248.917801,1782297252.310613,3392.81,200,0.08614328000112437
0550da62-ac46-43fd-917c-b6999934bc21,1782297248.923647,1782297258.937010,10013.36,502,
07454d80-6788-48d4-81d6-e79db82b547d,1782297248.936187,1782297252.310850,3374.66,200,0.08270948500103259
cabe1d1d-12e6-4143-9dab-36bb01fe1cd4,1782297248.957823,1782297258.965941,10008.12,502,
703eac72-d880-43e5-9c9c-b4576ca2d499,1782297248.974133,1782297252.391819,3417.69,200,0.08033369000077073
bc16dbce-6a75-4f05-b8ec-7b7cffdba7b0,1782297248.986208,1782297252.469625,3483.42,200,0.07627246199990623
fd60bbad-d46b-4402-8e7b-626359d3973c,1782297249.013274,1782297259.025183,10011.91,502,
5a02dc38-b580-48a8-8dc2-621abda59aaa,1782297249.018301,1782297259.026283,10007.98,502,
52d4c373-3338-49a8-941a-9f286120d5b6,1782297249.029720,1782297259.037724,10008.00,502,
6a7c4489-96d5-442f-9eb3-14fae92d8dfd,1782297249.042316,1782297249.044988,2.67,503,
0cd9fe89-d85d-4323-b07f-d738dfde5933,1782297249.060700,1782297249.061965,1.26,503,
351d66d6-caee-47f8-9b5d-ab88d99060f8,1782297249.107321,1782297252.630144,3522.82,200,0.07531505000042671
d90a7660-4480-48be-b976-27303fc6c5cf,1782297249.113772,1782297252.629785,3516.01,200,0.07474099099999876
e67a8d81-8bc5-466e-8d49-84ecad2661e7,1782297249.136068,1782297259.142395,10006.33,502,
c2a9f18c-a3ed-40c4-84f3-c6b4594c7cf1,1782297249.164770,1782297249.211574,46.80,503,
14a5ac66-0761-4cfa-b742-e4f46e94a5a3,1782297249.165682,1782297249.210765,45.08,503,
9eec8748-08d1-4249-85ff-57da3458e684,1782297249.205212,1782297249.211731,6.52,503,
f6df5211-7db2-44f7-850a-09a83d3530e9,1782297249.205804,1782297249.219574,13.77,503,
de20d6c3-b0d8-47ea-8cf9-44278aeeb685,1782297249.206309,1782297249.219879,13.57,503,
e4557b49-d97a-482f-b193-1feea5d8ba18,1782297249.451063,1782297259.467050,10015.99,502,
bc9a6b19-6789-48b6-94d6-2f91174a6451,1782297249.523225,1782297252.696804,3173.58,200,0.0699875249993056
4d944f0b-1b31-4132-888f-6143099d01d5,1782297249.555038,1782297252.865981,3310.94,200,0.08945536600003834
6384626c-9e08-4967-89f7-099f480e7890,1782297249.577132,1782297252.866242,3289.11,200,0.07300867400044808
1f16ffe6-8872-4b74-a7b7-28ef775700ae,1782297249.581770,1782297259.591819,10010.05,502,
85ed5093-7810-4a49-aea4-3656190747a3,1782297249.585270,1782297252.929612,3344.34,200,0.06308398799956194
417a33c0-a594-416d-ac01-6e84391fd9eb,1782297249.586886,1782297259.596524,10009.64,502,
d502364b-0d6b-4623-8f8a-306984091d4d,1782297249.635722,1782297253.007969,3372.25,200,0.07739099799982796
73c5e3fa-e440-438c-949b-321ebaec072d,1782297249.658808,1782297259.665729,10006.92,502,
07be4665-ba97-43f7-a5a9-d9ef0a759393,1782297249.688553,1782297259.743098,10054.54,502,
49a6158d-8f7d-455a-8cf8-2b35570899b9,1782297249.689358,1782297259.700263,10010.90,502,
f2f53996-fd11-455f-80bc-a964eea3fa0f,1782297249.774210,1782297259.780746,10006.54,502,
4fbf6594-69f9-47b0-b40f-146304e381bd,1782297249.818237,1782297259.829171,10010.93,502,
fb97a335-b1b6-43db-972c-3e763c297bf6,1782297249.823705,1782297253.079803,3256.10,200,0.07017193300089275
506ae84e-f33e-4bd6-b025-ed148e064028,1782297249.829013,1782297253.149894,3320.88,200,0.06790541099871916
88b44ce2-57d9-4489-9cfd-c0b6ab6046b1,1782297249.833357,1782297259.839378,10006.02,502,
a6e5b0c2-9109-476f-be28-60edf148a534,1782297249.842697,1782297253.238077,3395.38,200,0.08615946500140126
e89d205e-51f3-46a9-8c6c-e8627083fc1a,1782297249.861005,1782297259.868257,10007.25,502,
ae7c6502-44db-4b3b-a566-2025e08332f8,1782297249.874585,1782297249.877655,3.07,503,
767a5769-7b80-4591-bda1-ecfa20354682,1782297249.883223,1782297249.884713,1.49,503,
0fa3d071-ffb8-4236-aea2-5e9886bcb149,1782297249.906161,1782297253.318627,3412.47,200,0.07897992600010184
8cfd0b21-19fb-423d-b49f-c861e504aa5e,1782297249.909943,1782297259.916105,10006.16,502,
8dd59206-d366-48cc-ae6b-e19e1b85120b,1782297249.918391,1782297249.919941,1.55,503,
4519c25d-ca16-48e8-92fb-fd149cb90757,1782297249.930398,1782297249.931941,1.54,503,
c1630d12-1830-46fc-9f91-8cfab47bcc6f,1782297249.944513,1782297249.945687,1.17,503,
71c01602-3058-4871-a17e-3e56e441c02c,1782297249.983188,1782297253.396270,3413.08,200,0.07631253199906496
5db9e36e-d65b-44c8-8c54-a1fae068fdd8,1782297249.987319,1782297249.989369,2.05,503,
e68168ee-9c40-4877-ba70-db14b081f0b1,1782297250.004776,1782297253.477737,3472.96,200,0.07978265899873804
7859aad2-400f-4e5a-9ac1-7c67e4a58980,1782297250.026778,1782297250.029772,2.99,503,
76931810-b509-4eb7-913f-cb84632dfe36,1782297250.028002,1782297250.030034,2.03,503,
bdd9fd71-8995-422e-b6dc-4b25d86ad0f6,1782297250.050502,1782297250.052214,1.71,503,
5636ad26-778f-49c3-8881-244cef4522da,1782297250.055592,1782297250.056605,1.01,503,
d75fb69b-91ce-4b12-b633-a64270aaaaa7,1782297250.056169,1782297250.056907,0.74,503,
9f55084e-44f1-4b77-8842-e6d0b1987605,1782297250.130198,1782297253.552177,3421.98,200,0.07255978600005619
c5744630-3ec3-4c1e-bc1b-0b1b134bdc5e,1782297250.211058,1782297253.625372,3414.31,200,0.07267676899937214
3405d522-6572-4d00-b854-5d7e2aa9b284,1782297250.252063,1782297253.700913,3448.85,200,0.0723968189995503
526a867e-7352-4830-a88a-09d40330bd66,1782297250.260700,1782297260.308859,10048.16,502,
2318106a-54d0-4411-8168-897560018cbb,1782297250.293206,1782297260.302449,10009.24,502,
211d6b6f-1424-4714-9481-89b7709e31d6,1782297250.294076,1782297260.308574,10014.50,502,
1d967a58-4e5c-4516-86d6-a3b278ddd6c1,1782297250.306508,1782297253.872896,3566.39,200,0.09006070000032196
06902e36-147c-438d-97af-c12cb417033f,1782297250.308654,1782297260.317810,10009.16,502,
34f1db02-d6d0-4904-8923-34c7758ea4bc,1782297250.454250,1782297260.468036,10013.79,502,
c27645f6-2553-49a2-ae83-2f80e703dc6a,1782297250.542551,1782297253.872832,3330.28,200,0.07524898300107452
9fd87c1f-3939-4fbd-ae0f-84df02f9aa1d,1782297250.582484,1782297260.592656,10010.17,502,
958e52ce-2a68-44b3-8ca2-067831941dd7,1782297250.607975,1782297260.663280,10055.30,502,
3134ef00-8076-4973-8eb0-8141d071ebed,1782297250.613046,1782297253.937732,3324.69,200,0.06536964799852285
26721d59-de4b-4900-a0b7-d267a2a0b719,1782297250.617904,1782297254.010208,3392.30,200,0.07030599800054915
6590beee-7f1e-4294-9573-a5cf949bfd39,1782297250.619006,1782297260.633797,10014.79,502,
2eb6be80-5486-42a6-91c8-f4978f5f801a,1782297250.678421,1782297254.084512,3406.09,200,0.07318653800030006
6e6c19ee-2bf6-4e5c-93f9-f330104dc7f5,1782297250.705660,1782297254.154016,3448.36,200,0.06858140200165508
621b06ed-eb2d-4286-873a-390470fde8c3,1782297250.742055,1782297260.752184,10010.13,502,
407b3a2c-c0ef-452b-9ed2-77014ab62080,1782297250.742989,1782297254.245589,3502.60,200,0.08117448099983449
0adc818f-ae95-4643-a2ea-dca79210c0a2,1782297250.845647,1782297260.850850,10005.20,502,
aac080b4-69aa-400a-88ac-115b5246e388,1782297250.898169,1782297260.905875,10007.71,502,
e4a5f898-b4c0-4155-9ce9-8d9af2589275,1782297250.905339,1782297260.911703,10006.36,502,
cd55371b-ecbf-4d13-81b9-f0a0e5557f5a,1782297250.911725,1782297260.919253,10007.53,502,
8cc1ca15-f039-4cc8-bb4e-8653224f2005,1782297250.917136,1782297254.325817,3408.68,200,0.0789803200004826
08e3557a-13e1-453d-9ebe-3d38b934bbba,1782297250.928849,1782297260.936892,10008.04,502,
ce52faf6-4812-4462-84b9-71b73ddaeefc,1782297250.950123,1782297260.956783,10006.66,502,
dc4273ff-67d4-40e0-98e9-8d0bb49289f0,1782297250.966008,1782297250.968825,2.82,503,
3027c64a-7dfb-4160-af69-048aee4b33ca,1782297250.976549,1782297254.400169,3423.62,200,0.07284879300095781
11488204-1fda-41e8-b555-fd0bcb58267c,1782297251.004760,1782297251.007062,2.30,503,
3a384b21-00b6-4c5a-aa61-09ca75187cd0,1782297251.008705,1782297251.010427,1.72,503,
255ad59b-bace-4830-93e8-4f0f1e4f2d5d,1782297251.019086,1782297251.022373,3.29,503,
2985a3e0-7824-42bc-a254-ebe4246f2578,1782297251.033171,1782297251.035202,2.03,503,
553e720d-5c80-4686-b827-96834c1fb78d,1782297251.050743,1782297261.056970,10006.23,502,
812382f0-480c-4eae-9938-b1ba973a6d75,1782297251.096052,1782297251.098705,2.65,503,
5fe3e647-17f4-4ffa-b5b4-51fc763a8157,1782297251.102190,1782297251.104578,2.39,503,
afc65010-bfdf-4bc0-b5d8-691bd9a818e6,1782297251.124099,1782297261.131175,10007.08,502,
2929c569-8111-479b-bbb7-0a71b3c63580,1782297251.149963,1782297261.156537,10006.57,502,
6f98df24-8a79-4e99-87d0-9fffb9897717,1782297251.150739,1782297261.198250,10047.51,502,
7e92ff61-76f2-42d7-826d-2e9192c4fdfa,1782297251.178584,1782297251.204616,26.03,503,
0d2ea3b4-7fa3-4999-972b-9fbaecd860f4,1782297251.201339,1782297251.205349,4.01,503,
6cd5bf47-1789-423a-904c-7c47d1788bc7,1782297251.201941,1782297251.205142,3.20,503,
748ecf5a-f8f2-4952-b7aa-c1eb0be59c0b,1782297251.273735,1782297254.472090,3198.35,200,0.07064682400050515
d20d3ef8-bec8-4128-a61b-ae7e7e48d034,1782297251.462135,1782297261.475338,10013.20,502,
27a3a6c4-f847-4537-89fd-9a61657230a4,1782297251.555135,1782297261.560929,10005.79,502,
0ff9623e-4f05-426f-9935-dd963fb88aed,1782297251.596967,1782297261.605119,10008.15,502,
425d41e5-f082-491b-971a-bd0bb0f2cd96,1782297251.625138,1782297261.632899,10007.76,502,
7bf6780b-b336-4113-bc1a-b916181ea22c,1782297251.630414,1782297261.638378,10007.96,502,
c15ff53b-754a-43fa-8d75-08c1efa4ebb4,1782297251.636119,1782297261.650124,10014.01,502,
633c6d74-7c06-4fe9-9e3d-b5c372425209,1782297251.637658,1782297261.653729,10016.07,502,
63e55bf6-06f5-4be3-8b72-773a6edc607a,1782297251.700256,1782297261.753359,10053.10,502,
d2790a95-6d4d-4ae3-a666-de0c660daf5b,1782297251.729815,1782297261.740326,10010.51,502,
ae6a4d32-21ab-472a-aed0-24b7c3b05f11,1782297251.769153,1782297254.534562,2765.41,200,0.06059530299899052
8ee2dd10-0aa3-4c75-867e-8368921bbde0,1782297251.769821,1782297261.781801,10011.98,502,
9c2150f4-e6de-467c-bf2f-9b154cd9e01d,1782297251.878537,1782297261.887515,10008.98,502,
9e5f2743-ffbc-404c-af5f-643b30ecc7ab,1782297251.934155,1782297261.941492,10007.34,502,
2ac3b909-634e-4415-9216-0c9f5fc01e61,1782297251.941504,1782297261.948195,10006.69,502,
7baddab4-8a7e-44c5-b8c2-fd438bf39b70,1782297251.947385,1782297261.954900,10007.51,502,
3eb993d8-854a-4569-ba42-4260afcaef3d,1782297251.953617,1782297261.960531,10006.91,502,
f4d9da9a-f270-40ff-9f71-dcc60bd6b7c3,1782297251.965292,1782297254.611242,2645.95,200,0.0730352619993937
fbeeafd4-a230-4836-895c-465117b95143,1782297251.988395,1782297254.685658,2697.26,200,0.0752366360011365
11abb961-97eb-4f8e-ac70-198ea40aeec0,1782297252.006293,1782297252.008709,2.42,503,
4fc35e5c-35bd-4e87-9353-0c9407379625,1782297252.017271,1782297262.023808,10006.54,502,
2d36cd92-d7de-406d-b6c0-9edc7ed2b2ca,1782297252.046226,1782297254.748379,2702.15,200,0.06089276399870869
b16ffb28-5491-4b80-9bc4-512f119984cc,1782297252.051595,1782297262.059016,10007.42,502,
1914dec7-1f58-46bf-b62e-7d091fb20f3e,1782297252.062878,1782297254.820150,2757.27,200,0.07036040800085175
14908215-a1df-4405-a3d0-5c961e7a50ca,1782297252.109213,1782297252.114516,5.30,503,
2fc74b4a-265e-4ad4-b695-8d1074194935,1782297252.109851,1782297252.114938,5.09,503,
4d623776-992a-4ef9-a6be-f909b6d87d7b,1782297252.143427,1782297262.149163,10005.74,502,
f8ece4ce-10d4-4a6c-80b0-6cca18d4ce66,1782297252.150304,1782297252.152656,2.35,503,
962bf631-b3ca-4aa5-9cc0-470907f74f1d,1782297252.173105,1782297262.179422,10006.32,502,
fac03b83-54c6-463d-86ba-70c68d482164,1782297252.200948,1782297262.209621,10008.67,502,
7c044ee4-0e2d-4d49-b11a-045e5ef78087,1782297252.202021,1782297262.210923,10008.90,502,
654576d8-df4b-4aa7-a252-a0bd8f944aaa,1782297252.232150,1782297262.240832,10008.68,502,
ed430799-96bd-4a8b-8660-9c946ae82b2c,1782297252.237311,1782297262.243396,10006.09,502,
a1d95320-2c66-44eb-8c3b-68b62ffc5eea,1782297252.468351,1782297254.982798,2514.45,200,0.07159180500093498
0c7302b9-eacc-4b2a-8fb8-a6626ec72955,1782297252.550449,1782297262.602279,10051.83,502,
3c968923-0ad1-417a-ac77-c36632cb39c2,1782297252.587695,1782297262.596208,10008.51,502,
79e067ef-04f4-4ffc-9b28-0d5ad4e11b92,1782297252.612567,1782297262.619846,10007.28,502,
096bf0b1-94de-4777-b693-54652aa56ff5,1782297252.617395,1782297254.983474,2366.08,200,0.08343131100082246
319615e0-1a13-410c-a25c-c44f17728ce1,1782297252.622279,1782297255.135243,2512.96,200,0.08077144699927885
27d59f4e-7dc1-4594-a178-cdab86d62297,1782297252.623574,1782297262.637116,10013.54,502,
03eec195-f46e-4789-ad0d-5ede7c8f5869,1782297252.680422,1782297255.134768,2454.35,200,0.06779072400058794
341ab64d-0bfa-4db9-9fd9-7829153e4122,1782297252.705502,1782297262.712091,10006.59,502,
bf1f1cd4-ba3f-459b-bb68-4555c4378080,1782297252.739938,1782297255.208242,2468.30,200,0.07263260299987451
10abe66f-168f-4f78-a88c-7ccb337d1b20,1782297252.740760,1782297255.300019,2559.26,200,0.08955561999937345
97c948b4-46a8-4026-81ea-8587f1742b4d,1782297252.837462,1782297262.844023,10006.56,502,
8d56b494-e19d-4272-a64e-d45e4d2cf3c9,1782297252.887167,1782297255.375540,2488.37,200,0.07461767399945529
754078e0-6cc2-428e-aaf8-f219b7d7481e,1782297252.894150,1782297255.441780,2547.63,200,0.06450481600040803
228b50c3-e5ee-4344-95d5-8fe05447ba9b,1782297252.899533,1782297262.906577,10007.04,502,
d3ef844a-8d1d-4a05-8ff2-2d773149ba92,1782297252.904957,1782297255.523993,2619.04,200,0.0790248410012282
7c92822f-5472-476e-9ed0-d8bb0bfea09f,1782297252.914744,1782297262.971664,10056.92,502,
c14c5de6-3b48-4e2e-b54f-00a11b605c0a,1782297252.935695,1782297255.699155,2763.46,200,0.09109173000069859
dc6ee670-d1de-40a2-a6b2-2b171dc28a93,1782297252.951875,1782297262.957824,10005.95,502,
490a34d2-efe0-48a9-9b5a-dacbb9724a06,1782297252.960839,1782297262.969967,10009.13,502,
e08e16f0-0222-4c49-b8b6-8a271e3317fb,1782297252.987586,1782297262.999534,10011.95,502,
60d112f6-08a3-412a-934f-95a01196a753,1782297252.991859,1782297255.699397,2707.54,200,0.07825677299842937
f356d64c-5dcf-408c-ba31-108e3ecbd109,1782297253.000963,1782297255.833503,2832.54,200,0.07048310800018953
10e7d7e5-2d89-4a90-9f63-4d200ade76d4,1782297253.013719,1782297263.036043,10022.32,502,
8ddf6772-3f62-46df-ac78-628fe705d753,1782297253.030167,1782297263.038401,10008.23,502,
8337d3ce-5555-4bf0-bad2-c4961725cdfa,1782297253.073253,1782297263.118913,10045.66,502,
ba25c66d-a3ea-48ee-85b5-9d49ee497790,1782297253.105277,1782297255.833838,2728.56,200,0.05941635000090173
26d427d2-ac6e-4ebb-a6cd-f59adae2aea1,1782297253.105997,1782297255.909655,2803.66,200,0.07466486599878408
593bb2b2-2847-42bc-8f02-72c6d512efa9,1782297253.124599,1782297256.169868,3045.27,200,0.09035673399921507
5e80138b-4026-4649-9834-b857f7d8fc9b,1782297253.125651,1782297255.998204,2872.55,200,0.08389529700070852
0aeb3847-5d35-4194-bf2d-c3ede913b35d,1782297253.151972,1782297256.170110,3018.14,200,0.07814752000012959
596e06e8-2b54-4370-80e7-35ffe3521979,1782297253.157033,1782297263.164786,10007.75,502,
0a8fb10b-a074-4f2d-86aa-897f8bf75f33,1782297253.158214,1782297263.210321,10052.11,502,
c44ead9e-90cd-4063-9ef5-3dd9914ec3eb,1782297253.241165,1782297256.236325,2995.16,200,0.06591639600082999
ce45d1d7-774d-4f93-88a6-6f7a7184c5a1,1782297253.334853,1782297256.409811,3074.96,200,0.08177553499990609
6b537ba3-eff0-4593-8ec5-9d0aa9c2d8ea,1782297253.380707,1782297256.409491,3028.78,200,0.08503405500050576
9b7701c7-a781-451d-8f50-97efcb5be5e9,1782297253.470852,1782297256.485243,3014.39,200,0.07343510999999125
d0134495-7a3d-4225-a2e4-cd10c6c0e8ba,1782297253.547686,1782297256.552988,3005.30,200,0.06784848300048907
d53b45e3-8857-4660-80a6-7fb85a34bf4d,1782297253.582730,1782297256.630352,3047.62,200,0.0760265070002788
17ea3018-78dd-4e09-99b7-a782c89b438c,1782297253.606494,1782297263.617805,10011.31,502,
2cd6e8b7-61c5-4cc6-ae22-f89dcefc9a8e,1782297253.611070,1782297263.620600,10009.53,502,
14855e06-f108-42fe-964f-29729b4e0206,1782297253.615773,1782297256.708816,3093.04,200,0.0767068629993446
9af84504-b77b-41d1-9ca1-1a97c9b573b1,1782297253.616738,1782297263.627327,10010.59,502,
26f25172-433b-4a21-9484-2c81df4e4fd9,1782297253.669902,1782297263.678819,10008.92,502,
3489fac8-52cf-47c3-845b-0d1d4ad9a4cb,1782297253.694610,1782297256.872792,3178.18,200,0.08395104000010178
261badf8-e27e-439e-9b80-4c8746f10b5b,1782297253.726662,1782297256.939686,3213.02,200,0.06655140799921355
1ae537aa-b5fa-4dc4-81b8-7831522d1c11,1782297253.727278,1782297256.873216,3145.94,200,0.0756932610001968
351f5564-b822-414d-acdd-11d5d3934e8b,1782297253.819754,1782297263.827621,10007.87,502,
f2d2158d-8481-49eb-8799-ae55a1cbd453,1782297253.866608,1782297263.877551,10010.94,502,
56495c09-172f-4d62-8e85-a28aa3fbc023,1782297253.872169,1782297257.112338,3240.17,200,0.09866179999880842
26fca15e-ad72-4519-85a3-67ad46c3320b,1782297253.878055,1782297263.883639,10005.58,502,
256dc1ac-e798-4e6e-98b6-9a01dec92595,1782297253.883525,1782297257.112745,3229.22,200,0.06990548399880936
564bb77c-64e6-4eb9-91a4-4b6233bc49e4,1782297253.893037,1782297263.900572,10007.54,502,
e676119b-e733-496c-b720-1dd31107725c,1782297253.913383,1782297263.923171,10009.79,502,
418e2145-89b2-44a2-997d-ab6c548f441a,1782297253.927292,1782297257.181402,3254.11,200,0.06861078799920506
1b92fdf0-2754-48c1-afda-f553755814b5,1782297253.936051,1782297257.243351,3307.30,200,0.06058230499911588
9dd87a2a-1a93-44cb-8192-04f16e3faf86,1782297253.961359,1782297257.395395,3434.04,200,0.07027469299828226
dc87beaf-8a80-4feb-8626-0f5702df8c7c,1782297253.965024,1782297263.970137,10005.11,502,
950abd6a-2e1c-4b0f-9b70-d3804d517fc1,1782297253.974368,1782297257.394826,3420.46,200,0.07642282699998759
07a9d110-cb9e-4831-a6c3-91ec97b58e61,1782297253.985825,1782297257.475080,3489.25,200,0.0804104010003357
cb1b2022-a26e-4219-a185-fd41fd253963,1782297254.002033,1782297257.564080,3562.05,200,0.08749623600124323
f222572b-bfa0-41f0-9bd9-5539f1de31df,1782297254.043104,1782297264.051619,10008.52,502,
73a80698-8418-43a4-a915-4bf2b8b5b0ab,1782297254.048687,1782297264.055597,10006.91,502,
a236cd12-27c3-4e62-b9fb-ee6ed862ee4d,1782297254.067675,1782297257.719289,3651.61,200,0.08425081099994713
9334acc2-7f2b-4fe8-b5be-d752aa32baf4,1782297254.091194,1782297264.099867,10008.67,502,
ccd2d4e8-831f-4cf8-a125-5f0c8a9ecdba,1782297254.092125,1782297257.719057,3626.93,200,0.06828063799912343
aaafb59a-2a27-463a-9daf-8d5c7f4bd64c,1782297254.116711,1782297257.869666,3752.96,200,0.07112772300024517
eb0bc86d-9222-42de-a1c3-839024e507ff,1782297254.122119,1782297257.869911,3747.79,200,0.0765085889997863
15c71ed3-a771-4271-8021-851aa324667e,1782297254.123193,1782297257.945202,3822.01,200,0.0749919019999652
bf22c598-4f72-493b-8e03-0b4296239173,1782297254.201756,1782297258.029047,3827.29,200,0.08233515900064958
75e89cb3-afea-4240-b22f-9ac89f9d952f,1782297254.290296,1782297264.297316,10007.02,502,
a008524c-3f03-4d17-b2b2-0024245df136,1782297254.333687,1782297264.340541,10006.85,502,
fba7145b-1bc3-4ba0-a84d-5d2f33322fcb,1782297254.343283,1782297264.394924,10051.64,502,
849b6965-7a81-406c-835c-8c9535b09641,1782297254.346843,1782297264.352663,10005.82,502,
1fc2f581-731c-4a65-91bd-a21121f2798d,1782297254.469856,1782297258.107964,3638.11,200,0.07722536299843341
4c624cdb-acfe-4161-8def-b4aa7a68ad42,1782297254.542533,1782297258.185692,3643.16,200,0.07697483899937652
685677c8-6115-4d61-a388-259736710265,1782297254.574343,1782297264.581789,10007.45,502,
59980434-5e6c-4b9a-9cd1-aa0fc832264c,1782297254.597203,1782297264.609905,10012.70,502,
5de2f5fd-e390-4d90-acb1-f8585c08381e,1782297254.600895,1782297264.663160,10062.27,502,
fe7f552c-aa37-4b13-83d1-b56d4d57b090,1782297254.605335,1782297258.262438,3657.10,200,0.07444246199884219
06705a2a-ff43-499c-8b7d-3d4d07f02941,1782297254.606564,1782297258.416629,3810.06,200,0.06223987000157649
557a3084-3c52-4d03-a346-c54d43304f39,1782297254.655346,1782297258.416227,3760.88,200,0.08386487300049339
cae0ea46-9f82-43f7-9fe8-4c5b7605e511,1782297254.678243,1782297264.689402,10011.16,502,
cb4e3659-bf0e-490d-bdd1-a0d809b3bb92,1782297254.708308,1782297264.717074,10008.77,502,
fcc45a5b-43fb-4613-8c01-bd1a16283894,1782297254.708978,1782297264.718750,10009.77,502,
cf455911-01be-4498-86ff-21094eccd37a,1782297254.794732,1782297258.500294,3705.56,200,0.0841480250001041
b2555576-2a75-4a9d-8fed-cd3d50f2e411,1782297254.837599,1782297258.646220,3808.62,200,0.07098097299967776
62531b49-bb5f-45f1-bc72-05e0bca2e94a,1782297254.843307,1782297264.853783,10010.48,502,
077d7f5d-f5e9-4405-a481-5ec59df6308f,1782297254.848706,1782297258.645706,3797.00,200,0.07137916499959829
2725792e-1873-4775-9033-26cc4d3add54,1782297254.852952,1782297258.720543,3867.59,200,0.07423607000055199
601caa61-6956-4ad2-aabe-55f1ec2ae74c,1782297254.862148,1782297264.870440,10008.29,502,
58303f30-39ca-4392-bd20-8da606eb8391,1782297254.880849,1782297258.797398,3916.55,200,0.07447681299890974
6773658e-5b58-4009-a024-efd53778bf68,1782297254.894443,1782297264.901792,10007.35,502,
b4ad8b1f-a20a-4e8f-8478-784181c32449,1782297254.902132,1782297258.877956,3975.82,200,0.07928772100058268
010aa17a-bb1c-4bb1-b1a5-3ee867e3b03a,1782297254.925557,1782297258.948358,4022.80,200,0.06866646100024809
abd7104a-52d4-405c-8dbf-58ac0ceda5a9,1782297254.929137,1782297259.029651,4100.51,200,0.07963858699986304
74cfe56e-aad2-43cb-99c2-d38e722173c4,1782297254.937534,1782297264.951412,10013.88,502,
aec39575-dcde-417f-8513-501258e9e62f,1782297254.949444,1782297259.173271,4223.83,200,0.0711539019994234
0c7cd6c0-bd88-4d2c-8a7a-5aa47552dc4c,1782297254.963728,1782297259.173556,4209.83,200,0.06845813700056169
af75f723-8edc-4198-9668-b43befff6cb9,1782297255.002458,1782297265.009179,10006.72,502,
d9be7c72-6547-4a5b-a057-1bb853082f95,1782297255.006188,1782297265.012755,10006.57,502,
8f1416f3-1a74-48dc-a475-01820fef3396,1782297255.024322,1782297265.032354,10008.03,502,
dcd419e8-d76b-4d53-a0e8-588dc2aa75e6,1782297255.046089,1782297259.236267,4190.18,200,0.06122361599955184
128c5dd8-ad5b-4cd9-a37e-1e70e695c72c,1782297255.047501,1782297259.412297,4364.80,200,0.08447822500056645
3a4b8714-08e8-4a1a-9af5-7a08df47d8a0,1782297255.071618,1782297265.083323,10011.70,502,
605b333d-05ea-4f2f-a8e3-f6fc3fc3fc1d,1782297255.074470,1782297265.084328,10009.86,502,
1e98a7c4-6b83-40ec-bcf6-05d072757b21,1782297255.075929,1782297259.412628,4336.70,200,0.08697269199910806
a6a75d88-9f43-4f85-a657-063759f9ea7a,1782297255.149451,1782297265.179026,10029.57,502,
97ae3a0c-5c30-4d69-9f46-4737a27d21c2,1782297255.231179,1782297265.283346,10052.17,502,
781a56b4-6e74-4fda-b96f-906536676ab9,1782297255.271486,1782297265.322836,10051.35,502,
67d2dfaa-e197-400e-9bff-3682fcac83a8,1782297255.280373,1782297259.481913,4201.54,200,0.06846142500035057
610e7de7-c8cc-4036-945c-d79ef7fa821e,1782297255.282671,1782297259.595671,4313.00,200,0.10909169899969129
a16feafe-beb1-4ff9-baba-2974f091e39b,1782297255.311053,1782297265.319199,10008.15,502,
a794558e-c9e0-43cf-be6f-fa9586149e2f,1782297255.324978,1782297259.788725,4463.75,200,0.09271245400123007
7d2cd10e-f1f5-4b24-af8d-90a6dbd018e1,1782297255.327782,1782297259.789334,4461.55,200,0.09289445000104024
81d1e53f-34e1-43a8-9482-96a5c3d43a14,1782297255.474550,1782297265.487365,10012.82,502,
86c71608-ea7a-452d-8498-45845b8a0c65,1782297255.555262,1782297259.941985,4386.72,200,0.08217515399883268
6fa02de5-59d1-44b3-8da1-0e4e8b934861,1782297255.589473,1782297265.596578,10007.10,502,
d66e1b0b-e4cf-4504-b136-3f00080233b9,1782297255.614605,1782297265.622960,10008.35,502,
93451621-9fa5-4fa4-bef5-241887f4e7ff,1782297255.619435,1782297259.942740,4323.31,200,0.06764086300063354
8c0e05a0-0f41-4053-be7a-34659409add9,1782297255.624143,1782297260.021051,4396.91,200,0.07811722199949145
ec522d09-72fc-43b2-9544-7a422b03895c,1782297255.625723,1782297260.089974,4464.25,200,0.06847512000058487
03beca6f-eefa-44b0-ba08-9e83fb5d1d32,1782297255.681026,1782297265.734771,10053.74,502,
675ffe9e-7597-4ff7-958e-507dbfd35d9f,1782297255.704681,1782297265.712340,10007.66,502,
40a2f0fb-173e-4d5e-822a-e11608b802df,1782297255.737780,1782297260.150103,4412.32,200,0.05817930500052171
7fb2fba7-2a8f-4753-b954-43c16d96a885,1782297255.738419,1782297260.221417,4483.00,200,0.0700301219985704
5edd7dc5-0195-4cf8-9f79-a441985208a1,1782297255.832984,1782297265.840052,10007.07,502,
65dbb4e1-1e15-44eb-a47b-2f3056d1539d,1782297255.881497,1782297265.888652,10007.15,502,
2dce13d2-201b-4ef7-a6d1-f3382424fa6d,1782297255.887588,1782297260.300045,4412.46,200,0.07713775199954398
a3043598-0444-4dd1-8ae2-d8cc8eba0b91,1782297255.893036,1782297265.901100,10008.06,502,
1943ce13-d8ac-4ea9-9797-a18ae90cfc63,1782297255.898980,1782297265.912527,10013.55,502,
641c8142-8d4b-4cf3-8b87-ecfea8b4b83e,1782297255.908696,1782297265.918013,10009.32,502,
07ee856f-a087-4e93-9117-b45abe24755c,1782297255.929266,1782297260.373254,4443.99,200,0.07175088199983293
c37e37fa-be31-4e9c-916d-2ef3cdca4997,1782297255.945042,1782297265.952883,10007.84,502,
08039f28-25de-4a80-bb1b-bda0d9ed8514,1782297255.953763,1782297265.959725,10005.96,502,
425bf5ef-7f7c-41b1-82b9-67a5bcf990a7,1782297255.978967,1782297265.992837,10013.87,502,
2b820562-e086-4fa0-993e-8c74ed3eb82c,1782297255.983375,1782297260.436150,4452.77,200,0.06156751100024849
c0873de5-a8dc-45d6-bdb5-80c546e99f93,1782297255.992343,1782297260.603261,4610.92,200,0.07845156400071573
43e844d9-33e3-4a86-bb2e-ec2c24dde30a,1782297256.004416,1782297260.602723,4598.31,200,0.08372921100090025
19da4fb3-c4d8-41cc-85a9-642626ed0f8d,1782297256.021176,1782297266.027962,10006.79,502,
e6d4c04c-7881-4f6a-af48-b81028dca01f,1782297256.062833,1782297260.678481,4615.65,200,0.07532527200055483
82e31041-4b10-4730-805c-bb5b241752d4,1782297256.068632,1782297260.747669,4679.04,200,0.06735291299992241
3bed16e7-4c22-4c40-996e-0164d6e1722d,1782297256.089187,1782297260.819970,4730.78,200,0.0708958100003656
f9a605f8-1da8-49b8-9000-fb042d6dff42,1782297256.112774,1782297260.894222,4781.45,200,0.07260219499949017
69875ff0-9e02-4721-a863-f2091818f6f1,1782297256.113427,1782297260.967871,4854.44,200,0.07259132099898125
862be49c-2aa8-47d4-bcf0-25caa44cbbb7,1782297256.139232,1782297266.146829,10007.60,502,
864949ac-bf4c-493b-a8f5-457c3fb31c7e,1782297256.144570,1782297266.153290,10008.72,502,
8fca68c5-9448-432f-9e00-a4c1039e409e,1782297256.145594,1782297266.155255,10009.66,502,
2159d9b1-b8de-41df-bd45-69375c79bf5f,1782297256.226858,1782297261.036216,4809.36,200,0.066993589998674
e290e80e-8c9f-47cb-8cfc-a86f80cc8c89,1782297256.316935,1782297266.322572,10005.64,502,
bad044c7-1528-4d44-9a76-cbdf531b12f2,1782297256.362652,1782297266.369824,10007.17,502,
31a02c7b-34ea-4cec-86a9-66accdd6c766,1782297256.372143,1782297261.110528,4738.39,200,0.07275029700031155
d0006fc9-b8c0-4c22-87e3-f1509989d67d,1782297256.474152,1782297261.185912,4711.76,200,0.07367055000031542
1a5ecabc-f869-4170-b3bf-8f7df1a3ad4c,1782297256.545463,1782297266.552611,10007.15,502,
ad427249-1057-4ab9-8372-3d2e59f3e612,1782297256.576873,1782297261.249591,4672.72,200,0.06241307299933396
0072283f-a0cf-44f9-bb9f-8957e2cb3653,1782297256.598785,1782297261.321656,4722.87,200,0.07081890299923543
7016f058-ec41-444b-8f3b-a9452c0c1682,1782297256.602777,1782297261.407262,4804.49,200,0.08253885799967975
f96db1ec-d3a8-4c93-a25f-ef56ae209610,1782297256.606444,1782297261.484051,4877.61,200,0.07644452000022284
6dcabd98-6b83-4213-b1ab-8f93b1296034,1782297256.607923,1782297261.553741,4945.82,200,0.06804925399956119
619aa6b5-0c57-4bff-91db-32a739d6a944,1782297256.656598,1782297266.662338,10005.74,502,
b3725507-57d5-4545-91a0-799d56424cde,1782297256.678180,1782297266.685605,10007.42,502,
ae90f086-ffc5-47db-8492-5ad2c4a1deed,1782297256.707492,1782297261.648980,4941.49,200,0.09315189400149393
9ed5a2b0-4244-4e9e-a078-588861a1d90b,1782297256.708106,1782297261.836360,5128.25,200,0.09174345199971867
7278167d-5584-4a8b-bc39-381353ee3f84,1782297256.791567,1782297261.837075,5045.51,200,0.09044441799960623
dca4861a-4a65-49cf-b84c-9dfbc7ed51be,1782297256.834341,1782297266.841974,10007.63,502,
4657a02c-74d5-4770-a79e-17d9f26db228,1782297256.839436,1782297261.924208,5084.77,200,0.08832798399998865
ab604c96-ab02-431d-8765-082185b79c6e,1782297256.844767,1782297262.016265,5171.50,200,0.08273242700124683
dec07f4a-9a08-4f85-89ed-38f7864a3703,1782297256.849428,1782297262.152253,5302.82,200,0.07835599899954104
6a6fa08a-49ae-4e36-b4ca-30a231c657ec,1782297256.857812,1782297262.151823,5294.01,200,0.0622399250005401
389a7089-f7a6-4510-99c3-aeaf214c6dc3,1782297256.875436,1782297262.221288,5345.85,200,0.06846024500009662
d8e81ec9-80df-465c-9432-5c89f988dced,1782297256.889395,1782297266.898185,10008.79,502,
d46edee7-de5b-4b40-997b-d69bd200fd63,1782297256.897251,1782297262.302113,5404.86,200,0.07919005499934428
db2e61c8-6d0e-41dd-8e24-3612a192f98d,1782297256.919899,1782297262.374325,5454.43,200,0.07106147699960275
6ae4b411-13a2-412e-9607-0ca8aa1056e9,1782297256.922840,1782297266.929101,10006.26,502,
0d1d7331-86c4-4673-8f4b-372748fd617f,1782297256.931221,1782297266.939196,10007.97,502,
3b1e3fa9-a7cf-450b-aefe-988e4afdd21d,1782297256.943218,1782297262.440393,5497.17,200,0.06437256500066724
089233ca-6aec-4c5f-a295-7af015be5ea6,1782297256.957255,1782297266.964114,10006.86,502,
b5372ede-74e2-4fd9-8ab9-f305f2386faa,1782297256.993170,1782297262.589229,5596.06,200,0.07615983600044274
0b03ca26-5553-4d4b-9eaa-e7ac3566b0ca,1782297256.998566,1782297262.588656,5590.09,200,0.0686477899998863
2c0074d9-fb0c-400b-b0a7-ee633f5ddc06,1782297257.016264,1782297262.752186,5735.92,200,0.0750318390000757
14de95c0-8a01-455f-9c79-369adbca2e0a,1782297257.038168,1782297267.047384,10009.22,502,
30fce080-a7bd-4169-bb82-77c7be401910,1782297257.038771,1782297267.048189,10009.42,502,
bac71226-12dd-44ba-8a55-d5780ed85c23,1782297257.060312,1782297262.752890,5692.58,200,0.08607464200031245
ca8cfc86-3ce6-44d1-95ed-841f728fa4b2,1782297257.064838,1782297267.074190,10009.35,502,
b5c38d9c-a889-437b-8dd2-094b50a93be5,1782297257.066552,1782297267.118320,10051.77,502,
7fc7096f-f536-4b53-9f7e-455d5c0efdaf,1782297257.137723,1782297267.179906,10042.18,502,
8abd0270-3bed-47df-9063-e96c13786d7d,1782297257.217981,1782297267.224053,10006.07,502,
927614c8-4ce1-4607-b6cd-b59c4a80608d,1782297257.256743,1782297267.262800,10006.06,502,
8033ac28-3f1d-450c-a135-eea46918274d,1782297257.266088,1782297267.276195,10010.11,502,
49e081f6-b54d-4ee4-85a0-29c9c551b658,1782297257.268131,1782297267.276932,10008.80,502,
dd7eba97-1f92-4db1-8b81-2b98fddc0762,1782297257.296611,1782297262.823439,5526.83,200,0.070475101001648
d4af8d3d-9b58-4dfa-84c2-26c718f66d6a,1782297257.310127,1782297267.318694,10008.57,502,
20929f8d-9939-4788-a30d-0b3e6f3bfd09,1782297257.312885,1782297262.893737,5580.85,200,0.06853455399868835
38ea6083-597c-4fa4-b8c7-0f2e8a377ee9,1782297257.329468,1782297267.336378,10006.91,502,
e86384f3-7245-45d2-bbf8-e87afc7441cc,1782297257.481173,1782297267.494325,10013.15,502,
7f458c67-4e16-4a7f-bf2c-e9177ecbc879,1782297257.561824,1782297263.070245,5508.42,200,0.0838510049998149
eafff9e2-96ef-428b-bef7-59d274dfd720,1782297257.596258,1782297263.070870,5474.61,200,0.08529504900070606
a9edaf5e-0317-484e-b0f0-faf15fd9cbc8,1782297257.621227,1782297263.133677,5512.45,200,0.062387858000874985
fb616f2e-86c5-4e84-a1f6-aa8bfecc08ee,1782297257.625062,1782297263.281673,5656.61,200,0.07227115900059289
524ade19-9ccd-4a23-b3dc-c74adb4a0691,1782297257.630105,1782297263.281428,5651.32,200,0.07261788000141678
06951610-19f8-45bd-9a58-034d1bcbaf2c,1782297257.631411,1782297263.349824,5718.41,200,0.06769232599981478
df211c61-e906-4f3e-b69a-7215baa187e1,1782297257.687334,1782297263.428639,5741.30,200,0.07706666999911249
84c58f02-1167-4e45-b69c-144b7020d05c,1782297257.710786,1782297263.502551,5791.77,200,0.07314033299917355
0034a091-f12a-4391-9e9e-3c6cdb610205,1782297257.744156,1782297263.642184,5898.03,200,0.06369678099872544
615eaf2d-ff41-4350-bf3c-801665459dae,1782297257.744757,1782297263.575613,5830.86,200,0.07170378900082142
2b14ee20-24fc-4a6d-98ff-33b1b1303d8d,1782297257.839355,1782297263.731293,5891.94,200,0.0850810010015266
4efd4794-9946-4259-8bd6-30b6680792fd,1782297257.887376,1782297263.904776,6017.40,200,0.08701030399970477
5aff8c25-e1e6-4c5b-9fcb-5d84f7211829,1782297257.894078,1782297263.905378,6011.30,200,0.08292757100025483
3d736ce0-4f69-4f1e-b87b-2fafdfd7c515,1782297257.899532,1782297263.988885,6089.35,200,0.08319081899935554
fe1bc0e6-1f66-46b8-a696-05a532cd4066,1782297257.904816,1782297264.062281,6157.46,200,0.07265575699966575
c71b8b00-9084-4204-8f6a-332ba1788373,1782297257.914464,1782297264.208728,6294.26,200,0.0695132589989953
db99bc5e-984b-4eb2-8c60-d619460f497c,1782297257.934955,1782297264.208964,6274.01,200,0.0728358840005967
6c8a4c48-5379-45b2-a182-1fdab864251d,1782297257.950935,1782297264.287695,6336.76,200,0.07803918399986287
e56352a8-de9b-4cd9-8a10-1cb86680284c,1782297257.959392,1782297264.367981,6408.59,200,0.07937679399947228
f76fba19-17eb-49f5-83d8-f3f4a516c6d1,1782297257.985100,1782297264.534509,6549.41,200,0.0808781559990166
e0284c11-1d8b-4240-b74e-3c63c0da7da4,1782297257.989384,1782297264.534209,6544.82,200,0.0779921800003649
4b38e746-4733-42b4-973a-e1f873e75c3e,1782297257.998882,1782297264.732393,6733.51,200,0.0903349550007988
40cad86d-1bb9-45c9-a8f6-6ac3f7f47c8f,1782297258.011388,1782297264.733910,6722.52,200,0.09735067499968864
329350ce-7890-41e6-b8bf-a7d5c9ec1b92,1782297258.027499,1782297264.840194,6812.70,200,0.10734829899956821
babb3fa2-24dc-4089-88a7-206038a21c14,1782297258.068946,1782297264.952764,6883.82,200,0.10462353500042809
4515ad5e-5525-40f3-b16b-f5b83301d649,1782297258.074673,1782297265.062777,6988.10,200,0.11388483699920471
9d275fbf-080d-4951-982c-80ef4d98910e,1782297258.095818,1782297265.131353,7035.54,200,0.06700887599981797
b08f97f4-02ef-4726-85db-d1de3fc52454,1782297258.118533,1782297265.210587,7092.05,200,0.0768132709999918
8603f57c-6653-4440-a693-f3b8ecbd34fe,1782297258.119513,1782297265.291046,7171.53,200,0.07966951799971866
26300f4c-8800-4911-8afa-22b053c3bfb0,1782297258.145062,1782297265.439500,7294.44,200,0.07864892699944903
36cd9d52-9f8e-4e16-9cae-baaadda67f45,1782297258.150722,1782297265.439131,7288.41,200,0.06597279399829858
192a7e69-3e25-4c7b-9d19-dd201672284d,1782297258.151642,1782297265.508754,7357.11,200,0.06937460500012094
d28d620c-6ed9-42f3-86d2-9b829c569f79,1782297258.233039,1782297265.579327,7346.29,200,0.06902554699991015
65aeb1d2-8035-4321-acff-1857ce988c0c,1782297258.323739,1782297265.646710,7322.97,200,0.06536510200021439
168cd716-ab48-447c-bcb3-ea8b909547b7,1782297258.368502,1782297265.721745,7353.24,200,0.07420135000029404
cd153231-da75-4961-b4bb-4d28c8d67d38,1782297258.378444,1782297265.814385,7435.94,200,0.0902530969997315
522769a2-9a29-4d16-9fe4-380224d55aef,1782297258.484265,1782297265.923485,7439.22,200,0.10441004699896439
8fe78722-a6c0-4391-9b54-f79ec66438c5,1782297258.563476,1782297266.018590,7455.11,200,0.09497708900016733
a6aebc26-3c1f-4e66-a21e-117589193b7b,1782297258.597687,1782297266.094535,7496.85,200,0.07579001900012372
eded7d52-4c06-4ca9-9dd6-7409a6d22382,1782297258.621551,1782297258.634105,12.55,502,
18e0b7e1-7ca7-4b6b-ad9a-c6d41791e644,1782297258.626430,1782297258.635653,9.22,502,
5504d4b9-5d1a-46fa-b3a1-340e9e6fe4c0,1782297258.631371,1782297258.640979,9.61,502,
a76b1379-b836-4b72-8084-53532894c01d,1782297258.632605,1782297258.642320,9.72,502,
2a01cc0f-74cd-44b7-9f6d-c58101510b72,1782297258.685754,1782297258.691073,5.32,502,
b66b2b86-3619-4064-86e0-c50067e42565,1782297258.710515,1782297258.716277,5.76,502,
c0dd2d89-1580-4e3e-98dc-c1f365ea8d48,1782297258.741804,1782297268.749803,10008.00,502,
93709f85-002e-4971-b241-e7e6d47dc2ce,1782297258.742578,1782297268.751606,10009.03,502,
3366ec43-ded5-478f-8056-85db0c968506,1782297258.834809,1782297268.838492,10003.68,502,
b5dc21fb-3b3d-4de3-a896-09b416b583b3,1782297258.882082,1782297268.887461,10005.38,502,
7e972bcb-b10a-458a-9085-52619bb78c1a,1782297258.888078,1782297268.892033,10003.95,502,
74be19a9-1c58-4429-aa1e-ae992f290ab1,1782297258.893549,1782297268.897544,10004.00,502,
fb57a41d-7067-4f1c-8af3-326e20f89db7,1782297258.898919,1782297268.904386,10005.47,502,
287c6cf3-d5b9-4901-90f4-4d654ee32412,1782297258.908150,1782297268.911537,10003.39,502,
28d30aee-c0c3-4666-80a1-ab3c3a00d3f3,1782297258.928653,1782297268.934657,10006.00,502,
3b91ec2f-de17-4f9e-a5f0-6cb82dcb6bcf,1782297258.942250,1782297268.947159,10004.91,502,
3b881095-6a1d-475c-85e0-01767c5c7eda,1782297258.952033,1782297268.955193,10003.16,502,
96a126d9-6ad2-4bad-a596-a89752eacb58,1782297258.976691,1782297268.982143,10005.45,502,
b355d58a-21e4-475b-a467-32a1708a1b53,1782297258.980837,1782297268.986482,10005.64,502,
88c4d4c3-646e-4c6e-88aa-a4542aec998c,1782297258.989989,1782297268.998611,10008.62,502,
dd55f9f1-eb36-4ee0-907c-ccb2722bc18d,1782297259.001439,1782297269.005795,10004.36,502,
409003ef-8307-4a71-9266-0a0680cf617b,1782297259.017458,1782297269.021421,10003.96,502,
5b674d85-85da-44a1-91be-754452d6ed0c,1782297259.058001,1782297269.068143,10010.14,502,
c62c24d4-2a37-4910-ab00-09c8807545c6,1782297259.064668,1782297269.070183,10005.52,502,
cfa11098-0bd4-4909-8d27-e60fad5b8ed7,1782297259.083080,1782297269.087154,10004.07,502,
f7819aed-7743-4a47-960c-67c6c12df7df,1782297259.106620,1782297269.112416,10005.80,502,
f6cc5674-0e9d-4fdf-8aee-d3c1043cd454,1782297259.107657,1782297269.115065,10007.41,502,
f699e601-a9ce-4c95-becd-3596281de9eb,1782297259.132791,1782297269.136679,10003.89,502,
ffb7938c-b9b9-45d7-a832-3bf94590cece,1782297259.137211,1782297259.138960,1.75,503,
5032c9f1-39f1-4a04-bacd-70ea618c0421,1782297259.139144,1782297259.140002,0.86,503,
52ca241f-0dcc-4a33-a289-beca49a761f7,1782297259.217514,1782297269.222970,10005.46,502,
5fe42906-2a37-48da-bf20-7d756d1003f8,1782297259.306944,1782297269.311204,10004.26,502,
50be4cd8-525e-4d76-ab69-081595dc7f65,1782297259.349869,1782297269.353319,10003.45,502,
8045cba6-3840-4116-83fa-d2ba580147d5,1782297259.359143,1782297269.362551,10003.41,502,
dca2304c-2d75-429d-a68d-06e2a57b7b0b,1782297259.361514,1782297259.363521,2.01,503,
720d8470-bef5-403a-8258-ea2878c65522,1782297259.485492,1782297269.500957,10015.47,502,
77a2c34c-f7b5-4620-ba45-23eee71f6609,1782297259.553293,1782297269.555954,10002.66,502,
686a8fbf-aaf6-4dba-ad6f-ba1a14c008d2,1782297259.582860,1782297261.634639,2051.78,502,
825fd80b-59a4-422d-adbd-4d3fd92aa812,1782297259.603572,1782297269.607348,10003.78,502,
570812e5-018e-4abc-9250-162b0104fbfe,1782297259.607517,1782297269.612746,10005.23,502,
2f26d2a1-8c6e-4ae7-8bdb-d30502b7fb9e,1782297259.612067,1782297269.621042,10008.98,502,
ca8f4e4e-d079-4364-b7e3-3cdf41e5d0ca,1782297259.612897,1782297269.620278,10007.38,502,
63c3cac7-ebbb-4ecb-a944-6f2ae1c1a8b2,1782297259.658285,1782297259.660392,2.11,503,
21416363-0aaa-4dd4-8cd8-0ece96244083,1782297259.680076,1782297259.688573,8.50,502,
7f1c14f3-db82-4c63-81bc-df6e13b7e63a,1782297259.708060,1782297269.712895,10004.84,502,
003b4fd1-8dc3-43fd-80b8-e3ed0a8fbae7,1782297259.708662,1782297269.713722,10005.06,502,
1c3766f5-c12f-470f-b0d0-9e083c1ce3de,1782297259.787693,1782297269.792707,10005.01,502,
58464220-cfb1-47d2-9dbc-280c8285fa12,1782297259.828229,1782297269.834429,10006.20,502,
a9e765b1-af6e-4515-87bc-1672447ae3d8,1782297259.833361,1782297269.838378,10005.02,502,
d28d56a0-0253-45a4-8ce8-02a3e653e791,1782297259.838667,1782297269.843112,10004.44,502,
debca127-c5dc-407a-8de9-865457c2b00a,1782297259.843041,1782297269.847586,10004.55,502,
352d9e85-75ee-45cd-89fb-5f66989f0fea,1782297259.851505,1782297269.857178,10005.67,502,
e8b1bed4-b59c-43a3-8ceb-e53d7fbe5ffe,1782297259.868122,1782297269.872564,10004.44,502,
af34b1b9-d992-41d3-978a-226bde21d7d8,1782297259.880861,1782297259.882512,1.65,503,
b89dd6ae-7d10-4dc3-8d34-cf2b754770e6,1782297259.888911,1782297259.890256,1.34,503,
787af8ba-c8dd-4a28-b10c-4fbf7d4cc818,1782297259.910750,1782297259.912253,1.50,503,
f95a3dd8-cfe8-4afa-be02-2a06861c53e4,1782297259.913631,1782297259.915098,1.47,503,
52e9283f-6d87-4e99-a4f8-83b5339f2c9d,1782297259.921644,1782297269.926836,10005.19,502,
026434a2-5438-46a2-b1f3-9ee466b8e38b,1782297259.933131,1782297259.935518,2.39,503,
642ab98b-61a7-40ba-851b-4362ddeb0e17,1782297259.946041,1782297269.951041,10005.00,502,
7530343b-d54e-4105-aeb8-6d0140cc2289,1782297259.980235,1782297269.983931,10003.70,502,
611cdb1c-aeb1-413d-a963-f67135e52c9c,1782297259.985568,1782297259.987208,1.64,503,
68ceb093-dafa-488b-9c73-d3ee9e193132,1782297260.002682,1782297260.004053,1.37,503,
6e45dce6-8e7e-4a60-ae9a-f24f31a396d8,1782297260.023583,1782297270.028541,10004.96,502,
3937b60c-5051-4cd6-9657-e4b68141caad,1782297260.024236,1782297260.027842,3.61,503,
b89c154f-6cac-4c8d-8608-71ac43c65bad,1782297260.045235,1782297260.046643,1.41,503,
520e1f66-8482-4581-9645-883e005edb17,1782297260.049013,1782297260.050035,1.02,503,
86c854be-3256-4e2f-8f13-c2f6a435f13a,1782297260.050213,1782297260.050958,0.75,503,
bd5a4523-5751-426e-ab59-df1394a592fe,1782297260.119287,1782297270.122863,10003.58,502,
ba96e78b-10a3-4b90-9b62-7de134cae80f,1782297260.194599,1782297270.198389,10003.79,502,
ba50b2fa-d9b0-4b36-b5b1-ff7ceb55b821,1782297260.233539,1782297270.239406,10005.87,502,
bb3983a8-327b-47c9-98b2-4cea1fbc3980,1782297260.241033,1782297260.243324,2.29,503,
b863d80a-5207-4c42-84f3-a671b7e055f4,1782297260.242671,1782297260.244936,2.26,503,
59f0c74f-4e5f-4b94-b483-7954f4374ceb,1782297260.269371,1782297260.271101,1.73,503,
245964d2-ddc6-4988-9694-55aa0b21c3f1,1782297260.282507,1782297260.284084,1.58,503,
684f940d-e44e-40f4-b8f4-c9e843379cf8,1782297260.285550,1782297260.286721,1.17,503,
e929be1d-0771-4c01-9e1e-f7949d90a2f1,1782297260.301117,1782297270.306493,10005.38,502,
42fba5f9-fd76-4225-97c0-970e3c534a0b,1782297260.302223,1782297270.307497,10005.27,502,
478899f5-92bf-4201-9df3-890f5d287d5a,1782297260.356005,1782297270.359418,10003.41,502,
11d0cb2e-1c15-44cd-bfba-73210adf9f77,1782297260.490961,1782297270.530101,10039.14,502,
e5e6830e-d02e-4f39-adfe-ce5e177ec772,1782297260.573578,1782297262.626275,2052.70,502,
bae8e722-3990-4ba6-ac07-5ccc762c69bd,1782297260.609813,1782297270.614994,10005.18,502,
f6ead056-a153-4126-80e3-1eaf71cc6fca,1782297260.634837,1782297260.642299,7.46,502,
dd9c3880-75cb-4255-ada9-2bbb2d985ba0,1782297260.640013,1782297270.644387,10004.37,502,
39a103b2-8b57-49e9-aa68-4c864f293d70,1782297260.644399,1782297270.647359,10002.96,502,
0846f279-8e86-470d-bd3c-412b79dfb643,1782297260.646411,1782297270.650419,10004.01,502,
2def107e-7f5c-4990-920f-e1ea8ea0b3b8,1782297260.702355,1782297270.707460,10005.10,502,
d5c9a357-984f-476b-b437-c597435bce0e,1782297260.727565,1782297270.732003,10004.44,502,
7d485958-645d-4cee-97b6-adf9fcc3b91d,1782297260.762381,1782297270.767946,10005.57,502,
9fb6523e-560b-47ea-9a84-d9398dc40dd7,1782297260.763167,1782297270.769518,10006.35,502,
9e579149-6b85-47f0-af50-b1164180a2be,1782297260.860067,1782297270.863050,10002.98,502,
38b03a3f-d476-4c31-83d0-705f580b7377,1782297260.909563,1782297270.914437,10004.87,502,
9f33f236-24d6-4b48-9972-b3a43692b453,1782297260.916240,1782297270.922725,10006.48,502,
42e17e79-e9e9-450b-ab95-8127b7f608c7,1782297260.921559,1782297270.925608,10004.05,502,
dcd9a049-2678-49db-bfb6-12277a05188b,1782297260.926950,1782297270.929492,10002.54,502,
981cf0cf-3860-48b5-9549-70f1e598a71f,1782297260.938221,1782297270.942706,10004.49,502,
b6564ab1-b3c7-45f1-bf1f-69c3440c4352,1782297260.958647,1782297270.962441,10003.79,502,
31ccaaea-9697-493a-b94d-bad8c3eb7498,1782297260.974010,1782297270.979861,10005.85,502,
62d911df-54fb-4fb4-b236-b6bd5d33670c,1782297260.983658,1782297270.988589,10004.93,502,
dd66388e-f561-451b-86c9-406807b04c40,1782297261.009701,1782297271.013972,10004.27,502,
2b37cb8e-2ad6-434b-8fcd-6882ce4d2215,1782297261.013771,1782297271.016959,10003.19,502,
a9fe8996-c048-425c-8d4d-f2bb095c79ee,1782297261.024986,1782297271.029120,10004.13,502,
d95b858e-88d9-42c5-b317-e4fa7df1f1b0,1782297261.037318,1782297271.041708,10004.39,502,
548ed771-fd46-4730-9ddb-deb02910c4db,1782297261.052840,1782297261.054638,1.80,503,
ee61153e-263e-4eb7-8cb3-aa9b591bfdcd,1782297261.096092,1782297271.098963,10002.87,502,
218c2346-104f-427d-8612-754614bdff87,1782297261.102147,1782297261.104916,2.77,503,
14f905f5-d6df-47fb-9933-7764b5876c8e,1782297261.122378,1782297268.750198,7627.82,200,0.0861250679990917
fb4ca765-5546-4b61-9717-22ba6d8cef1b,1782297261.147253,1782297268.993497,7846.24,200,0.08467340900097042
7ddc5bf3-e95e-47b8-bdaf-cea1da494e39,1782297261.148002,1782297261.151697,3.69,503,
cb36f5ea-10e8-4e19-8866-5b6719030364,1782297261.174287,1782297269.226553,8052.27,200,0.07191348200103675
482779c8-ad51-4c66-a1fd-a5aa3152f63d,1782297261.179784,1782297261.182917,3.13,503,
8a3afba5-2338-440b-9dd3-ce673f4a7026,1782297261.180856,1782297261.183493,2.64,503,
996bab38-6ede-4146-9502-aaf5bf9e7388,1782297261.263858,1782297269.912924,8649.07,200,0.06882305399994948
ea5f4725-6cb2-440d-87b1-3b83432a74fb,1782297261.357529,1782297270.518826,9161.30,502,
655b0b11-4927-424a-96d8-59eab8817824,1782297261.403017,1782297270.414599,9011.58,502,
3ca67d60-35c3-4b97-bac8-522b837a0584,1782297261.493813,1782297270.425819,8932.01,502,
8ef00d00-6d16-4f78-8c86-0a24f682cc29,1782297261.579356,1782297266.689842,5110.49,502,
ec147bc4-9558-4092-b9ef-889d0c05f4f5,1782297261.616725,1782297270.472079,8855.35,502,
8282c548-0667-4526-8c63-1b8704a98349,1782297261.642816,1782297270.470690,8827.87,502,
17bda748-ac52-4e04-be9c-44c5465c3d94,1782297261.647840,1782297270.470558,8822.72,502,
3d1b5872-8c55-4a57-bd44-b3138a8de656,1782297261.652232,1782297270.471835,8819.60,502,
3179e7f4-b96e-4531-96e5-f1024f50506d,1782297261.653915,1782297270.470178,8816.26,502,
eea5069b-6da1-4f8c-bf92-ed7f2c0ff782,1782297261.711420,1782297270.470085,8758.66,502,
b6594e26-6f6e-457c-bfec-e42af40ebdba,1782297261.737509,1782297270.470439,8732.93,502,
03e30641-55ee-461a-90c0-7a88d32982fe,1782297261.772823,1782297270.472985,8700.16,502,
b374e953-6051-464a-a7fe-3610fe36c53c,1782297261.773646,1782297270.470357,8696.71,502,
63991bae-9296-478f-aa8b-f97dc48d0bc9,1782297261.873225,1782297270.472634,8599.41,502,
fdfcd4d6-69a2-42c3-bb96-91a5372cc17e,1782297261.924705,1782297270.470808,8546.10,502,
e13f6eb7-a622-4e9f-b796-43e2b962f0d5,1782297261.931402,1782297270.469804,8538.40,502,
3d54ad0e-5565-4422-b7e5-d3c07edaea7f,1782297261.937104,1782297270.470633,8533.53,502,
eaf3b803-f001-44c2-9ddf-e080f340ac58,1782297261.943476,1782297270.473310,8529.83,502,
5ade4b00-4330-4ae4-9416-31647584f061,1782297261.953366,1782297270.471553,8518.19,502,
dd076100-c96d-4def-8c61-2f5e30420b70,1782297261.974812,1782297270.517293,8542.48,502,
08c4ed34-c107-4bdf-b643-005915591c32,1782297261.991249,1782297270.516534,8525.29,502,
6ed8a796-5acc-4a8b-bc02-7189cfd3467d,1782297262.001098,1782297270.519325,8518.23,502,
aced55b4-3a4f-4ea5-8bdf-5b1f6675e5ac,1782297262.028016,1782297270.518019,8490.00,502,
f2a6b8e8-d38c-4075-a1f0-618015357302,1782297262.032241,1782297270.515965,8483.72,502,
7c868086-ecc9-4152-89aa-84a786862b5b,1782297262.041994,1782297270.518548,8476.55,502,
c46492f2-4832-4d2f-a6c1-9ea7227dac36,1782297262.055022,1782297270.517770,8462.75,502,
ae4cfc74-7997-4752-a950-93b2a3029407,1782297262.071959,1782297270.519512,8447.55,502,
9ae36724-e452-4897-965c-dae6bfd3c7d6,1782297262.116485,1782297270.517875,8401.39,502,
c18b74a5-fdc7-4ada-9448-6f99d9d862ff,1782297262.123075,1782297270.515724,8392.65,502,
8c4ac093-0185-417f-a8d5-8fdefb50df87,1782297262.144012,1782297262.147325,3.31,503,
f8e61ee8-c810-4bca-8770-d6be10b6c91f,1782297262.168869,1782297270.518362,8349.49,502,
342642fd-1ae7-48d9-8741-0476f39ea2bc,1782297262.169588,1782297270.517550,8347.96,502,
d4bd7f4e-eee9-4244-9da4-1cef2464c114,1782297262.197729,1782297270.516318,8318.59,502,
1d21efbe-6044-417e-9a8d-7aa6ed8fee28,1782297262.202282,1782297270.518693,8316.41,502,
c1c6378b-65fc-4a09-8d58-74966bd1f486,1782297262.204039,1782297262.206993,2.95,503,
99fa9074-f890-402e-82cc-4ad06485f4c1,1782297262.289613,1782297270.517060,8227.45,502,
3345ebc8-011d-4a54-b89c-cf7a1698c1e1,1782297262.385133,1782297270.516825,8131.69,502,
faa6ed15-f859-4538-a6b0-70f190a7f8f5,1782297262.497998,1782297270.516589,8018.59,502,
445bf5cd-6a4e-4509-aae4-425a629738a0,1782297262.579684,1782297270.519560,7939.88,502,
d667dcb2-57b4-45a3-b370-5c23c4d45d6b,1782297262.617209,1782297270.516368,7899.16,502,
77cb316a-bb30-428d-9fbf-7907832083a6,1782297262.642342,1782297270.517022,7874.68,502,
d23886f5-8ff6-44af-9b26-9cf7e5d51982,1782297262.646436,1782297270.517961,7871.53,502,
1807f57b-6c68-48f0-86fa-9d0cae7768da,1782297262.651225,1782297270.519947,7868.72,502,
7601f6e4-6fef-4323-a2b8-459b066a0183,1782297262.653159,1782297270.518980,7865.82,502,
a65665e4-26c9-48c9-aadd-2b3e2d371337,1782297262.709590,1782297270.517404,7807.81,502,
da8e081a-6a14-4055-9029-746949a0c126,1782297262.735165,1782297270.518232,7783.07,502,
5fb480d7-2a1c-4ab7-9088-3287f9fc54ff,1782297262.769300,1782297270.519114,7749.81,502,
380577c2-6c1c-4b03-a28a-0f3b8c059d2f,1782297262.769933,1782297270.518554,7748.62,502,
b25e68db-fd7f-4e06-a647-d1f93731bbc2,1782297262.866449,1782297270.516229,7649.78,502,
df1a0d8e-65cd-4e50-8865-d4f613fec2d6,1782297262.916092,1782297270.516828,7600.74,502,
1a6be860-a748-4530-91a6-b5a165d51ebf,1782297262.922885,1782297270.517218,7594.33,502,
a15d8667-7eb4-4225-baaa-4bfca18309fd,1782297262.928670,1782297270.519394,7590.72,502,
650863d8-715d-473e-a5ba-01059627f56f,1782297262.934007,1782297270.519697,7585.69,502,
809aa0a2-a7ff-4b5c-8bfd-60bcfb3fe561,1782297262.945207,1782297270.518082,7572.87,502,
29ee4c0a-c8a9-4757-996c-ef34f10b2d01,1782297262.965989,1782297270.517558,7551.57,502,
ff0cb2fd-277c-4355-8608-47b42a775f33,1782297262.981963,1782297270.520183,7538.22,502,
7c0152a7-e224-479b-8a68-efadba89cc33,1782297262.989990,1782297270.516008,7526.02,502,
df512f4d-dc95-422b-a902-ba13eb11906b,1782297263.016817,1782297270.518783,7501.97,502,
5301bb5a-b1b1-4cd7-9e4b-4904eb023860,1782297263.020565,1782297270.519840,7499.28,502,
3aab8a47-05a4-4a52-8c06-433454a5b646,1782297263.030006,1782297270.518414,7488.41,502,
25f65482-42e8-4253-9ae3-fede5f81c74a,1782297263.042666,1782297270.515535,7472.87,502,
cf408aa3-5a7d-457c-bbc9-9250dca7fd8c,1782297263.060201,1782297270.517727,7457.53,502,
a4de2ce9-7cb1-4ff0-809a-51c57621f745,1782297263.102395,1782297273.106184,10003.79,502,
49a03cb2-ffed-42c9-a3ec-662086e0edd9,1782297263.108914,1782297273.113145,10004.23,502,
636310fa-2905-4c82-a9f7-50fc28f14f82,1782297263.129391,1782297268.749900,5620.51,200,0.0700431130007928
4178c866-80ab-42e6-83e0-d07c33479b3f,1782297263.153893,1782297268.750381,5596.49,200,0.07118339199951151
b851f89a-4417-46b3-89a5-45132af869d6,1782297263.154648,1782297268.908311,5753.66,200,0.08010572300008789
a087d5e3-ae5d-4812-ba1d-706f537bcdec,1782297263.181015,1782297268.907694,5726.68,200,0.07888991700019687
3f9d6cfb-641e-4677-bd79-dbf2e0d7638d,1782297263.186395,1782297263.188933,2.54,503,
96fa466e-cbfe-4c9b-81a5-446246a31f99,1782297263.187949,1782297269.393937,6205.99,200,0.07694538200121315
65c21d7f-9096-4b11-bf1b-64a200bbd457,1782297263.271143,1782297263.272398,1.25,503,
f1ed6bd7-2619-4cd8-8508-fa4ac4a406ef,1782297263.364040,1782297270.334313,6970.27,200,0.06943181399947207
9d358275-aa88-4a97-a7ef-537fa26cc41a,1782297263.410250,1782297270.414557,7004.31,502,
3c2821aa-4c32-42e1-9b09-d2131befaf1d,1782297263.501500,1782297270.425996,6924.50,502,
ebdc65a4-0aae-486a-bf19-37858800c363,1782297263.584353,1782297270.472562,6888.21,502,
deda379a-b963-4dd9-8229-e1c32088f5e8,1782297263.620888,1782297263.629621,8.73,502,
8186f602-0deb-4c0a-a6b1-b34510f4bd0d,1782297263.645385,1782297270.470397,6825.01,502,
08a15e41-4f2e-4747-a9d7-a01618ca4ca6,1782297263.650574,1782297270.469544,6818.97,502,
ceb69e71-a6fe-4488-a0ab-83bc3be4af48,1782297263.655195,1782297270.471307,6816.11,502,
8c661d9f-c2b8-40a0-8a06-cfa890e2310a,1782297263.657250,1782297270.473293,6816.04,502,
50c071c5-23b8-4952-ace0-d67cab67eb3b,1782297263.712658,1782297270.472287,6759.63,502,
231b6bab-0322-4ab4-8cac-2cbdc35d171a,1782297263.738750,1782297270.470230,6731.48,502,
028772de-a00a-4c8f-af09-373024b1a5af,1782297263.772842,1782297270.469759,6696.92,502,
e3b8fbd5-c4cd-4318-bfbc-a3c3c5f4669c,1782297263.773572,1782297270.470133,6696.56,502,
73fc5521-3a33-4272-a2fb-1ee3f6df404e,1782297263.870599,1782297270.471812,6601.21,502,
1ebe423b-5064-44fc-9e0e-75853e584caa,1782297263.919680,1782297270.473113,6553.43,502,
1672ab72-0063-460b-9378-3fab9cdae3ac,1782297263.926534,1782297270.469897,6543.36,502,
cf2a039f-ff6b-4a39-a632-bb1b50ab44df,1782297263.932558,1782297270.470037,6537.48,502,
8cd0d9ab-f223-4a2a-994c-118cb5def9fd,1782297263.938400,1782297270.472726,6534.33,502,
7ef73251-6be8-4d55-b937-1ba769fdf731,1782297263.947657,1782297270.471124,6523.47,502,
ff005758-db69-47d5-9576-916bae2889ef,1782297263.968804,1782297270.473603,6504.80,502,
f71605d0-7507-4efe-b5aa-e88e6231800b,1782297263.984174,1782297270.470620,6486.45,502,
38bd7ea1-6d29-4cf1-ae8c-39ac523f6ca9,1782297263.994083,1782297270.518143,6524.06,502,
65791f6a-a166-4ad0-8e7b-9d15cf71630a,1782297264.020689,1782297264.023139,2.45,503,
e55a03b2-23c8-452a-92fc-8c1a6599c435,1782297264.024669,1782297264.026486,1.82,503,
81b230d0-2a08-463c-9d98-5b36bb8a5190,1782297264.034115,1782297264.035745,1.63,503,
f48da03c-e92f-438e-83b1-55adda73e4f5,1782297264.046322,1782297264.048465,2.14,503,
94615c53-7f6e-4b9c-bc77-13b656144c5d,1782297264.063920,1782297270.516597,6452.68,502,
3b7903e2-e089-41e5-9013-f2e623d0cb44,1782297264.105823,1782297270.518871,6413.05,502,
417c6273-3995-498b-bb60-3fd17879a567,1782297264.112228,1782297270.518615,6406.39,502,
16b7a6a6-41e9-46bc-b6c7-9e9a78b31414,1782297264.132941,1782297274.137407,10004.47,502,
219421c7-924f-470e-b864-66f48864272e,1782297264.157474,1782297264.159255,1.78,503,
e4820c50-79dd-4021-be0e-144065a795c7,1782297264.158419,1782297264.160152,1.73,503,
8c420745-8b61-412b-80e9-c873e951a18e,1782297264.184701,1782297264.186343,1.64,503,
2187e654-9056-4891-b2d5-b40dc356275b,1782297264.189708,1782297264.191557,1.85,503,
5115d4d8-8b3b-47a7-82d9-ca5d0df966bc,1782297264.191845,1782297264.193241,1.40,503,
ad572b94-7930-45bf-b5a8-b0f832cf6242,1782297264.274841,1782297269.538354,5263.51,200,0.07535898700007237
04fe0ee7-9558-4b51-9926-ea152693b99c,1782297264.368196,1782297270.170779,5802.58,200,0.08340795500043896
f366475e-27f0-4f43-8959-5738c28245e5,1782297264.414466,1782297270.411374,5996.91,502,
eac1c554-03be-4daf-a0ce-4dd36023db14,1782297264.503495,1782297270.426062,5922.57,502,
4ecd304d-21eb-4376-8f80-9328d8451afb,1782297264.588606,1782297270.472950,5884.34,502,
fbabac9e-c785-456e-b584-1210bef93efc,1782297264.627487,1782297270.473665,5846.18,502,
4d396246-5a6b-4ad7-ad87-24aa3f941488,1782297264.651955,1782297264.656568,4.61,502,
5bf62794-95f5-4c4d-a86b-f1fb2c724069,1782297264.656882,1782297267.713807,3056.93,502,
eb5da9e6-2139-4b71-8bcc-65f9946b0c17,1782297264.661622,1782297270.471035,5809.41,502,
41c1ed0f-32f6-4e83-8ecd-92f09ea3219a,1782297264.663798,1782297270.471627,5807.83,502,
5ce2a4c7-afed-4ee9-b92e-5aa1e2ff1166,1782297264.721792,1782297270.473188,5751.40,502,
af504ba0-58ad-452f-a3d4-072df798a58d,1782297264.747829,1782297270.469906,5722.08,502,
8ccd24b4-dec2-4aee-8e95-58cee9bce8a0,1782297264.783256,1782297270.473551,5690.30,502,
241f56f9-ebbb-4bf8-a0f2-8ac5a2989d28,1782297264.784304,1782297270.470598,5686.29,502,
3353ca92-9fa0-4d90-b1b0-7821fbef1456,1782297264.883278,1782297270.471428,5588.15,502,
0cf51974-f28b-4112-bd92-398441150651,1782297264.935401,1782297270.471222,5535.82,502,
4159d5fa-a087-4353-abe1-63e19951c8b8,1782297264.941319,1782297270.470210,5528.89,502,
130735be-5f33-486c-a1ae-67d1f4464aef,1782297264.947315,1782297270.470710,5523.40,502,
63b56cae-97a6-4c99-9722-7dbc5b7ecd70,1782297264.953080,1782297270.470364,5517.28,502,
367eed3a-2eca-446e-8fd6-f21b3eae6ead,1782297264.963138,1782297270.473427,5510.29,502,
35c37489-ad43-4b2c-9566-0912df33da44,1782297264.985789,1782297270.470830,5485.04,502,
8c9753d4-ad73-4518-9c15-1b1967620316,1782297265.000410,1782297270.516721,5516.31,502,
fe2e50e6-6679-4d53-b2e3-18e2bdc2a60e,1782297265.010728,1782297270.473112,5462.38,502,
b926b6d4-c4f6-4c15-ba35-42e1795e2371,1782297265.037729,1782297270.515944,5478.22,502,
fb239c47-8bc0-4fb1-802c-0f6fdcb506a6,1782297265.041388,1782297270.517594,5476.21,502,
58fa1f77-74ce-4f26-b747-57c1075a2fc1,1782297265.052192,1782297270.516590,5464.40,502,
2d7a1f10-baab-4041-98ec-97149693d042,1782297265.064641,1782297270.518090,5453.45,502,
c6aba3ca-07ac-4bc0-9515-29c533ca5577,1782297265.082431,1782297270.516202,5433.77,502,
22a761df-882b-441d-9db2-4e9b9b2453e5,1782297265.126351,1782297270.516865,5390.51,502,
e5d62adc-ba70-493f-ab6b-9f6abacf1fc6,1782297265.132880,1782297270.516319,5383.44,502,
ab37b477-f9e9-49f3-b1d2-6254fdf163a2,1782297265.153800,1782297275.157245,10003.44,502,
bc15a31e-a598-4cd9-ab8e-6b2e1db22265,1782297265.179141,1782297268.747647,3568.51,200,0.09453560899964941
be5879e6-bafe-4e9d-8064-f8a9d43d04ae,1782297265.180024,1782297268.749980,3569.96,200,0.0730918199988082
7d703179-b43c-4593-ad1d-a92399bde893,1782297265.206774,1782297265.209311,2.54,503,
25557ba8-1bc2-4ca9-8d9a-37136bfa446c,1782297265.211782,1782297269.152292,3940.51,200,0.07643437100159645
4402f452-6b27-44f7-83ae-359a13382220,1782297265.214358,1782297265.216941,2.58,503,
ae4d57d9-6237-4c3f-bf02-59aed07505d8,1782297265.299577,1782297269.315896,4016.32,200,0.0853763600007369
7f10c596-b746-40c2-a5b7-62845f916591,1782297265.395468,1782297270.517851,5122.38,200,0.07746956699884322
bf522620-43e5-4be6-8eb0-b23cdceaba22,1782297265.504906,1782297270.426295,4921.39,502,
d344c6bf-43c4-4b25-8a79-16473ffcc91a,1782297265.581249,1782297270.425911,4844.66,502,
1c408737-7d18-4386-bfa4-10e58b2eedac,1782297265.615052,1782297270.426198,4811.15,502,
c2f5ca32-3fed-4362-ae6e-dd94ce47e57c,1782297265.638649,1782297270.471415,4832.77,502,
b3af1b81-1f9c-40c5-879d-fd07ca7238a4,1782297265.643071,1782297270.471929,4828.86,502,
84dd5284-8618-422f-a400-98e4c6532e68,1782297265.647547,1782297265.654887,7.34,502,
fff2d07c-d14d-41ff-8591-22cad61d0def,1782297265.648752,1782297270.469377,4820.62,502,
9d2aee49-0bc2-41f1-8b67-a8f5d0b270d1,1782297265.700558,1782297270.470755,4770.20,502,
4210a971-28b4-4490-aa85-bb6ba29a5d38,1782297265.724129,1782297270.471224,4747.09,502,
d0fe0bef-8137-4502-bee8-2fce11b17459,1782297265.755740,1782297270.471709,4715.97,502,
5ee3dc29-4676-4dfd-a063-109c95ea41be,1782297265.756652,1782297270.473604,4716.95,502,
246a618a-70dd-4da0-8852-9bc0d6d22a94,1782297265.847195,1782297270.472788,4625.59,502,
b5a87c46-9eb4-42b0-a5a8-59112ab06e08,1782297265.891626,1782297270.470646,4579.02,502,
a45fc737-0b5b-44c7-b8bb-fb426cbeb6b2,1782297265.898421,1782297270.472905,4574.48,502,
ee2c8f3c-6cdb-41f9-8a15-d0a58a40ff7c,1782297265.903773,1782297270.470850,4567.08,502,
d42179a8-9510-446e-a858-8d730eae37f6,1782297265.908482,1782297270.473431,4564.95,502,
3cf7fd9b-7f3e-4e1c-affe-89cff4b6159f,1782297265.917954,1782297270.472028,4554.07,502,
bf8c1186-de6c-4ab6-9124-3989ab5c5f64,1782297265.937203,1782297270.471131,4533.93,502,
189885fd-9e47-4ddd-aefe-2f8b2d4bface,1782297265.952568,1782297270.470468,4517.90,502,
adff07b3-5b6f-498c-bac3-2b26c52b64a6,1782297265.959929,1782297270.469656,4509.73,502,
832109d9-3949-497f-b246-41441dcfcd8a,1782297265.984382,1782297270.472559,4488.18,502,
94dccba3-af5e-4326-8a3e-98c59d73bec7,1782297265.987788,1782297270.469775,4481.99,502,
306c779a-df85-40a0-8394-9ac005cef3c2,1782297265.997066,1782297270.470325,4473.26,502,
e621afcf-43c2-43b3-889b-65d618242bdd,1782297266.009484,1782297270.518969,4509.49,502,
7ea4e1bc-032c-4ba8-a784-9fd8be9754ba,1782297266.024690,1782297270.471009,4446.32,502,
8a30808c-25a9-45c9-9160-ae8077b26b4d,1782297266.064307,1782297270.517067,4452.76,502,
92fdc7a6-45b1-4676-adb1-c5be7a57e24e,1782297266.069296,1782297266.071578,2.28,503,
6b53a8f8-f890-4795-954f-27751649454f,1782297266.088182,1782297266.089788,1.61,503,
d1e683a6-a295-4bf0-93d0-db47a2687863,1782297266.111173,1782297270.519250,4408.08,502,
2f0cc2fc-65ef-4f8d-a2dc-938eca6eb932,1782297266.112060,1782297266.114878,2.82,503,
6179fde7-06e6-4b6a-b0b7-e764b66da69a,1782297266.136388,1782297266.138154,1.77,503,
6a5c58c0-62cf-40c2-9241-0f7aa808b048,1782297266.140655,1782297266.141936,1.28,503,
38bb023a-139e-4bbe-a27c-74b07be3f7e4,1782297266.142226,1782297266.143740,1.51,503,
1fd32cfe-e1c0-42b8-89c6-b0da0ee13e62,1782297266.219303,1782297268.344922,2125.62,200,0.08224411599985615
68a76954-1cc6-496d-91aa-5acebebdab92,1782297266.305158,1782297269.538754,3233.60,200,0.06560025099861377
6957a5c7-ae51-4e9c-b039-0dd5836aed8e,1782297266.348323,1782297269.913287,3564.96,200,0.07139999399987573
a32758bc-ae7a-4c25-a918-22d11521e93c,1782297266.357038,1782297269.691431,3334.39,200,0.07747948700125562
5ce290b6-50da-4ff5-8668-831f4cf7463a,1782297266.359379,1782297266.360634,1.26,503,
34ebd347-d964-4179-aa20-528b69f1377f,1782297266.389208,1782297270.334211,3945.00,200,0.0820325340009731
1e48f710-9618-461c-8b2c-30169aa49be5,1782297266.507891,1782297266.516394,8.50,503,
ae8f505d-ecb2-42f0-9184-835eea171879,1782297266.588997,1782297270.426166,3837.17,502,
99482cf7-0e47-48d1-b39d-6699002e3466,1782297266.622915,1782297266.624747,1.83,503,
efd22094-6606-47c9-822a-d17e6eb86585,1782297266.648139,1782297266.649597,1.46,503,
3ff72b65-5219-4789-9c96-59dae175b3d5,1782297266.652989,1782297266.654023,1.03,503,
328deeb5-e5f4-4f71-bc67-8ec8fd8d80d3,1782297266.657294,1782297266.658255,0.96,503,
3e5d1fb2-4527-4297-b483-0f1223b861ee,1782297266.658420,1782297266.659281,0.86,503,
7579e75b-4f62-4d8d-b2a5-6ce4ec63a08d,1782297266.713691,1782297270.472719,3759.03,502,
6dcb141e-e3ba-46a8-89d3-5aebd137f2aa,1782297266.738600,1782297270.471419,3732.82,502,
0f9039b2-4bac-4991-bff8-b4d8e09783ea,1782297266.771129,1782297270.470175,3699.05,502,
6dae3b1e-975a-4ee4-9ebc-40f0e25db031,1782297266.772024,1782297266.774826,2.80,503,
5c03d71a-801c-4026-b7be-7496c7546a05,1782297266.866287,1782297270.473348,3607.06,502,
8949afcf-48d9-4744-9785-6ab6858cc0c5,1782297266.914376,1782297270.473232,3558.86,502,
cab7955a-fff5-4ed9-bd04-450e2b7ac627,1782297266.921028,1782297266.924224,3.20,503,
73681ed0-0fc0-4ad4-9a9a-1051ebf62197,1782297266.926615,1782297266.927768,1.15,503,
cfe752c5-b861-42b1-b36e-37256cf1492f,1782297266.932231,1782297270.472384,3540.15,502,
df1d4bbe-a57f-48cb-9d1e-c181b2165baa,1782297266.943138,1782297270.472221,3529.08,502,
d471709d-3da1-4df5-88ad-4b707d1bdbc3,1782297266.963637,1782297270.469721,3506.08,502,
4b171501-821f-4d57-827f-e76c260848ac,1782297266.977376,1782297266.979746,2.37,503,
e5036eb3-5372-462f-a0de-62e951937761,1782297266.986478,1782297266.989116,2.64,503,
7e939fb8-12d2-4b93-9eb6-31782a6b9a69,1782297267.012836,1782297267.015284,2.45,503,
246387e7-3b79-4b4f-817b-3534d46b94eb,1782297267.016890,1782297267.018810,1.92,503,
31d7b59c-1581-41a9-a39d-6678cbb366f2,1782297267.025460,1782297267.027155,1.69,503,
f754b70a-74e1-41fe-bc22-4c8fcade8ed4,1782297267.037624,1782297267.040100,2.48,503,
4488ef3c-320c-4d01-81d6-3294aafd7b91,1782297267.054566,1782297270.469942,3415.38,502,
a60429ad-2cb1-4e24-aee4-8b3ac5165ba5,1782297267.096535,1782297270.517639,3421.10,502,
681498fc-3e46-42d0-9d68-f481966a2098,1782297267.102040,1782297270.516351,3414.31,502,
e9098ad9-6ae8-4f4f-a30e-91871ad00d33,1782297267.122390,1782297270.517334,3394.94,502,
6c652e9e-e6ba-4cdf-8633-7e81fc806ca0,1782297267.146147,1782297267.148243,2.10,503,
ebd19cc3-4fcd-407b-92e9-6a90f447f579,1782297267.147008,1782297267.148563,1.55,503,
fb708e05-5d94-45b9-8a80-d9ed5bde3051,1782297267.172892,1782297267.174305,1.41,503,
98cd779d-8e11-4f4b-b05d-b9eee58ef0ac,1782297267.177679,1782297267.178822,1.14,503,
90023302-8939-4784-a4d2-0c1837e73747,1782297267.179038,1782297270.515694,3336.66,502,
da1f513d-d823-440c-bf3a-8b457f7b805a,1782297267.259830,1782297269.073840,1814.01,200,0.07877358200130402
a92aed8b-ef98-48db-93e0-7bae6b5058fb,1782297267.351284,1782297269.769900,2418.62,200,0.07662127000003238
045d1c6d-bc05-4f38-aa3c-b37f8ec5bccf,1782297267.395289,1782297270.170167,2774.88,200,0.08336981400134391
018bada0-0d71-48d1-94ee-f5d68390f680,1782297267.405150,1782297269.999196,2594.05,200,0.08342234600058873
2806c395-0d4d-4589-be89-6df938133973,1782297267.511866,1782297270.414670,2902.80,502,
609f56b6-8ee5-4dc8-99f2-75e9125baf1d,1782297267.592180,1782297270.425813,2833.63,502,
a10d0e23-8eed-44d6-a0db-bb19c9424800,1782297267.626963,1782297270.426110,2799.15,502,
1375d465-a8c8-4972-9ba2-df433a5c44a1,1782297267.652631,1782297267.654749,2.12,503,
9a99a331-9b7f-449f-b2bb-1b450c654fca,1782297267.656269,1782297267.657341,1.07,503,
fdebe352-afac-43c2-bcce-3cf1a8dccfe0,1782297267.660702,1782297267.661777,1.08,503,
af6dfb25-4373-4520-b1f0-eb02a3551113,1782297267.663141,1782297267.664289,1.15,503,
93dc184b-b3b1-4c73-8e82-bf68b8d82033,1782297267.717754,1782297270.471055,2753.30,502,
3a9b3d0f-17f4-464e-9e1f-a24fe55d1380,1782297267.741687,1782297267.743307,1.62,503,
de38f2bc-dd63-4cdf-b2a8-3526977347f2,1782297267.774682,1782297267.776375,1.69,503,
0eda6af0-6e93-41f4-800e-3fdca32a1200,1782297267.775490,1782297267.777487,2.00,503,
b738ab57-8390-4c71-93bb-ed1a4ce1f175,1782297267.871043,1782297267.872794,1.75,503,
a2d2c16d-10df-4817-a2fe-e5908079782b,1782297267.919419,1782297267.921512,2.09,503,
b0ed0eec-329b-4760-b0b8-c8453e6be626,1782297267.924969,1782297267.926476,1.51,503,
e3c9abb3-4933-4d93-8777-0f34242cea70,1782297267.930997,1782297267.932279,1.28,503,
35ac814c-eadf-465b-9f62-e299e8d0a752,1782297267.935904,1782297267.937655,1.75,503,
edf2ccff-e96d-4793-ade0-3c1493e854cf,1782297267.946218,1782297267.947554,1.34,503,
66851b20-4a26-483c-9a2d-4548c1628714,1782297267.967000,1782297267.968783,1.78,503,
b430dd2e-0a4b-4d58-ac07-bea6aef9ef14,1782297267.981211,1782297267.982700,1.49,503,
828fa1d3-3f5f-43b6-ad6f-9b4dfe0a9d12,1782297267.990167,1782297267.991414,1.25,503,
173d300b-46e5-41f4-9d20-9d8bd044bcb8,1782297268.015903,1782297268.017327,1.42,503,
f446fbe6-f3f7-490a-b33e-707857fdbb89,1782297268.020776,1782297268.022014,1.24,503,
8f296ad0-5db1-4367-a390-0bdd4c8d61f6,1782297268.029441,1782297268.030697,1.26,503,
f5b4c54c-18e5-436b-b00c-de72578e288d,1782297268.042086,1782297268.043406,1.32,503,
eb884cbd-1783-4122-97e1-9bc009a36ab8,1782297268.058829,1782297268.060190,1.36,503,
dbf41868-fba1-4d4b-b4a0-2a336836a714,1782297268.099651,1782297268.100989,1.34,503,
cdcdf998-62c9-4cf2-a18c-bc17d5e9f23b,1782297268.106386,1782297268.107586,1.20,503,
9e6eb8ef-fda4-474d-ab9d-105c6a5f1440,1782297268.126965,1782297268.128175,1.21,503,
9ef679bd-a439-49d6-b98a-ca97a8d0ad16,1782297268.149665,1782297268.150954,1.29,503,
329791c8-205b-448e-b7c2-742ff9ff1d76,1782297268.151142,1782297268.151986,0.84,503,
bb7e7f9c-9c56-42d1-ab4b-5bb6e1e4dd4d,1782297268.176539,1782297268.177920,1.38,503,
a19b6e76-2e02-44f6-be57-908dee5a51c1,1782297268.181330,1782297268.182528,1.20,503,
1eb9580a-922d-4215-86c9-bef36ff8f120,1782297268.182774,1782297268.183699,0.92,503,
a347e0aa-3c01-4071-a57d-73c4f1c90ec4,1782297268.264074,1782297268.265733,1.66,503,
bae5346c-d957-497e-9348-5292b3301af3,1782297268.355197,1782297269.612710,1257.51,200,0.07220491599946399
10806b24-128d-4e47-9dc2-498cf71f35f6,1782297268.399084,1782297268.401080,2.00,503,
63c0cd5b-9e6b-4302-b728-6a96e2104f98,1782297268.409674,1782297268.411269,1.59,503,
6825ad60-79b9-4ffb-825f-22dcd9335d12,1782297268.518779,1782297268.532741,13.96,503,
ddd95903-be6f-4c3c-bd41-1a3e5e311a36,1782297268.598557,1782297268.600605,2.05,503,
af504ff9-ebac-428f-a426-feb9a42e5080,1782297268.634311,1782297268.636654,2.34,503,
166f9510-3885-4894-99a9-cfcbefd8c1a4,1782297268.658298,1782297268.659730,1.43,503,
d5589330-bd2c-4970-b5ae-b443b7635801,1782297268.663254,1782297268.665043,1.79,503,
0bda3d80-4b7e-475c-bbb5-918790cbbbc9,1782297268.667477,1782297268.669084,1.61,503,
d1837127-a95e-4055-b3f8-bceda58cd118,1782297268.669376,1782297268.670933,1.56,503,
11b85739-4696-499a-9110-498193d77556,1782297268.724550,1782297268.726603,2.05,503,
3499f8a1-9153-4264-82d4-761404b38f2d,1782297268.748147,1782297270.473182,1725.03,502,
8a4d3034-b444-4c81-ac22-be5b150697cd,1782297268.781297,1782297270.472291,1690.99,502,
a592c0f1-bba6-4a9f-9f98-2d90cdb12c87,1782297268.782180,1782297270.470773,1688.59,502,
cf679ab2-83e5-46bd-ba7d-cfe91bea0944,1782297268.876862,1782297270.472176,1595.31,502,
a67d38f0-3432-4767-b1a2-2ab4668013e0,1782297268.925202,1782297270.469429,1544.23,502,
fe21451b-3eb5-4b93-9834-d6c9f3ede2c2,1782297268.932142,1782297270.472074,1539.93,502,
6b0dc20a-91e4-4a54-bfe1-49c65eca65e5,1782297268.937167,1782297270.470110,1532.94,502,
94f1d66a-0fa1-422b-b7bb-690786a820d3,1782297268.942917,1782297270.471366,1528.45,502,
679ecde0-ba34-4a12-b191-4ab0674a8995,1782297268.952267,1782297270.471605,1519.34,502,
ed467076-12b0-4221-9b49-0e0c5b2bee14,1782297268.972962,1782297270.473091,1500.13,502,
36e971ee-3a55-4de5-b7f6-d65c5ec5d2f9,1782297268.987619,1782297270.470551,1482.93,502,
ffeb9e53-b674-45ba-ab66-2e248c92a7e6,1782297268.997678,1782297270.472629,1474.95,502,
2eee8e72-fd46-4cb5-86d1-8fc1a7232179,1782297269.022351,1782297270.472848,1450.50,502,
bafc1a16-773d-4ed1-976b-cccc27dcc786,1782297269.026774,1782297270.471244,1444.47,502,
4dc32622-2967-450f-9b17-55b22da62daa,1782297269.035947,1782297270.472741,1436.79,502,
67056b60-c7e7-4638-bf8b-1230a1d4430f,1782297269.048926,1782297270.473253,1424.33,502,
ba507cde-ff68-4411-a617-8cc956e751a9,1782297269.065393,1782297270.471918,1406.52,502,
75638fe9-600d-482d-a392-6a50f6f830c2,1782297269.106253,1782297270.515814,1409.56,502,
493418a8-4b38-4c82-a7d5-ef39603c8434,1782297269.112242,1782297270.516101,1403.86,502,
6be60d33-54d2-433f-bd34-0cbe149ee4f2,1782297269.132127,1782297270.518216,1386.09,502,
6c4a8630-0b2d-434e-adcb-ff1a19da14b5,1782297269.155978,1782297270.517306,1361.33,502,
c9f99d5f-107b-41b8-b345-63793c4470dd,1782297269.158055,1782297270.517547,1359.49,502,
6eca6ae3-1218-4a56-9974-eaf40d9162d2,1782297269.183119,1782297270.516235,1333.12,502,
24c2e113-9688-49c3-b738-dc8619d3459a,1782297269.188531,1782297270.517067,1328.54,502,
d227e93d-7f2b-42e0-a937-f7fdd430a218,1782297269.189600,1782297270.517806,1328.21,502,
be0062c6-58e9-4c6d-bae2-cf8f65533993,1782297269.270191,1782297270.518327,1248.14,502,
9502fa5e-7f18-4574-8de4-1480f1358b77,1782297269.361037,1782297270.517437,1156.40,502,
cf133794-d2bd-4f51-910d-dc51d328a633,1782297269.405628,1782297270.518445,1112.82,502,
55347486-7dec-44ac-a63b-7dfee1c2debf,1782297269.415880,1782297270.517927,1102.05,502,
954f0d39-895d-42a4-ba4b-6e1223f63a59,1782297269.520315,1782297270.542808,1022.49,502,
fb5a78b6-5056-4a37-bc9c-51fd761400a1,1782297269.610162,1782297270.543241,933.08,502,
7e6d4987-bb35-4976-b53e-e33757f27ab9,1782297269.650241,1782297270.543022,892.78,502,
8917f749-1d9f-4aa5-bdef-3c8407023561,1782297269.679294,1782297270.543344,864.05,502,
28f6b287-21de-4907-8c37-f024da8af53b,1782297269.682997,1782297270.542315,859.32,502,
936ed8b8-8c7f-4e21-bd37-18cea355c4fc,1782297269.688682,1782297270.542211,853.53,502,
f26f0c38-af42-4ad0-a24e-86b8557ed8d2,1782297269.689806,1782297270.541161,851.36,502,
9b5d603e-caaf-44a9-bd12-ad9c2565312b,1782297269.751249,1782297270.542545,791.30,502,
0a24ba99-199a-4904-9289-5d280395209e,1782297269.778917,1782297270.543446,764.53,502,
681728b2-811a-4f61-8521-2b46e9ed572b,1782297269.817523,1782297270.542659,725.14,502,
0e83807e-3fad-4d30-b18d-531812c183f5,1782297269.818307,1782297270.541322,723.01,502,
61dd6349-ae1e-43c3-8bdf-1539a59abe4f,1782297269.924705,1782297270.515915,591.21,502,
b1483705-cfb7-4a89-96df-2a6644a00d0d,1782297269.977160,1782297270.542495,565.34,502,
a33ce097-7cbc-4bef-bf2a-3bd5b50d3563,1782297269.984180,1782297270.542707,558.53,502,
5f5c49cb-a287-4309-9170-a63027845285,1782297269.991098,1782297270.542387,551.29,502,
9974a648-2a09-47ff-a67d-db50b8e5dfee,1782297269.997313,1782297270.543124,545.81,502,
80077738-7190-4d9f-a77f-e4a518f6752c,1782297270.009153,1782297270.543291,534.14,502,
c8fe0af8-cbf4-40ca-a63c-fb8a103016f3,1782297270.030790,1782297270.542922,512.13,502,
383163de-078f-4308-8a9a-7362215e7a45,1782297270.047439,1782297270.543395,495.96,502,
14422666-94b7-4f9a-be3d-4d97551a0943,1782297270.057758,1782297270.543498,485.74,502,
a3cfde20-4a8d-4556-ab75-de5f221f8fce,1782297270.086931,1782297270.542135,455.20,502,
92bc1bbb-02a0-4aca-a71d-417f99387fb0,1782297270.090995,1782297270.542870,451.88,502,
1286e3f6-db46-4c17-afee-cd124b708e98,1782297270.102900,1782297270.542607,439.71,502,
cf0a5070-647c-4f22-b069-c026f5c3544b,1782297270.115610,1782297270.541900,426.29,502,
3ada3470-8b45-43e4-879d-b28a2c77b0ba,1782297270.134353,1782297270.543072,408.72,502,
70ad55f4-a2e9-4a5d-a80a-2610d7989365,1782297270.180834,1782297270.543592,362.76,502,
3d1d4330-e4a4-48d5-8854-b8c9992eeac7,1782297270.187339,1782297270.543546,356.21,502,
bcb36dc6-8bae-4ea2-a022-66dbecbedcc0,1782297270.209437,1782297270.542010,332.57,502,
08a8f1b6-a0b9-4938-861e-3d2b5a3ae061,1782297270.236739,1782297270.543187,306.45,502,
02180b00-aa32-42d4-bfad-e6a57a15be1b,1782297270.237976,1782297270.542971,305.00,502,
09a338cd-f7a5-44d3-b938-ce1221b5d6c9,1782297270.267060,1782297270.543678,276.62,502,
e1d6d6e4-1b12-4a2c-b75f-224676d8446b,1782297270.272952,1782297270.542755,269.80,502,
62e01780-9ba8-445f-9b73-10d485790ce7,1782297270.274089,1782297270.542444,268.36,502,
ca1aa59e-f3ce-4add-88b3-e708f7f89e40,1782297270.520955,1782297270.565436,44.48,502,
d009f03d-fd8d-4c47-9332-583b182001b6,1782297270.595325,1782297270.600058,4.73,502,
07929e5c-4e14-40d9-a603-e1b45cb5c125,1782297270.628699,1782297270.633555,4.86,502,
b2e78c0f-3463-41e1-a486-83deef6b8676,1782297270.651232,1782297270.654896,3.66,502,
695f846c-ca59-4f04-85fb-6bc1e646b57c,1782297270.655087,1782297270.658273,3.19,502,
06a306c4-437f-4005-aa46-a024f27166a1,1782297270.659595,1782297270.663059,3.46,502,
14de1ca0-fd93-4fca-896b-ef791ae878ec,1782297270.661294,1782297270.665427,4.13,502,
7136240b-0bff-4981-a286-10905061a0c2,1782297270.710871,1782297270.714778,3.91,502,
90dd8c38-c5dd-41ef-bcdc-626e02585e82,1782297270.734220,1782297270.737886,3.67,502,
8c184bcc-25db-440d-8550-f01cc139bde7,1782297270.765404,1782297270.770579,5.18,502,
6b66a639-9d0e-4226-af63-88799b8cd17e,1782297270.765868,1782297270.771218,5.35,502,
072a06e8-67ca-46ac-af94-270094df3045,1782297270.853612,1782297270.856841,3.23,502,
206816df-85a6-4d02-9ccd-579f639faf25,1782297270.898345,1782297270.902373,4.03,502,
a27acdce-eb70-4488-bbf1-0278ee906c28,1782297270.903826,1782297270.907493,3.67,502,
1f80e3e0-1dd7-48f3-883a-9e51023faf88,1782297270.908993,1782297270.912504,3.51,502,
f4017466-6531-47fe-98e2-aa16c0b5bd9b,1782297270.913898,1782297270.917786,3.89,502,
4edb4801-eb8e-425b-96f6-25cfb0b65076,1782297270.923176,1782297270.927788,4.61,502,
4c909c9c-4f02-4da1-a1ec-5161b4a1e789,1782297270.942220,1782297270.945907,3.69,502,
e55ebae7-76a8-49f2-ab5c-b6c5d97d5856,1782297270.956327,1782297270.959540,3.21,502,
8c7c2afd-369a-4fbe-b944-59bdeb9403f3,1782297270.963930,1782297270.967461,3.53,502,
5c11797e-affc-48dc-8902-8afa133872be,1782297270.988217,1782297270.993077,4.86,502,
7c8a0cae-1d0c-47b7-afe4-eee0e9dd535e,1782297270.991530,1782297270.995774,4.24,502,
89c13afb-3b20-4970-be00-867ad6c456ec,1782297271.000178,1782297271.004172,3.99,502,
3792d4bf-34bf-437d-b1ee-0097777d0ddd,1782297271.011586,1782297271.015239,3.65,502,
243f3759-6f37-4bb5-ac44-2e4bdeee5471,1782297271.026648,1782297271.030304,3.66,502,
3978e70e-467f-4f7c-ac53-90ffe90b85bb,1782297271.065685,1782297271.069065,3.38,502,
cdc5d789-de16-43db-bbb9-abe4d58382d4,1782297271.071609,1782297271.075151,3.54,502,
563a3510-68ca-49a8-9e7f-00015520fbc7,1782297271.089520,1782297271.092779,3.26,502,
a55ce1ed-ffa7-4c0e-af8c-e96f67a41846,1782297271.112283,1782297271.118275,5.99,502,
82597ba3-bdda-4853-b0d8-3837d4d88d37,1782297271.113256,1782297271.118908,5.65,502,
ac03a966-bdfa-41e9-98ba-c5b138178dae,1782297271.136386,1782297271.141495,5.11,502,
33f2f450-ebaf-4428-b474-34b430c4ba90,1782297271.140528,1782297271.145334,4.81,502,
57723965-b772-4f4c-a30a-6fd65c343d4e,1782297271.142881,1782297271.147012,4.13,502,
6fe89901-e9ec-43b6-95b0-474e6e34ab45,1782297271.216459,1782297271.220494,4.03,502,
48aedde3-8af8-4cd1-8dc6-5095dd6a9287,1782297271.301032,1782297271.304672,3.64,502,
16d4df57-9c13-479c-ae08-f1442852ad0a,1782297271.342078,1782297271.346768,4.69,502,
3c0fc688-dd88-4dfc-8c0b-602de4dd3ae4,1782297271.351253,1782297271.354835,3.58,502,
2e2a4810-0e46-4f65-a2a1-cacd06b3c10c,1782297271.354127,1782297271.356724,2.60,502,
80605159-7a98-4939-b534-ad835656379a,1782297271.384137,1782297271.387922,3.78,502,
afc6f1f6-474b-4841-a345-b4b099e2ffd6,1782297271.398541,1782297271.402781,4.24,502,
4ed05663-6e81-4eb4-866e-4416662a2d1e,1782297271.522828,1782297271.534438,11.61,502,
4309c953-4c17-4663-beb2-1f5fe3041a9f,1782297271.595524,1782297271.599888,4.36,502,
2da99681-ca90-4fa5-8813-8d324dca2cf3,1782297271.625470,1782297271.632824,7.35,502,
639ea6ac-86a2-49ba-a720-0b0b625bcf92,1782297271.647667,1782297271.652700,5.03,502,
eeae6cdd-9d20-419a-9492-a76f35b1284d,1782297271.651444,1782297271.659293,7.85,502,
ef6267fa-66fa-471e-b3ef-47c49ee74c37,1782297271.655555,1782297271.660274,4.72,502,
fe1b2035-6a73-4dc7-ab1a-4e0ed027a345,1782297271.656610,1782297271.661141,4.53,502,
8f817456-061a-4584-a1c8-240953be9d43,1782297271.704731,1782297271.708823,4.09,502,
c0e30dc7-d8a0-4ac9-9fd8-3d035a0b0f3a,1782297271.726261,1782297271.730173,3.91,502,
b19eb526-8689-4109-8482-49b52f76c0de,1782297271.755759,1782297271.761164,5.41,502,
bff4dfd0-26dd-4197-af2d-296f25236dae,1782297271.757088,1782297271.760709,3.62,502,
d853269f-bb5b-4218-9528-dbbd1e2a63b4,1782297271.839586,1782297271.843354,3.77,502,
00f09273-4176-411b-8fea-020d69ab0609,1782297271.882771,1782297271.887309,4.54,502,
1cc87869-e1e1-4e5c-a83a-01a9183dae71,1782297271.887527,1782297271.891677,4.15,502,
69058eb5-d710-42a1-8bad-019b26f5efc1,1782297271.893072,1782297271.896742,3.67,502,
ad81835b-a1c8-4afa-a3d1-0fa98a2d172c,1782297271.898106,1782297271.901503,3.40,502,
e58ff154-9492-48d3-87fb-1db8afd2b936,1782297271.906856,1782297271.910468,3.61,502,
7e03b756-9563-4059-b892-f7dd17cf87eb,1782297271.924902,1782297271.929071,4.17,502,
30b5ec9c-b7ee-4ef3-93ec-87551e5dd67f,1782297271.937527,1782297271.942009,4.48,502,
f3febd8d-1416-4ace-b5d7-1d1ecc0b5b0b,1782297271.945464,1782297271.949867,4.40,502,
0f3e94f2-9d63-4229-aae8-2b0f2a1fe487,1782297271.969397,1782297271.976400,7.00,502,
94aa3f66-6130-4b7f-8fc1-8f065871a9a7,1782297271.971797,1782297271.977708,5.91,502,
7948494f-06c4-4f17-92de-0e4d47a1abd4,1782297271.980236,1782297271.985196,4.96,502,
cd558535-6aa5-46c7-8a7b-85b207cd8128,1782297271.990684,1782297271.994298,3.61,502,
caf34509-df55-4217-8322-6846efd57c40,1782297272.005670,1782297272.009342,3.67,502,
2d63910e-ff02-4ce7-a3f7-515d13f455a6,1782297272.041843,1782297272.046230,4.39,502,
83e46e6f-9962-44be-96cf-f9e9786fd2e4,1782297272.047673,1782297272.051727,4.05,502,
a954dd6b-5220-4dda-8138-7a0d11e95b4b,1782297272.064327,1782297272.067860,3.53,502,
cd0917f0-4480-404b-a9f1-8219abf565c8,1782297272.087460,1782297272.093920,6.46,502,
2717e77a-ed1a-47dc-9c84-9affad74c39c,1782297272.088285,1782297291.983599,19895.31,502,
4dce87c5-2c71-467d-aab0-4c8c01f431ec,1782297272.109376,1782297292.025618,19916.24,502,
e974647a-be2c-4f71-b153-79c10d2254f1,1782297272.114391,1782297291.983155,19868.76,502,
51088047-4104-47b6-ac9b-79fddfd595dd,1782297272.114995,1782297292.025837,19910.84,502,
8a423ebd-2d90-43f8-b319-a932566b8039,1782297272.186005,1782297292.078090,19892.08,502,
82b00a9e-463e-48be-8630-5f7869e1db52,1782297272.266861,1782297292.141667,19874.81,502,
351c6ccd-41be-491b-82f3-2d991e83ebd6,1782297272.306090,1782297292.216803,19910.71,502,
b9068323-6d4f-4251-b87c-4a9ef866f82a,1782297272.314790,1782297292.205899,19891.11,502,
16fe77f4-793b-4a86-87ba-d0d1b46dc209,1782297272.317381,1782297292.205708,19888.33,502,
afc3cc60-5783-42b1-86c9-1c7a0a3e1775,1782297272.346014,1782297292.238960,19892.95,502,
5139211f-b9d5-4b92-af7f-0a609ab51550,1782297272.358754,1782297292.240738,19881.98,502,
f71b59e8-d294-4253-9d38-794cc8eaa187,1782297272.361250,1782297292.240956,19879.71,502,
7014e1df-6915-4eb5-a47a-51418bd39f3b,1782297272.377530,1782297292.273950,19896.42,502,
03f2c986-e734-4b78-bbe2-f1fa93ea374d,1782297272.527424,1782297292.434355,19906.93,502,
981ec09d-cf3c-441f-8af7-7d892ed812f2,1782297272.604789,1782297292.493517,19888.73,502,
043dec95-75f7-4256-9c60-8286b01cf5c8,1782297272.639295,1782297292.526528,19887.23,502,
e71c641b-e9b5-4a33-bb37-0d4637ea0ce6,1782297272.663065,1782297292.601981,19938.92,502,
f41f40ba-8c5e-4865-a109-c903dd41109a,1782297272.667082,1782297292.560350,19893.27,502,
8463a20c-04d6-4896-8c0a-007b71e7560b,1782297272.671547,1782297292.560603,19889.06,502,
aac66736-8910-4234-b3a3-a93c855d82da,1782297272.673106,1782297292.560731,19887.63,502,
b74f3520-0ccf-47b5-a2bd-630561e0d255,1782297272.727984,1782297292.665093,19937.11,502,
a060f07f-c9a3-42ef-882f-680d865fa8d1,1782297272.751148,1782297273.761690,1010.54,502,
00ff212d-0b8c-489a-b68b-9c2a767daaf8,1782297272.783213,1782297292.696779,19913.57,502,
40d58c79-8e65-4bee-a312-64e4551f52c4,1782297272.784263,1782297272.789603,5.34,502,
f46c4163-450e-4c50-a958-d3a866f7324b,1782297272.876394,1782297292.748722,19872.33,502,
6d905a68-adae-45c4-8df3-548536ba624a,1782297272.923304,1782297281.954397,9031.09,200,0.06492243699904066
4a896b96-f77d-47df-97fe-1fe1b1f4321f,1782297272.929718,1782297281.895269,8965.55,200,0.05643400799999654
a3ef8baf-9119-4147-9428-63703eea0957,1782297272.933950,1782297281.895465,8961.51,200,0.06462703900069755
8ffd83f1-7790-4fea-b411-a2565849cf58,1782297272.940126,1782297281.765168,8825.04,200,0.07457487499959825
5fe93f7d-7bf0-4dd6-9a92-d93fd6d3f0d5,1782297272.949255,1782297281.688585,8739.33,200,0.05874994300029357
4f40b1ae-1786-4b16-8f52-f4e70e9fcd76,1782297272.969373,1782297283.163139,10193.77,200,0.06604091699955461
7023b58a-a826-42b8-acc1-466ff86fa1ae,1782297272.984954,1782297283.097010,10112.06,200,0.06444522599849734
9254d2c8-207b-4e32-9184-290a593352bc,1782297272.993107,1782297282.969187,9976.08,200,0.052797104999626754
101e74d3-64c7-4a59-af51-3b03750bfa2e,1782297273.017632,1782297284.712352,11694.72,200,0.08488565900006506
4de54079-5638-4b34-bdd1-c1e045c9a9a9,1782297273.022063,1782297284.547175,11525.11,200,0.09866332700039493
03e34e2e-7ea8-4b92-98fd-eafd208cf312,1782297273.030915,1782297284.364182,11333.27,200,0.08617124899865303
7458ea66-1544-4549-b91d-ab184796d8e1,1782297273.043349,1782297284.278419,11235.07,200,0.0769219570011046
f41ba2c2-8270-4887-bdbf-7c174b4e3546,1782297273.059350,1782297284.951216,11891.87,200,0.07242298500023026
03385abf-b12b-4de9-86aa-9971d2151be8,1782297273.099774,1782297286.011093,12911.32,200,0.07024098700094328
c8480517-de1f-45f8-8c5c-6bdda1ef4e50,1782297273.105224,1782297285.868230,12763.01,200,0.06889726199915458
72c9e2f9-3c9f-4e7b-99fa-a3c20352c594,1782297273.125473,1782297286.325742,13200.27,200,0.09389474599993264
16fd55f8-c3ff-49b3-8666-10998a82796f,1782297273.148235,1782297286.893425,13745.19,200,0.06695442400086904
ca7ba005-99d7-403c-925c-87daa12ea11a,1782297273.148897,1782297286.826921,13678.02,200,0.0783700649990351
1d87cc61-5b43-42f1-bb06-d7d5666e6cd1,1782297273.174077,1782297287.698380,14524.30,200,0.08355010700142884
2a2f5530-0d42-4a13-a47a-ba35cf0e8b3a,1782297273.178558,1782297287.697445,14518.89,200,0.07021230699865555
dc33ad20-b5ad-4ebf-9866-90503e805551,1782297273.180036,1782297287.529203,14349.17,200,0.07387638799991691
9987cd0d-aac4-4f25-a306-8eec4d7956af,1782297273.258475,1782297288.447192,15188.72,200,0.06027374099903682
29438ae2-2099-4353-8aa5-16855de15993,1782297273.347957,1782297289.730626,16382.67,200,0.06918946800033154
3be5d94d-c82c-4917-83e7-442b4b1d331d,1782297273.391296,1782297289.731110,16339.81,200,0.0725217409999459
7822b41a-e8cd-4490-9891-870ce14e6ef7,1782297273.400754,1782297289.908267,16507.51,200,0.06993802699980733
1d7dd168-844a-4ee1-99f3-542e7463263b,1782297273.403071,1782297290.067961,16664.89,200,0.07117953799934185
31b0e70a-72d5-4444-997c-a8b5bfd9cb64,1782297273.529480,1782297290.858151,17328.67,200,0.09860322700114921
2dd66b2f-bc3f-4978-ac19-a51b9481a7f6,1782297273.612100,1782297291.485308,17873.21,502,
f69c3c7d-58f9-46b0-8301-020d25da2225,1782297273.648818,1782297291.504809,17855.99,502,
fef4c18d-6a25-4c55-b6a8-7a782188b949,1782297273.674277,1782297291.543769,17869.49,502,
af1b9ea7-f76a-4306-bd58-34c0719c789e,1782297273.678836,1782297291.546412,17867.58,502,
8b47a3ab-5abc-4a66-8757-a1aa49cd5dcb,1782297273.683233,1782297291.547224,17863.99,502,
36ac2430-a0a6-4b43-9d5c-74ae406f5cf3,1782297273.685393,1782297291.546866,17861.47,502,
2e67a421-7e46-410e-8735-7e4a82b5cc20,1782297273.740695,1782297276.802317,3061.62,502,
b2ea7fe7-e45c-4131-97f2-529542c306cb,1782297273.766574,1782297291.636316,17869.74,502,
f9fc767e-f356-4f3c-a003-ef8132a5ef01,1782297273.800998,1782297291.669139,17868.14,502,
82d4c868-3b79-4f68-9e04-2165facbef9a,1782297273.801619,1782297291.705283,17903.66,502,
c7bb43e4-044d-4548-aa48-4e2dc8e2193d,1782297273.898548,1782297291.762472,17863.92,502,
65de078a-ba39-4322-a22d-aed66dc937b9,1782297273.948197,1782297281.211002,7262.80,200,0.06294585699833988
a8f78688-ff3f-4a70-9c86-c655454cac43,1782297273.954922,1782297281.346820,7391.90,200,0.07575363700016169
99be5613-6b51-422a-8c81-70c8f5ad6a49,1782297273.960351,1782297281.468751,7508.40,200,0.05490352499873552
ab17f317-f981-4da4-9789-db0fcef7d790,1782297273.965863,1782297281.080500,7114.64,200,0.0757017010000709
93fe6a7d-2b61-4f1c-99b0-a37f42543f3d,1782297273.975616,1782297282.208856,8233.24,200,0.06326960899968981
03e13016-1013-4845-a7ab-e828bdc8176f,1782297273.996336,1782297282.498777,8502.44,200,0.08607795299940335
e9ee426b-2477-45cc-b86d-428fc39544c0,1782297274.012259,1782297283.360071,9347.81,200,0.07264223699894501
ccda3473-8d6b-4ac5-bf1b-86a239f24ce0,1782297274.021530,1782297283.438634,9417.10,200,0.07710834799945587
c42f77d7-0191-4560-bf1d-e7fcdbf7d9d3,1782297274.049862,1782297283.656952,9607.09,200,0.06854485500116425
e35d042e-aef2-4a6b-b82a-698c5b13d617,1782297274.052793,1782297283.780914,9728.12,200,0.05876684199938609
65d74e5c-702a-4455-84a3-c537fd0f3886,1782297274.062088,1782297283.847219,9785.13,200,0.0644053720006923
7727d28b-4bdb-4319-9924-5a4346e57c49,1782297274.074651,1782297284.953253,10878.60,200,0.08428312200157961
6f676f62-cac6-405f-b07e-c320d62b0515,1782297274.091786,1782297285.270314,11178.53,200,0.07074024199937412
91b29cac-62d4-4beb-913b-68ebe06bd176,1782297274.134658,1782297286.391616,12256.96,200,0.06370638699991105
4e65647d-99ac-4a26-b944-e7e0f6768b4d,1782297274.140909,1782297286.462147,12321.24,200,0.0706362499986426
0704dc02-cf74-4d31-9a55-0cc62b4be216,1782297274.161257,1782297286.530839,12369.58,200,0.06837313399955747
fee4f436-b972-453c-a7fd-ad46c4af629f,1782297274.185692,1782297286.970634,12784.94,200,0.07460476099913649
2949e6d2-3d9d-44a2-bc78-3cdfcd1946b7,1782297274.186360,1782297287.056939,12870.58,200,0.08521402799851785
271ad28f-7249-4857-8f6e-2d1b4ea091b7,1782297274.213082,1782297287.313420,13100.34,200,0.08154128100068192
213afc25-c0a0-4232-b342-30a24fc1bdde,1782297274.218585,1782297287.378630,13160.04,200,0.06397819599987997
5c5ea2c3-f046-4032-874d-3579f3e484f4,1782297274.219499,1782297287.529552,13310.05,200,0.07323323399941728
6b00fa29-a3ce-45cc-b876-73a508ca91cd,1782297274.302885,1782297288.915078,14612.19,200,0.08033956899998884
096b6f43-a093-498c-aa06-6509338a80e2,1782297274.396585,1782297289.831017,15434.43,200,0.0981646769996587
6778411e-d31f-40dc-86de-aa5a55a734fc,1782297274.441664,1782297289.994368,15552.70,200,0.08480567500009784
101e595d-4de4-4321-801c-074e7ff6deb6,1782297274.532754,1782297290.521626,15988.87,200,0.08962189699923329
e56ba459-1990-40cb-9c7f-5d30a555f265,1782297274.622512,1782297291.479198,16856.69,502,
bd058bdf-c6a7-454e-9f93-acfe87855f07,1782297274.662952,1782297291.548793,16885.84,502,
224da0b4-e4ba-4f50-bf9f-43284629e764,1782297274.690116,1782297291.539764,16849.65,502,
86686383-360e-481f-8daa-5b886a18c78f,1782297274.695697,1782297291.539171,16843.47,502,
a8242a1b-a43f-4d47-82c7-835cc2481d3e,1782297274.701184,1782297291.539597,16838.41,502,
3f05bb70-6e9c-42ae-87fa-5ccf0e08ab36,1782297274.702185,1782297291.580900,16878.72,502,
01e754d4-63de-471e-b280-dd280dd03521,1782297274.763481,1782297274.767710,4.23,502,
131ef774-6103-42ae-9fb5-3a645ea10f46,1782297274.791209,1782297291.637897,16846.69,502,
cfa6cff3-56df-45f2-9611-4579c2a1e6e3,1782297274.829188,1782297291.669016,16839.83,502,
923e970f-97a5-4113-b085-39a6eca08b71,1782297274.829821,1782297291.668496,16838.67,502,
b479204b-54bc-4d88-9b8a-c969b54b6e14,1782297274.936346,1782297287.686702,12750.36,502,
adac3c27-f771-4570-a681-2297b23ef18e,1782297274.990712,1782297281.629836,6639.12,200,0.07172467000054894
1f2a5856-2537-4c0b-a839-0b3e74cf4037,1782297274.996699,1782297281.630225,6633.53,200,0.0857530110006337
b806de65-a019-4ded-8da7-9df7e0a839a5,1782297275.002755,1782297282.657506,7654.75,200,0.07310310899993056
f56b7333-6ce8-4fff-a7e1-fed911296d89,1782297275.009265,1782297282.657098,7647.83,200,0.08149403299830738
7dc23e95-e08a-4712-93f0-25c1e7088bcb,1782297275.020958,1782297282.498198,7477.24,200,0.0636476899999252
6e9afbdb-1d9a-49cc-977a-280677515a8c,1782297275.042392,1782297282.781637,7739.24,200,0.055333665000944166
53c42053-717c-4e79-9eeb-9e54a1fb41b1,1782297275.060287,1782297283.721037,8660.75,200,0.063286552000136
bf1810ff-2732-4771-af6f-0705b0d9359b,1782297275.070861,1782297284.117304,9046.44,200,0.07034057999953802
c95a0b7c-0190-446d-921f-91e00afd68e1,1782297275.100501,1782297285.112513,10012.01,200,0.08083585999884235
229f2b5d-1d6d-42f3-a774-cfdba9158c66,1782297275.103594,1782297285.030311,9926.72,200,0.0794893439997395
9535e4ce-8515-4c21-af0c-b2ae9fe314e3,1782297275.113916,1782297284.786952,9673.04,200,0.07531314900006691
fee46399-123f-4c7d-a15a-3de7e635529a,1782297275.127945,1782297285.938771,10810.83,200,0.06852084199999808
f78aed6f-540c-4014-8018-cf84354e80a8,1782297275.146702,1782297285.798093,10651.39,200,0.07080375499936054
f24d1f78-54eb-4d45-ba10-2f10426bbc1c,1782297275.193054,1782297286.746387,11553.33,200,0.07155962400065619
6543ce0b-cf09-40e7-a5e7-c41ffc62ca10,1782297275.199650,1782297286.746129,11546.48,200,0.07540972900096676
a9bbcf5a-6943-4e6b-9bb1-b0779844475b,1782297275.221845,1782297287.942028,12720.18,200,0.07365679599934083
0abd8f63-1acd-4d8b-81fc-dcab0bc7aa3b,1782297275.250148,1782297287.785198,12535.05,200,0.08999217299970041
ea29a763-75c2-4e12-81c0-2e94f89bac33,1782297275.250671,1782297287.867324,12616.65,200,0.08064691800063883
d914a153-19df-4b96-a2ce-f26cd1c6f75c,1782297275.279097,1782297288.243209,12964.11,200,0.07715139799984172
0f47370c-1423-420f-9dcf-266a25fc1a39,1782297275.284634,1782297288.166445,12881.81,200,0.07515386399973067
a5c08dbc-6cbe-412c-afc4-03bd5a719367,1782297275.285853,1782297288.446555,13160.70,200,0.07051283799955854
1da0a992-91c2-4826-a6ac-3e4632d6fb84,1782297275.531956,1782297290.350093,14818.14,200,0.06304357100088964
ab1d607f-7ebc-45bd-b6f3-58fcfd1c6ff8,1782297275.604278,1782297290.582692,14978.41,200,0.060752077000870486
46f89e37-4bce-4699-94c2-6eb0554d5545,1782297275.636689,1782297291.253733,15617.04,200,0.06971539100049995
9c8879d9-451e-4fb2-bdcb-c9529f9ecde3,1782297275.659131,1782297291.485751,15826.62,502,
652242b3-16f8-4cc4-8ab1-7471023a69b1,1782297275.663581,1782297291.485379,15821.80,502,
7da5aa8d-8d8f-401a-b10a-17b407e94c11,1782297275.667209,1782297291.479345,15812.14,502,
38a09414-c987-4209-8c5f-46133af69a23,1782297275.668257,1782297291.513398,15845.14,502,
2fbb7a48-a790-44d1-8733-2a1acae82651,1782297275.718056,1782297291.536625,15818.57,502,
10337f83-f910-4d55-9441-ab45f1d0262d,1782297275.740390,1782297291.565908,15825.52,502,
4be2ce62-ee3a-489f-a427-7837826b6696,1782297275.770938,1782297275.776123,5.18,502,
4b90dc93-5261-4d98-b5c8-1f768fca4de8,1782297275.771699,1782297276.802024,1030.33,502,
a554545d-8084-4abb-b14a-ceb3fb271174,1782297275.856637,1782297291.705294,15848.66,502,
baa6cfc0-4457-4585-a30b-89234e38840c,1782297275.899840,1782297291.747141,15847.30,502,
c2cde9d3-eb3c-4f72-a488-ef3e7e2ff8eb,1782297275.906118,1782297291.743388,15837.27,502,
d81d1b1b-f654-4105-bcbd-7419140dc0ea,1782297275.910266,1782297291.743618,15833.35,502,
42bf56f3-8a22-4281-b30e-9559696dfed4,1782297275.915301,1782297291.742773,15827.47,502,
0bd71daa-1fe8-4a34-ba25-97798c3c3957,1782297275.924505,1782297291.743912,15819.41,502,
e6f507d4-a57a-4235-a0f2-9ef4f3ab32ba,1782297275.942937,1782297291.771091,15828.15,502,
055a67df-32b5-461c-aaea-399bfcda9047,1782297275.956316,1782297291.767377,15811.06,502,
57f68b55-43a3-438d-bfb6-003f85802be0,1782297275.964811,1782297288.715526,12750.72,502,
66a012e1-178a-452c-bf49-c69a4a061b25,1782297275.988123,1782297288.738332,12750.21,502,
467b3b2f-d4b6-4412-8fa0-e0f482c1ebae,1782297275.991642,1782297281.146985,5155.34,200,0.06531774799987033
ba19ced6-7666-432c-af08-b33eebf23c1f,1782297276.000310,1782297281.268825,5268.51,200,0.055326134999631904
49c55488-d7b2-4f32-9ec7-091808acf93a,1782297276.011831,1782297281.468289,5456.46,200,0.06458304799889447
0003a428-d28c-4808-be2f-b56c9ca6b19d,1782297276.025434,1782297282.266045,6240.61,200,0.05598830899907625
6d370113-b7f2-41e1-97e2-5944c766253d,1782297276.063769,1782297282.845930,6782.16,200,0.06253798999932769
4b417908-b47b-4ef7-b831-21d54f881f1f,1782297276.069259,1782297282.914702,6845.44,200,0.06813030700141098
83ac6c81-e018-4683-a51e-af172dec59da,1782297276.086550,1782297283.983353,7896.80,200,0.07505200000014156
763ef5d4-f464-4e18-90ab-4fdb923f03bc,1782297276.108640,1782297283.983742,7875.10,200,0.057651331000670325
1ce705c7-d898-4e7b-8d4c-690f78f3a164,1782297276.109252,1782297284.045448,7936.20,200,0.0615014400009386
2bb7e4b6-0713-401c-b4a3-fc96297a2737,1782297276.132699,1782297285.270989,9138.29,200,0.08122316599838086
df8e186b-e26d-4ed5-a4ef-6dbc89f41e41,1782297276.136763,1782297285.424227,9287.46,200,0.07966838700122025
2dc09078-ca3b-45c8-8550-8700a91621ac,1782297276.138304,1782297285.424641,9286.34,200,0.07215616000030423
5ff955a9-8d6c-45e5-8c95-2f9991f439c7,1782297276.212044,1782297286.326415,10114.37,200,0.07744991300023685
35626301-c7cf-4b89-83e9-ed46688ba67f,1782297276.293450,1782297288.017495,11724.04,200,0.07459438299883914
962a6c0e-8833-4343-9624-c599a8ed3350,1782297276.333817,1782297288.518734,12184.92,200,0.07105640299960214
597c992e-1e89-4a92-814b-2c1f6ffb3e3f,1782297276.342362,1782297289.151141,12808.78,200,0.08084609199977422
c4eac41c-07f7-451a-b022-674c234c85f2,1782297276.345094,1782297289.317170,12972.08,200,0.0787583330002235
f6f1a34d-6efd-42cf-878f-be17caa1d3ab,1782297276.373463,1782297289.317680,12944.22,200,0.08245604100011406
889ba19c-830f-43be-a1f8-3cabfdac1488,1782297276.386749,1782297289.520992,13134.24,200,0.0688338929994643
535cafba-c5ce-4a47-926d-c7faefcd00ed,1782297276.389884,1782297289.450335,13060.45,200,0.06606757000008656
33ef35b2-5bf8-4f82-bd65-20d2a394dc72,1782297276.532870,1782297290.349627,13816.76,200,0.06904675500118174
dc90a9bc-cd8e-4047-807e-9eb944c23094,1782297276.602069,1782297290.753461,14151.39,200,0.07970535900130926
a2f77edf-8199-4651-b8a7-a4f7ae39b29e,1782297276.632717,1782297291.044302,14411.58,200,0.07319794800059753
d97cfb99-b2f5-4d55-903e-3a87b7fadafa,1782297276.654303,1782297291.415603,14761.30,200,0.07968040299965651
c4c6778a-9df3-415e-b7c2-83b41c24680b,1782297276.658693,1782297291.184881,14526.19,200,0.06679537000127311
9a1d57f2-aa7b-49fc-b3fb-f2e201eb33cc,1782297276.661957,1782297291.520966,14859.01,502,
88aae98c-affd-4ccd-a377-0549fe224d7e,1782297276.663575,1782297291.479327,14815.75,502,
f4f8cb63-8b2d-4a9b-945e-b4748d8e1c42,1782297276.709945,1782297291.504819,14794.87,502,
649cbf9a-76ae-49ea-b3ad-cbeaf83f8955,1782297276.731385,1782297291.543722,14812.34,502,
dcca60bc-f43f-478e-8677-8364229753da,1782297276.759927,1782297291.571263,14811.34,502,
68cdb518-305e-46c0-80bd-7ae27a310cac,1782297276.760689,1782297291.570833,14810.14,502,
7b4a401d-10e4-4b30-aae6-b2aa7d7996d5,1782297276.842419,1782297291.634343,14791.92,502,
5b65719d-0da3-464d-a6be-e18de410f993,1782297276.883775,1782297291.672509,14788.73,502,
0da07840-b63c-4f0c-baec-0f0140a4e65f,1782297276.889213,1782297291.695664,14806.45,502,
379012a5-a5d2-4337-8d5f-3f29728ed178,1782297276.894387,1782297291.699224,14804.84,502,
ca746e14-de5f-4eb3-9c79-c7e24d43b11f,1782297276.898813,1782297291.699344,14800.53,502,
a03ffb3c-00d3-4c6b-9f35-f6b4ef6ee8d3,1782297276.907043,1782297291.698756,14791.71,502,
bae7ceeb-4ebc-4b03-9fb3-7eb1bc24ee68,1782297276.924403,1782297291.743078,14818.68,502,
21666c43-d07f-423f-8821-3dfcfa866495,1782297276.937921,1782297291.747486,14809.57,502,
95db0b05-947d-43ab-9c21-5db76c7f8b52,1782297276.946090,1782297291.747132,14801.04,502,
00564e25-f0b4-4b70-853a-bf71b7b0d6b9,1782297276.967489,1782297291.762405,14794.92,502,
a7fdf552-a3e3-4701-86c4-1976cf206c14,1782297276.971173,1782297291.767198,14796.03,502,
cbc24604-f696-4c7b-afa3-be48f79143d7,1782297276.979025,1782297291.771108,14792.08,502,
814bef4c-6816-4146-beb7-e013814f7bea,1782297276.989437,1782297289.739935,12750.50,502,
13c9d6ce-8f79-4002-ad5a-57f76e84b908,1782297277.005517,1782297289.756686,12751.17,502,
d14c20f3-cf57-4853-afbf-8505b6c27779,1782297277.040315,1782297281.080239,4039.92,200,0.06227953599955072
803457d0-cfa7-4f8e-a9ab-2b9e2a26895a,1782297277.044910,1782297280.939950,3895.04,200,0.06324641900027927
68e63b7f-f986-44cc-ab6f-6736fdcef398,1782297277.062362,1782297282.343837,5281.47,200,0.07483466200028488
b4e550d6-c061-489d-a493-c19ae806d126,1782297277.083044,1782297283.285123,6202.08,200,0.05502319800143596
701d27a1-a380-49d9-bacc-d965a149bc54,1782297277.083811,1782297283.229186,6145.38,200,0.06462431300133176
0d641562-9ba2-403f-960d-ddaa7a25df07,1782297277.105859,1782297283.097447,5991.59,200,0.059902932998738834
e9f80b8a-65e1-415b-b0b9-444fbddc29be,1782297277.110401,1782297284.444714,7334.31,200,0.07796601399968495
7b93ef0a-aa94-4164-b9c2-4ccdb271adca,1782297277.111097,1782297284.277950,7166.85,200,0.07689219099847833
20734948-6af5-43a0-b072-205631acfdfe,1782297277.180807,1782297285.726443,8545.64,200,0.07866775899856293
c65b755e-5457-4aa1-ba27-b88c0d32f80d,1782297277.259302,1782297286.596049,9336.75,200,0.06318078900039836
4af8f9e2-3337-4052-a9ca-db5f01400fa9,1782297277.297774,1782297287.231086,9933.31,200,0.0895933009996952
8efd35f4-5242-45ef-bbff-07ce1046f7a3,1782297277.306195,1782297288.312933,11006.74,200,0.06750714699956006
4fd94901-9c4d-43f4-ac83-59e386bcb8b4,1782297277.308533,1782297288.087203,10778.67,200,0.0680891749998409
5001f914-281b-4c30-8ebb-ab27f46d1263,1782297277.334765,1782297288.834502,11499.74,200,0.08875050400092732
20304947-1dde-409a-98fd-27de1f027f26,1782297277.348496,1782297288.658341,11309.84,200,0.07389705199966556
4d1d49d5-0790-4fab-bd08-2fc5f2c2bada,1782297277.352018,1782297288.581652,11229.63,200,0.062107085999741685
577f73cf-d732-4adb-a6be-8ac24061627d,1782297277.367543,1782297289.067162,11699.62,200,0.07435221200103115
b64b4624-14eb-4f96-ab22-9642a017da8d,1782297277.368247,1782297288.989785,11621.54,200,0.07380834700052219
b13d9b9f-65ee-4712-8bfb-f7853e84a9d2,1782297277.539614,1782297290.217488,12677.87,200,0.06886650099841063
8838f006-ac69-402d-924a-e678e520ad3b,1782297280.365958,1782297290.753443,10387.49,200,0.08296351699937077
14a07c5f-f9f2-43ca-8b1f-9f227ab291ae,1782297280.401262,1782297291.440960,11039.70,502,
3f32d635-6bb7-454f-9c73-bfbee1090e9b,1782297280.425767,1782297291.414731,10988.96,200,0.07771712000067055
ce3b2fad-6e30-42d1-9a1d-549440a2bac3,1782297280.430490,1782297291.184118,10753.63,200,0.07024587799969595
46833380-88e1-4bc1-a14e-a76de5bd4b9e,1782297280.434999,1782297291.479387,11044.39,502,
821d01c4-f45a-4f0f-84d4-194fa704d1b3,1782297280.437153,1782297291.473053,11035.90,502,
c0a6c021-10bf-4a69-8d56-6aad70c5c274,1782297280.491771,1782297291.548814,11057.04,502,
803e1193-a436-4c64-aefd-4d7c65d81424,1782297280.516446,1782297291.535253,11018.81,502,
54e0d58e-4e14-4241-aa0f-7569608294a0,1782297280.549965,1782297280.556382,6.42,502,
c0c4ca34-c0d6-4aed-a523-3baa03602287,1782297280.550470,1782297291.571453,11020.98,502,
2f53ec9f-74ae-4b0d-9e27-d4c15be6517c,1782297280.645291,1782297291.672437,11027.15,502,
874863e3-2541-4502-b92f-789de537086d,1782297280.693239,1782297291.728233,11034.99,502,
60b7dc69-36a7-4e93-ae07-ae7153dabf40,1782297280.699345,1782297291.742870,11043.52,502,
1e42fe33-003d-47f0-8b67-24666c77592b,1782297280.704763,1782297291.732620,11027.86,502,
7197611e-6d66-43a4-ba44-8328b0452c66,1782297280.710141,1782297291.730157,11020.02,502,
2aaf673b-4b3d-4921-8906-4991e21ea3ab,1782297280.721634,1782297291.767285,11045.65,502,
b5fa3ffd-ef03-40f3-8c1f-966cf96e51ca,1782297280.739788,1782297290.743918,10004.13,502,
1002f274-bf23-4bac-aac5-37657b6d9c0b,1782297280.755241,1782297290.759301,10004.06,502,
2049f42c-c50b-4a6a-b704-98ba99aa48ee,1782297280.764636,1782297290.769199,10004.56,502,
d830c66a-490b-40f9-a6a7-f7dc65c20698,1782297280.790524,1782297280.875172,84.65,200,0.07661005400041176
2cf9b3c3-72b7-4ff0-901e-b92c18e95bd0,1782297280.794383,1782297282.019788,1225.40,200,0.0640068960001372
8d8e65ae-e59f-4130-b97a-188d1a48818e,1782297280.803724,1782297282.146640,1342.92,200,0.055796289001591504
34206dc0-8adb-4f75-900b-8911a26eb9fb,1782297280.816208,1782297282.146171,1329.96,200,0.06622398900071857
f8b11f92-51b8-4117-8e69-b853c0218f56,1782297280.832720,1782297282.725295,1892.57,200,0.06777261899878795
795b1732-bbea-484c-a2fb-97d18bc3e448,1782297280.874226,1782297283.511207,2636.98,200,0.06966444299905561
74538d88-12ef-4fb1-b1e5-76c898c6c53b,1782297280.880359,1782297283.656691,2776.33,200,0.0730738719994406
d3bcbf28-a227-470f-ae1a-30477379ad59,1782297280.900482,1782297284.711708,3811.23,200,0.07529041700036032
b71cb0cb-1979-42d9-8474-6fa6b8413bc6,1782297280.923752,1782297285.494009,4570.26,200,0.06810398600100598
4403d977-98d7-488e-a903-b190e4246444,1782297280.925134,1782297285.647493,4722.36,200,0.07930595299876586
4dc0f733-c054-4264-9bee-1ae4adf0215a,1782297280.950165,1782297285.648143,4697.98,200,0.06930901599844219
2095db3f-8645-44e2-93cc-d054a82db070,1782297280.955478,1782297286.071530,5116.05,200,0.059079528000438586
5aee2421-0f1b-473d-bb12-cfa940f0b193,1782297280.957613,1782297286.148105,5190.49,200,0.07395673000064562
f3ab66e5-1de9-45ac-9bb6-ab9563e304a1,1782297281.038019,1782297287.230611,6192.59,200,0.08032554899909883
6ee0d64f-8fec-463e-9bae-3e646cf0e405,1782297281.128960,1782297288.835097,7706.14,200,0.08072367000022496
e8bd0f4f-4000-4d1b-b94c-a7497dac4e59,1782297281.173963,1782297289.383147,8209.18,200,0.06628338799964695
44a6a94f-33bc-41e9-873b-9a6509265343,1782297281.183405,1782297289.585047,8401.64,200,0.06265503699978581
bfb7b2da-0e6c-4be8-896d-a37bcd35b5a5,1782297281.287999,1782297290.217225,8929.23,200,0.07439366900143796
26387886-ca69-40e9-881b-f84ade58fd0a,1782297281.378242,1782297290.522043,9143.80,200,0.07783272199958446
e8e2a831-4b5f-4178-badb-519025191915,1782297281.417806,1782297291.043862,9626.06,200,0.1087902759991266
41ba2e22-a6ab-4401-9e92-a26f5f5a1736,1782297281.446955,1782297291.452609,10005.65,502,
ea08b698-a5ed-4b78-83ce-48293c25c564,1782297281.450318,1782297291.456553,10006.24,502,
f9d2dcf8-e9e7-4bfc-a94a-f70bd48b3240,1782297281.455732,1782297291.465415,10009.68,502,
7f50859e-0ec1-4235-9045-0568728c2646,1782297281.458184,1782297291.466571,10008.39,502,
8a672bd9-ee9a-45e0-bb50-dd6fab2eff29,1782297281.519991,1782297291.528443,10008.45,502,
d29eb703-4db7-43b3-9989-49afdf89f8b2,1782297281.547533,1782297291.600967,10053.43,502,
cb89cb31-79cf-4267-abe7-526ddbd7cfdd,1782297281.583525,1782297291.595031,10011.51,502,
23f9b699-5a89-4238-bbac-9d92fa7562d6,1782297281.584210,1782297291.594604,10010.39,502,
91d3f6af-38cc-48a2-a8d4-d0afa01e4141,1782297281.691345,1782297291.700302,10008.96,502,
18e08cde-80b9-4aae-9dd0-7f6169503d1c,1782297281.745757,1782297291.757222,10011.46,502,
0a0682dc-d1f5-43e7-9999-0e8be82fed60,1782297281.752180,1782297291.773809,10021.63,502,
50faebbf-fd2b-4153-8fb4-f0ca7ba6b0d3,1782297281.758057,1782297291.809079,10051.02,502,
c9d31316-8cdb-44d3-a1b0-cdba0c6a68e9,1782297281.764025,1782297291.779014,10014.99,502,
e3671d8e-fd19-471c-87ad-c85fa647749a,1782297281.775289,1782297291.782610,10007.32,502,
a49be20e-300a-4ee0-852c-47ad33349c81,1782297281.797590,1782297291.802560,10004.97,502,
27c58d96-5295-44f2-aae6-35f58e3bbbea,1782297281.815046,1782297291.824042,10009.00,502,
1c244989-a65c-491a-a62f-0e5c2b68d0e4,1782297281.826995,1782297291.831656,10004.66,502,
e2fc6828-23b1-48a1-8a1b-d8309d5010d2,1782297281.855279,1782297291.862268,10006.99,502,
226f867a-5973-4a09-9223-a3a2dffe3245,1782297281.858932,1782297291.864958,10006.03,502,
43a45508-8afe-4ebf-b7e0-f422f6fddd4f,1782297281.870217,1782297291.876964,10006.75,502,
b4e75adc-359a-48d7-9110-90c9b35b5787,1782297281.883003,1782297291.896369,10013.37,502,
9583faf5-77a3-47ac-b4ac-0c56974e3eee,1782297281.901286,1782297291.906391,10005.11,502,
1b1b3df2-e883-4bc5-a76e-840d2e27aee2,1782297281.948652,1782297291.958398,10009.75,502,
4871b943-8350-4b5c-898e-3cfef7ab4c40,1782297281.955044,1782297291.961277,10006.23,502,
9cd5c3b3-761d-4038-b3c3-4916d666205c,1782297281.976387,1782297291.984668,10008.28,502,
bc20f6fe-f1f2-4d9a-8de5-09844a468f7d,1782297282.004731,1782297292.013478,10008.75,502,
ef4aaf5c-d28c-4720-a7f7-5d3178ff7647,1782297282.005241,1782297292.014074,10008.83,502,
53572d11-6cca-46cf-bec5-3a1a6321f7b8,1782297282.033551,1782297292.040201,10006.65,502,
f22f5a14-401c-445e-98ae-eb14aa7320d9,1782297282.039071,1782297292.045509,10006.44,502,
26e3961c-3480-482c-a4a1-1c721f2ff3b5,1782297282.041389,1782297292.046319,10004.93,502,
0905fc2d-baea-46dc-8489-16fcdf11ee66,1782297282.288783,1782297292.300971,10012.19,502,
59594ee6-8fe5-4217-adda-542cccbd3edf,1782297282.361682,1782297292.369189,10007.51,502,
6674cf92-a1d4-4743-9630-0a555d2d5c4a,1782297282.393712,1782297292.400328,10006.62,502,
3359e6ce-d09e-4673-88f3-553871aff395,1782297282.416344,1782297292.426840,10010.50,502,
cc3f208d-12e5-4310-93b3-11799b6c2091,1782297282.419743,1782297292.428798,10009.06,502,
bbfffe3f-0e60-4f49-8ebd-0e6013adcd6d,1782297282.424230,1782297292.435287,10011.06,502,
d1a912ad-07fb-4283-8e31-41bce7650370,1782297282.425287,1782297292.476987,10051.70,502,
2a3bf38b-eedb-46dc-99d1-0226f32f3fb6,1782297282.474689,1782297292.482084,10007.40,502,
68b95074-bdfd-4144-910c-66df71f013c4,1782297282.496629,1782297292.503179,10006.55,502,
2db67ba0-86c2-4017-83ac-ab41a2dd4fcf,1782297282.527166,1782297292.537040,10009.87,502,
190bbc8b-b478-47f9-a903-83e535012525,1782297282.527732,1782297292.536802,10009.07,502,
b83a685a-0b03-4cbf-bf18-f0a78203c442,1782297282.612699,1782297292.620008,10007.31,502,
38949ddc-fc0e-427f-b2cb-348d4101b938,1782297282.656583,1782297292.662688,10006.11,502,
5a8800b5-9af1-49b0-af9f-6002e1dfa797,1782297282.662069,1782297292.670351,10008.28,502,
21ae4257-f0e4-4cd6-a6e8-11e422a29da3,1782297282.667281,1782297292.672795,10005.51,502,
835e1991-9d79-4ef5-afe5-c3fcc1728502,1782297282.672506,1782297292.679194,10006.69,502,
a807bab2-3654-47a5-bbcb-6368f064abee,1782297282.680788,1782297282.682628,1.84,503,
416ee441-c9e0-4dd1-aafa-fa03643833cf,1782297282.699191,1782297282.700142,0.95,503,
348b2ffc-c75d-4374-86cf-f295b57ab49a,1782297282.714587,1782297282.715843,1.26,503,
41cc061e-4192-4129-9d3e-1eefdf781d3b,1782297282.721263,1782297282.722427,1.16,503,
4f6f4b48-a7ef-45e4-a41a-391002bbdd43,1782297282.744880,1782297292.752931,10008.05,502,
b29a1db6-63a2-47d8-a578-301c39b6d61d,1782297282.747776,1782297282.749480,1.70,503,
5f473d27-2734-43d7-aad0-fb6195c78604,1782297282.756829,1782297282.757887,1.06,503,
4e7bfea8-cfb7-4ef1-a998-7bacd0a20ceb,1782297282.768276,1782297282.769426,1.15,503,
716ed456-a841-45c6-b064-6d8dc9d086e3,1782297282.783788,1782297292.832977,10049.19,502,
a1ac5c47-81a0-4afc-a314-d3c9bbc17c00,1782297282.819864,1782297282.822113,2.25,503,
fc0d5d66-e7f0-4695-a0ad-5a6fcd4660da,1782297282.825543,1782297282.827045,1.50,503,
dd9ffa49-bd8c-4d69-8f15-5cf94b30bd05,1782297282.843428,1782297282.844979,1.55,503,
58b19b2e-9bed-441a-8acc-0c565170941c,1782297282.865407,1782297292.871175,10005.77,502,
bf1d111d-a4c9-458c-83cb-e5d7ba347ee0,1782297282.866288,1782297282.868708,2.42,503,
8e4c5d3e-b42e-4c91-b247-64f6779959a6,1782297282.889225,1782297282.890544,1.32,503,
5df7378d-a184-44da-84bd-5611de6bcace,1782297282.894033,1782297282.895447,1.41,503,
af5b7382-a9c6-4edb-b887-8a70cf9266a3,1782297282.894852,1782297282.896849,2.00,503,
e090bb7c-8019-469b-9334-cab8b4cac3cf,1782297282.969162,1782297292.974714,10005.55,502,
51edae20-a3e0-44d1-955a-b109d2c2800e,1782297283.049894,1782297293.055780,10005.89,502,
8ed967ca-513e-4dad-b505-f671496c31eb,1782297283.090638,1782297283.092671,2.03,503,
56353436-bbb9-44d1-9b9c-3e81c36a7a30,1782297283.099116,1782297293.104690,10005.57,502,
9be5bae4-a4fb-4642-8bc8-2e4c0218cb1e,1782297283.101964,1782297293.106342,10004.38,502,
04daefcf-8e7e-4f31-bd96-303386f775ec,1782297283.130445,1782297283.132779,2.33,503,
706df286-9be3-480c-8223-691d2d1163cd,1782297283.144283,1782297283.145766,1.48,503,
43494dc4-fb3e-4e58-ad15-3e11e6c1636d,1782297283.147243,1782297283.148896,1.65,503,
9987fd11-e33e-4a75-8824-0ed5ea4720e4,1782297283.290698,1782297293.301944,10011.25,502,
6112958a-ce15-413a-8b2e-c269d7b2fa38,1782297283.361828,1782297293.372830,10011.00,502,
2503dcf3-1b31-41e3-be9f-3bce26f48347,1782297283.393426,1782297293.400952,10007.53,502,
7ac9d277-df41-4b0f-a67a-47c56e539d38,1782297283.414922,1782297293.426497,10011.57,502,
75b5bf5e-320d-4135-a83b-36322919d1a0,1782297283.419540,1782297283.423636,4.10,503,
e3c5988c-c2d4-4a32-b774-c26dcbbc2d45,1782297283.424437,1782297283.426038,1.60,503,
e08b0b24-86b6-48d4-8449-842d5d624c81,1782297283.425254,1782297283.427776,2.52,503,
a398103f-1950-4366-b178-74cb96c744bd,1782297283.472196,1782297293.484101,10011.91,502,
0f76858d-1abd-489c-ac7f-0f08f3eaa48e,1782297283.494568,1782297283.496073,1.50,503,
c7dae7f4-7f76-4d3a-858d-dce65af491ef,1782297283.523512,1782297293.530604,10007.09,502,
e52418ab-ac0a-4067-81aa-fbf669b5a0b5,1782297283.524169,1782297283.527020,2.85,503,
ba2929c8-5880-4d95-92f2-70b28b05624c,1782297283.607452,1782297283.608834,1.38,503,
0858ec5f-c5ce-4d4c-b9b8-20e67f619485,1782297283.650285,1782297283.651835,1.55,503,
dc7e367d-5d12-4151-8495-ef04e5c82696,1782297283.656230,1782297293.705564,10049.33,502,
55808038-646a-49e7-b9e9-62b136959a0f,1782297283.661251,1782297293.667214,10005.96,502,
6fc06264-4a53-43b4-b089-7ca426d286bc,1782297283.665205,1782297283.666431,1.23,503,
590a9fed-70b5-4abe-89be-def19a803f78,1782297283.673811,1782297283.675156,1.35,503,
9b18ee3a-ec83-41a0-b5b4-f0b915ca10e6,1782297283.691495,1782297283.692690,1.20,503,
0c630646-4617-498f-8d9a-e30bd49b043d,1782297283.705109,1782297283.706092,0.98,503,
930a4557-92de-4710-b5f8-988fd87a3307,1782297283.713538,1782297283.715222,1.68,503,
e55b324c-81ff-4719-bbfe-4b21c423e5e7,1782297283.735643,1782297293.741885,10006.24,502,
4acdad1b-4fb9-4a55-a1f2-72ae30ddbab5,1782297283.739469,1782297283.740958,1.49,503,
b497d64b-7d87-4cfd-be28-0bc52533d572,1782297283.748330,1782297283.749511,1.18,503,
834e992c-6a66-450f-b9d4-b1b792565ea0,1782297283.759827,1782297283.760948,1.12,503,
3bfe7f7a-f22e-4293-a564-0189311a2eae,1782297283.773367,1782297283.774572,1.21,503,
abf7b988-f73d-43bd-a9fb-5336362f7ab5,1782297283.810043,1782297293.815493,10005.45,502,
87d2e193-6011-4337-966e-36df946e9ad9,1782297283.815009,1782297283.817242,2.23,503,
1d0a454f-17ae-4c6f-91f3-1fd19dff7e71,1782297283.832584,1782297283.833796,1.21,503,
7de85170-0e6b-4d95-8f9d-81459012b60c,1782297283.854308,1782297293.861187,10006.88,502,
21479f8f-8170-4471-81f3-8de4dc946df3,1782297283.855350,1782297283.858276,2.93,503,
e87650ea-3c5c-4b77-a67c-6ed367fa8a77,1782297283.877710,1782297283.878974,1.26,503,
07e19e59-f07a-45b8-8429-8d029d989eee,1782297283.881265,1782297283.882283,1.02,503,
776b2139-96dc-4ebe-855b-30764bbb10a2,1782297283.883627,1782297283.884572,0.94,503,
a00ede3a-3b80-4188-a9ed-4d7eed16f8b8,1782297283.953968,1782297283.955322,1.35,503,
3ae33c29-5bf5-4e81-b9a1-830a4499c17a,1782297284.034843,1782297284.120893,86.05,200,0.0771457549999468
5f97078d-cda7-4067-95b2-ca9ef15ff2d7,1782297284.074159,1782297284.282232,208.07,200,0.07631574500010174
ede3d9f0-8c81-411d-b15d-0fc53d5cad31,1782297284.082102,1782297284.281880,199.78,200,0.0791794699998718
e89d7132-0a3f-428d-b83c-40b27be0184a,1782297284.084568,1782297284.086610,2.04,503,
e438e8a9-e411-4a27-8763-ab510a46becd,1782297284.112081,1782297284.114018,1.94,503,
dd4bde79-b2b8-426c-83f2-7fb9dbcac1c9,1782297284.126458,1782297294.134758,10008.30,502,
e39b1ead-3bca-4b32-bcb8-a9971e2ab4f5,1782297284.129443,1782297284.356693,227.25,200,0.0744392489996244
2d500ebc-402f-47ab-8299-482667b80938,1782297284.145294,1782297284.147843,2.55,503,
57fb0f09-480c-4b71-a85d-eed79733ea1d,1782297284.298288,1782297294.312413,10014.13,502,
b07dada5-7956-46a8-97f4-ef250ac3ed13,1782297284.383703,1782297284.471456,87.75,200,0.0762230920008733
e11fbdb0-ecec-4277-b792-600007c5ef2d,1782297284.420641,1782297284.564616,143.97,200,0.09380733699981647
40b70a64-965d-474f-b0e8-5c8e87f075fb,1782297284.447243,1782297294.456342,10009.10,502,
8c850b73-5d35-42cf-b8a7-b57122961abb,1782297284.451679,1782297284.647189,195.51,200,0.08110675799980527
d877c016-2fdb-4885-9b02-049ded9eebe1,1782297284.457033,1782297284.729673,272.64,200,0.07899964799980808
8c2bc795-c257-4019-a449-4097e53c7b7c,1782297284.457958,1782297284.804193,346.23,200,0.07488983599978383
9564bffe-00d0-499b-bf1b-a1ca29fa7e84,1782297284.515652,1782297284.873985,358.33,200,0.0645268220014259
6f107120-d7b5-46ed-97b3-4ddabf4df925,1782297284.542118,1782297284.544944,2.83,503,
82412ca8-82f5-4519-af8f-dc32500d5c78,1782297284.577244,1782297294.584426,10007.18,502,
4b5b6ab1-d63b-4156-9900-5b0417990395,1782297284.577984,1782297294.585745,10007.76,502,
325cf2e3-3172-4eb2-801d-f3bd04f272b7,1782297284.677704,1782297284.943850,266.15,200,0.06768893099979323
4f721007-2a29-4f4b-90e9-0f9a23d84e00,1782297284.728706,1782297285.016414,287.71,200,0.07125126699975226
6be36856-1584-4b02-8646-dca734a0d159,1782297284.735899,1782297294.742252,10006.35,502,
5968511d-e398-4dbf-8dc5-ffbf1babb109,1782297284.741142,1782297285.196384,455.24,200,0.09547053900132596
1b4e721a-4367-44e5-8a86-9b58947db288,1782297284.747688,1782297284.754565,6.88,503,
bd909212-17bd-4698-8e28-5abc31418b53,1782297284.758302,1782297284.759714,1.41,503,
bb62924d-8b30-454a-aca9-4abc5a4a99ac,1782297284.779171,1782297284.780689,1.52,503,
88e1201a-b081-4735-b94d-aeff2d3a3b76,1782297284.795336,1782297294.803067,10007.73,502,
16c79513-8ecb-4aeb-989c-5c04ea7c0e32,1782297284.804404,1782297285.196003,391.60,200,0.07787334199929319
e064ecdc-8664-445e-9674-f1b6f1ad4828,1782297284.832352,1782297284.834007,1.65,503,
c34b1f6c-e8a3-4fb9-a093-9a8fd1e19a84,1782297284.836363,1782297284.837437,1.07,503,
9d1e2ea7-6727-4ba8-a2c8-c4e47e6117e7,1782297284.845879,1782297284.847320,1.44,503,
22c98ac9-c594-4714-a536-e57751ec95ae,1782297284.859760,1782297284.861036,1.28,503,
c03be2bf-c05f-4698-a496-de7bac5a8270,1782297284.876329,1782297285.277490,401.16,200,0.08047799599989958
4dce8af4-10fa-4ede-be01-6cf0fb46d424,1782297284.920480,1782297284.921878,1.40,503,
1df14fc6-7255-4076-bdf9-7c17c86cd1f0,1782297284.927472,1782297284.929135,1.66,503,
1bf252c9-f94d-4262-819c-3fd39744f5b1,1782297284.947351,1782297295.001601,10054.25,502,
4e79c9d4-8109-48e6-8414-b07e3b103a39,1782297284.973742,1782297285.353518,379.78,200,0.07361958600085927
f4d3fab8-add5-45f2-99ec-59699fa79a3e,1782297284.974638,1782297294.983306,10008.67,502,
19215afa-d19e-4c8c-b643-48319b85d16a,1782297285.001674,1782297285.003413,1.74,503,
498e439e-efc6-4822-bcd0-95263592bdd7,1782297285.006721,1782297285.008600,1.88,503,
a15d6d34-081a-49f9-8a11-12294449824b,1782297285.009137,1782297285.010773,1.64,503,
82883081-21a0-4b48-b517-28d85b1cc9f9,1782297285.093864,1782297295.102500,10008.64,502,
8e4ee7ac-609d-464a-ab93-5d0748e61e5f,1782297285.189957,1782297285.426487,236.53,200,0.07233139700110769
9c73aec3-c7b8-4ace-8f50-057408e6f2f6,1782297285.301031,1782297295.313076,10012.05,502,
2af4a462-c4fd-496b-b8d3-c92c6f53e6d6,1782297285.381302,1782297285.498456,117.15,200,0.06974456399984774
e3ad9b79-bb58-4f1d-8f9c-7b482e33d2c2,1782297285.416677,1782297285.583069,166.39,200,0.08344845700048609
67345057-08f2-48e4-9363-1120bdf48226,1782297285.440650,1782297285.654121,213.47,200,0.06967082000119262
21b0bbdd-30fc-46a6-8a30-7c8b6afc070c,1782297285.445379,1782297295.452794,10007.41,502,
01572923-09dc-4565-a98b-8f6a59c44c21,1782297285.449904,1782297295.501130,10051.23,502,
d8cc152e-1321-472d-ab06-904b7d36d00c,1782297285.451822,1782297285.804627,352.80,200,0.0787682379996113
c44117e0-eec1-4d17-810d-91be399d1045,1782297285.506305,1782297285.804389,298.08,200,0.06792503299948294
debad5f7-95fa-4554-b557-69dc1c6356c9,1782297285.531487,1782297295.539797,10008.31,502,
3b35f395-8860-4c66-b988-bc735e7c3ecf,1782297285.564326,1782297285.871313,306.99,200,0.06640466399949219
bd7d4aa8-40be-4e8a-b614-3bd2ed3197d2,1782297285.565200,1782297285.943946,378.75,200,0.07080751399917062
c0da33de-daff-46fb-bcca-e2d66a21ab7b,1782297285.659647,1782297295.709340,10049.69,502,
f00c605e-2922-4447-8edb-9239607adeac,1782297285.708528,1782297286.017428,308.90,200,0.07182486999954563
618ce2cf-f30d-454b-a17c-84ba8ca4a5ce,1782297285.714696,1782297295.724398,10009.70,502,
c8122d51-8aec-4d53-8d4b-33f6f4703a76,1782297285.719759,1782297295.733367,10013.61,502,
02cf003e-acc5-4559-8a19-840354ffb94f,1782297285.725038,1782297286.187840,462.80,200,0.07533259200135944
9036aedb-9642-488d-b49d-d6d888010160,1782297285.735086,1782297295.742266,10007.18,502,
a1356d5e-6e07-410a-b09e-c1aa42936cca,1782297285.755607,1782297285.757380,1.77,503,
86d5b26a-c7c1-4011-bc3a-28b2d470141f,1782297285.771741,1782297285.773227,1.49,503,
1b78fa55-0e55-43a3-83aa-4a00aa7b78b1,1782297285.779686,1782297285.781482,1.80,503,
d3abd448-07ca-4940-864d-049776cc0e2d,1782297285.804775,1782297295.854045,10049.27,502,
b66521e0-be65-48c7-af46-05f49f526623,1782297285.809836,1782297286.187157,377.32,200,0.08710830900054134
34e126b9-fe27-4da1-9abc-d436399edb4c,1782297285.818944,1782297295.823433,10004.49,502,
06d6c7a1-bfdd-4c7e-a4fd-52a79c24f2af,1782297285.831164,1782297285.832590,1.43,503,
a2d9e462-c50d-4f27-8428-79a10c926c08,1782297285.847924,1782297285.849546,1.62,503,
bce08c94-8ed9-4825-a432-c0c8bd5e7e4e,1782297285.888772,1782297295.895988,10007.22,502,
7e08a9e3-bc62-4a41-8f33-746595414ed4,1782297285.895013,1782297295.900042,10005.03,502,
5d80ef1d-5747-476b-bec1-d6d9c2744c4f,1782297285.915181,1782297285.917696,2.52,503,
25c19477-00bb-4442-887f-f27738c9e645,1782297285.939140,1782297286.338481,399.34,200,0.0700742139997601
62ba73cb-f181-4500-939b-f971b549a85e,1782297285.939784,1782297285.941935,2.15,503,
4c990290-6b54-4580-b937-275bbf983e59,1782297285.965429,1782297286.338967,373.54,200,0.07958799100015312
bc0d84da-7b70-4f19-a2a3-6d6aa4a1341b,1782297285.970355,1782297285.971804,1.45,503,
3e96acee-aabb-429b-b535-d889767d3e99,1782297285.972045,1782297285.973139,1.09,503,
3d765e92-6c42-4ffa-96b9-50deb1a9b877,1782297286.053007,1782297296.059360,10006.35,502,
3b59053c-7d0b-4141-a759-b93d2283463b,1782297286.143960,1782297296.151760,10007.80,502,
a73135d3-5810-4901-b45a-b2b74ca46b2a,1782297286.188198,1782297286.415105,226.91,200,0.0756480059990281
74fa83ee-53d5-4d97-a765-a4fb5c913772,1782297286.199439,1782297296.205255,10005.82,502,
6c5a4dd1-953d-477b-80f1-77458fa71633,1782297286.304808,1782297296.319977,10015.17,502,
c057fb0b-ed1d-47b3-ab04-e4b6e23d329a,1782297286.387034,1782297296.395241,10008.21,502,
cefe6bbe-4adc-41e3-8db3-b132f08dfd1b,1782297286.423677,1782297286.492346,68.67,200,0.061148462000346626
eef615ef-8df3-4fe9-a57f-1edd5ffa7f3c,1782297286.449203,1782297286.554615,105.41,200,0.06130052799926489
77e9de7d-89d4-4988-b08b-5fabe51c089b,1782297286.454102,1782297296.461052,10006.95,502,
a739ecc0-0c59-4998-9a65-25d812cf40e2,1782297286.459075,1782297296.467034,10007.96,502,
0bb64984-ed5e-48ad-8cb1-4d90fdafaeb1,1782297286.459793,1782297286.645732,185.94,200,0.08700890799991612
95b5ce09-6cff-4a6f-a764-371e399a7408,1782297286.516042,1782297286.800682,284.64,200,0.07543312599955243
878bfbd4-3517-41d5-aa72-66986795c10d,1782297286.541659,1782297286.800962,259.30,200,0.0761078629984695
d34526f9-3c41-4f92-8711-b8be706b38d0,1782297286.576294,1782297296.583016,10006.72,502,
e3042041-f047-4503-8299-b9ba7e5b171a,1782297286.576999,1782297296.587835,10010.84,502,
8f38c9e2-9826-4a1e-9839-eadd78a3b4ea,1782297286.674118,1782297286.947122,273.00,200,0.08014578800066374
c0ce3908-6390-4e70-a258-94d10883aaaa,1782297286.723250,1782297286.946746,223.50,200,0.0632288230008271
07ded98f-1543-496a-8270-df21659dec8b,1782297286.729990,1782297287.033660,303.67,200,0.08523665699976846
4bc194e1-4b0f-4393-9a17-f466567345c7,1782297286.735642,1782297286.737312,1.67,503,
52ec7884-0a65-4d4d-b5aa-337caed756a1,1782297286.741747,1782297286.743190,1.44,503,
8b6714bc-a29a-45a5-ae8b-df0cf4d96f8b,1782297286.751717,1782297287.111636,359.92,200,0.07601780900040467
14c0e94a-dd41-4ee5-b395-6cd5290698b8,1782297286.771959,1782297296.778712,10006.75,502,
20fc5e5b-90aa-4944-93fb-32d7f146b441,1782297286.787499,1782297286.789302,1.80,503,
0822f6c5-5c89-427f-8e11-bd513a22dd42,1782297286.796913,1782297286.798179,1.27,503,
0141ee4d-90d4-450f-af10-964c150b2d7a,1782297286.823354,1782297287.193996,370.64,200,0.08064061799996125
1781518e-4842-4a14-aa83-7e5c4d729d7b,1782297286.828239,1782297287.289376,461.14,200,0.09323485000095388
d03195eb-2f86-4aca-ba9f-05f5f980395f,1782297286.837040,1782297287.365887,528.85,200,0.07508319299995492
fa55b722-f6b2-4627-ac67-b452cda40086,1782297286.850074,1782297286.852593,2.52,503,
6ee2076c-2248-4f1b-9b5d-cc30bf88363b,1782297286.867113,1782297286.869295,2.18,503,
2e716a04-9eac-47b8-bcc5-4ab85fdb9a9f,1782297286.909850,1782297296.916322,10006.47,502,
169639d3-a627-44ca-b219-02e198c2215a,1782297286.915723,1782297286.917668,1.95,503,
9e7e0eba-a1d9-4570-b510-379fce8e29ed,1782297286.937122,1782297286.939219,2.10,503,
56cd8287-5e58-4302-8f7b-352988bb6ec0,1782297286.961608,1782297287.427365,465.76,200,0.06005292299960274
f12a4324-360c-4808-b9c8-79caef5b88c5,1782297286.962466,1782297287.583333,620.87,200,0.0795502260007197
585b7eb4-7ebe-4cd7-ad2c-03d25ecda15f,1782297286.988625,1782297296.995737,10007.11,502,
13e67285-f184-4df6-aa5c-5256a2bb6c02,1782297286.993754,1782297286.997888,4.13,503,
f3ecc856-32f4-4216-bd12-2e593eb2d07b,1782297286.995096,1782297286.999413,4.32,503,
6b144b2b-5464-4337-b89f-56bd62db452a,1782297287.078145,1782297297.086535,10008.39,502,
97239b8a-b860-481b-afbe-ffaf9ca30fc3,1782297287.172170,1782297297.181282,10009.11,502,
5544e736-287f-4ed8-9605-c9b9d95fa74b,1782297287.217686,1782297287.583717,366.03,200,0.07218899599865836
9d2c55c8-6402-4c93-951b-68acd920b112,1782297287.311958,1782297287.667933,355.97,200,0.08318186199903721
39d1e742-4a9e-4cbb-9ed0-167bb54a96b9,1782297287.397404,1782297297.404220,10006.82,502,
10dcb839-1b04-48fe-809f-fed2232865ee,1782297287.436078,1782297287.834518,398.44,200,0.08489811300023575
3bdcb2e0-a6d1-46df-bb2d-65db1a2e3076,1782297287.460556,1782297297.466589,10006.03,502,
90787d00-f75d-461c-b29a-6356f220863a,1782297287.465296,1782297287.834025,368.73,200,0.07837204400129849
86e2d469-14ee-4fdc-8b47-8a98e28053d1,1782297287.469965,1782297297.479819,10009.85,502,
9182ec98-6579-4a70-b1e6-b31835ab5918,1782297287.472508,1782297287.909161,436.65,200,0.07416343600016262
ac70ae6b-eb75-4b7d-8506-2231014d5ace,1782297287.529799,1782297297.540268,10010.47,502,
72ab1aad-f60c-4ac6-a48e-d227664179d1,1782297287.555887,1782297287.988054,432.17,200,0.07534051299990097
44be7fad-1f16-4939-b27e-2fdc07d11d64,1782297287.591619,1782297297.600520,10008.90,502,
cd287e25-bfd5-4131-8703-0205611ba760,1782297287.592347,1782297297.645437,10053.09,502,
ab3208b9-b5a5-4a3e-b995-3d8b4135986f,1782297287.691775,1782297297.702550,10010.77,502,
11584d05-1f89-4636-bd89-f49385776539,1782297287.743231,1782297288.166970,423.74,200,0.09614618500017968
fc657600-cf6c-4316-8ddf-8ab3b4c64bc0,1782297287.750092,1782297288.166380,416.29,200,0.06977307200031646
7c3c1ae1-4019-4438-9e8e-52cff1814aef,1782297287.755432,1782297288.234455,479.02,200,0.06942558699847723
a419ef7a-fd18-4bda-b42b-2ec731700171,1782297287.760872,1782297297.782639,10021.77,502,
6622db5b-b4f6-4126-9b96-1c7abc2c1aa0,1782297287.772323,1782297287.774415,2.09,503,
6eeb19a0-5dbe-4fb3-90d0-66d6b15e327b,1782297287.793795,1782297297.800410,10006.61,502,
ffa08aba-233a-4325-80e5-a6f3e9c60b37,1782297287.808738,1782297287.811359,2.62,503,
389368d6-f479-4833-826e-48f96adb4050,1782297287.818963,1782297287.821247,2.28,503,
99466bcd-0d8a-440b-9d04-06ea33e88701,1782297287.846154,1782297297.911759,10065.60,502,
0a36bd04-da4d-467c-bb27-de6c19c3db36,1782297287.850329,1782297297.911983,10061.65,502,
f34b1eb9-3074-46b8-8661-1af6b4c899bc,1782297287.860022,1782297287.861585,1.56,503,
6ad14718-a112-4817-b3fe-7ab465320489,1782297287.873094,1782297288.308254,435.16,200,0.071872792999784
33f6d18a-1929-4c43-9893-de3f200ee4fc,1782297287.890173,1782297287.892133,1.96,503,
63d6f918-ccff-4d80-9a7c-42f2a86b39ce,1782297287.934860,1782297297.943162,10008.30,502,
a56679dc-c60d-41e7-a26e-4f162cfdc2d2,1782297287.941226,1782297288.376694,435.47,200,0.06738395100001071
73196bcb-4970-475d-b604-c0cfc6c9e3ea,1782297287.961961,1782297287.963559,1.60,503,
3033ef8e-faa0-41da-9875-44256fb75209,1782297287.987161,1782297288.517921,530.76,200,0.06326836900007038
d3e90506-a17a-4438-9f7a-8e7bc1c31b4f,1782297287.988311,1782297287.990220,1.91,503,
711d8a8c-5799-429f-b8d3-31ff48290478,1782297288.014724,1782297288.015932,1.21,503,
5fb4901c-2285-413f-96b9-e5476a1b9e10,1782297288.020297,1782297298.029257,10008.96,502,
63d29b9c-8c47-440a-8ad3-7d87ad5d6a54,1782297288.022198,1782297288.026216,4.02,503,
b62f5a08-1b3f-4c54-8bc0-e722a5495e0d,1782297288.107599,1782297298.114036,10006.44,502,
8e644a4b-9bf6-463d-b7cc-8578884152cb,1782297288.204391,1782297298.210293,10005.90,502,
bea834b0-c577-4b81-891e-80cf34bf73c4,1782297288.315242,1782297288.517636,202.39,200,0.073806013999274
96b6b165-f1df-48cb-9529-9437fa4e1589,1782297288.399984,1782297288.584262,184.28,200,0.06654210000124294
a24ca5ed-6e83-42ad-922c-f7079c31157d,1782297288.438632,1782297298.492692,10054.06,502,
be41308a-42cd-474c-b1be-867d25431d06,1782297288.464651,1782297298.474513,10009.86,502,
a2374a0f-be73-4671-ac12-88b0f21d3ff8,1782297288.469107,1782297288.644618,175.51,200,0.05773168299856479
9f8b504d-91f4-4ea0-a47a-6983a993ea44,1782297288.474240,1782297298.482750,10008.51,502,
f659d82f-b7a1-4a48-9299-9754933e069e,1782297288.475112,1782297298.483528,10008.42,502,
261678ee-7e34-4b67-8fa3-50eb13b4f549,1782297288.533384,1782297288.717146,183.76,200,0.07109393500104488
5530e2b3-fadc-4c70-8e9c-1cc590b24fae,1782297288.559312,1782297288.800909,241.60,200,0.07931920500050182
399f200a-4caf-458d-8e7a-1655ff0efdbc,1782297288.594737,1782297288.980554,385.82,200,0.09317176500007918
a76e7ae1-d249-429e-94f0-e4f0ace45b28,1782297288.595363,1782297288.980151,384.79,200,0.08130564900056925
f9845786-eb7b-419b-b0c7-d2d8ee6eab84,1782297288.695129,1782297298.702083,10006.95,502,
851c8f7b-c60d-4307-94be-c344a7ee328c,1782297288.745739,1782297289.044492,298.75,200,0.06411064399981115
3e120c65-3f9c-454f-9fb2-8042d51c3a55,1782297288.752932,1782297289.187735,434.80,200,0.07453420699857816
9b51df5c-16ba-4423-b563-ad04444001c2,1782297288.758378,1782297289.187400,429.02,200,0.06524771099975624
26154aa3-7097-45d6-84be-f727bdb12b58,1782297288.764105,1782297298.820740,10056.63,502,
ea92b966-4245-421b-807b-57b55ca07ac6,1782297288.776064,1782297298.783239,10007.18,502,
d528b41a-e950-4075-92fa-232aa841df84,1782297288.796858,1782297298.803639,10006.78,502,
77db29f5-9356-4b68-9ee7-9c1e898e2417,1782297288.812515,1782297298.861824,10049.31,502,
7bc6bc7c-53cb-42d4-bd80-2c0b37245a19,1782297288.822098,1782297289.270242,448.14,200,0.08091775899993081
810b9d32-c055-4842-9b85-90ba982a3698,1782297288.850764,1782297298.859933,10009.17,502,
559bb5f9-8033-47db-a379-3f291bf05160,1782297288.853864,1782297298.861385,10007.52,502,
a5aa9689-90d1-41f5-b5a1-d23045bc2d49,1782297288.863567,1782297288.866221,2.65,503,
fa52daa8-fde3-4821-8707-39639fc200bb,1782297288.876761,1782297288.879409,2.65,503,
3e9816a1-6cf1-4ebb-b6be-453a9dee0a43,1782297288.894070,1782297288.896708,2.64,503,
375b9a36-cdbc-4e35-b0fa-05770acbdb6f,1782297288.938272,1782297298.945745,10007.47,502,
0b93d94a-c290-4a50-a651-86dd0e106b6c,1782297288.944574,1782297288.946763,2.19,503,
5453dd2f-c6b1-4aa4-a9ea-1a58aa67ad5f,1782297288.966381,1782297288.968277,1.90,503,
1b1a6c3c-bd88-4289-9f77-c797d288dc26,1782297288.990902,1782297289.343768,352.87,200,0.07106298500002595
ce73578d-fc85-4d77-b67c-d4e8eba1491c,1782297288.991502,1782297298.998142,10006.64,502,
9916f564-d103-4941-9712-9b2fc630f986,1782297289.019229,1782297299.025233,10006.00,502,
226da947-a3ef-4abb-b1d1-3918aa2cd0b7,1782297289.024358,1782297289.026350,1.99,503,
5e266d1f-0779-40d0-9493-2a9f1b2511aa,1782297289.025377,1782297289.027982,2.60,503,
67a1d908-19a0-4daa-987f-649ac6d0d95d,1782297289.111068,1782297299.117515,10006.45,502,
0cf9a3f9-22dd-4e92-ae14-5729de007a22,1782297289.207143,1782297289.416745,209.60,200,0.07177928800047084
5978ff76-1a4f-4a64-8738-9cc83e8ad3a6,1782297289.320499,1782297299.334019,10013.52,502,
e6f93fab-35bc-400c-8d70-9f44164faad0,1782297289.406129,1782297299.413930,10007.80,502,
0feb21af-b10c-43dc-9791-721393992f12,1782297289.443469,1782297289.513693,70.22,200,0.06184875100007048
414efd4c-1018-4656-a25b-a8d7fbc317ee,1782297289.469551,1782297299.479338,10009.79,502,
a9414a4e-eb71-449e-8a28-d3f780ee3da3,1782297289.473852,1782297289.580207,106.35,200,0.06464297900129168
7ef05d99-de1b-4ce4-85f0-6aa4b623819b,1782297289.479275,1782297289.648244,168.97,200,0.06645724899863126
4c090662-3f55-407a-9056-80f4e81a891b,1782297289.480309,1782297289.713162,232.85,200,0.0635781439996208
bfe7e7ce-db36-41ba-b110-7b793275e874,1782297289.537872,1782297289.804598,266.73,200,0.08874920600101177
02277b03-5dd0-4062-ac32-067fc9df36ef,1782297289.564057,1782297289.890096,326.04,200,0.07938773299974855
3f42618e-ea81-46b8-8b17-b4fcd030f268,1782297289.599610,1782297289.985512,385.90,200,0.09310437700150942
0e14b40c-d32b-461f-a5dc-cb3c1723359a,1782297289.600069,1782297290.074511,474.44,200,0.08577081600014935
0d9331e8-340e-493e-986c-cd43dd28640a,1782297289.701861,1782297290.223774,521.91,200,0.07538402399950428
9f54fedc-8fa2-4456-923d-226e6ee353ae,1782297289.751657,1782297299.759463,10007.81,502,
1e0b5a01-7838-42cd-8652-4948633fa230,1782297289.757805,1782297299.767658,10009.85,502,
fbe38a75-d397-4172-abe2-3d4f78a09d84,1782297289.764019,1782297290.223440,459.42,200,0.07034483299867134
74a5bfbc-4722-4a8f-816b-268f95e64881,1782297289.770002,1782297290.380640,610.64,200,0.07991742999911366
ab0b0f3f-b305-409b-9ad6-6c0ad1824745,1782297289.780418,1782297290.380879,600.46,200,0.06893477700032236
d898e2fd-66ba-48b9-9134-2678f36b04a4,1782297289.802081,1782297299.812033,10009.95,502,
6fe0932e-3473-4bc7-a5da-3f67411593fe,1782297289.817327,1782297290.453494,636.17,200,0.07171805500001938
2dbb8b9a-2240-400f-8a8f-315c27e68dcd,1782297289.827337,1782297290.628771,801.43,200,0.09066849099872343
194e66f9-276f-4682-bf4b-b057027553d2,1782297289.854299,1782297290.629040,774.74,200,0.07976210300148523
a3f35771-edef-4819-9f2a-5626974cc34e,1782297289.858417,1782297290.696133,837.72,200,0.06641856799978996
fe6d91fb-d87f-4942-8460-3d1d89275d8a,1782297289.870182,1782297289.872750,2.57,503,
788594a3-6907-430b-abb9-3f7335f7b34c,1782297289.881400,1782297289.883912,2.51,503,
d0cd72dd-7529-4837-8319-78e5c40e6dab,1782297289.898590,1782297299.904090,10005.50,502,
13308a3f-e712-46ac-aa2d-6fa2edef2899,1782297289.942848,1782297290.771189,828.34,200,0.07367834700016829
82ef3d4e-bad7-49be-b756-df5f0604b9b8,1782297289.949777,1782297289.951904,2.13,503,
c1de1631-8541-4d3a-9267-ce8fd37eb972,1782297289.971391,1782297289.972737,1.35,503,
bb628d10-4c1e-4fc6-ac28-80e678e961f9,1782297289.995928,1782297300.046425,10050.50,502,
5aa7efca-f1f9-4010-99ca-186a0093a0a2,1782297289.997276,1782297300.004892,10007.62,502,
4500b847-168f-43d8-a93b-ea1cfa150653,1782297290.025180,1782297290.027445,2.26,503,
f6d83df9-0e72-4394-905d-08295898ab4c,1782297290.028799,1782297290.030286,1.49,503,
06202bc9-5f1f-4efe-ac19-ee971fa4ea43,1782297290.030564,1782297290.032213,1.65,503,
c2c9998b-7d50-4a97-9896-f335541c057a,1782297290.116218,1782297290.851560,735.34,200,0.07828698999946937
67029a86-5f03-49df-a4f6-978f5b875bcd,1782297290.212016,1782297291.010970,798.95,200,0.08476076800070587
c5a6d445-1520-464d-bc16-663864895e74,1782297290.323665,1782297291.012564,688.90,200,0.0715509439996822
9ce038ac-30b2-462a-b61c-3efb173bb7d6,1782297290.416662,1782297300.423614,10006.95,502,
270851b0-02b3-426c-b257-06adfd6751f4,1782297290.457868,1782297300.464302,10006.43,502,
9ce2ea5c-5b31-4331-89be-e37906416dac,1782297290.486992,1782297300.494022,10007.03,502,
fe3bd01e-c53f-48db-beb6-c65a3c9e8580,1782297290.491533,1782297291.147614,656.08,200,0.06359001199962222
77508db9-4713-42d5-9f8c-be282726c418,1782297290.496788,1782297291.319537,822.75,200,0.08493230500062054
30ed2cf1-7666-425b-961f-0a118c9b29ed,1782297290.498704,1782297291.148083,649.38,200,0.070069520999823
661eefaf-2804-4fc5-9f91-56438ac9f9a2,1782297290.562220,1782297300.569141,10006.92,502,
4ed79303-dfe5-4e88-a913-4d7e7d7b2f48,1782297290.591142,1782297291.318921,727.78,200,0.08153433699953894
0e8a82af-8e57-44c0-96a1-b00ac44d432b,1782297290.629722,1782297300.637543,10007.82,502,
3a0d03b5-dcd9-4462-bd15-a9c2764b2f6f,1782297290.630363,1782297291.394305,763.94,200,0.07467811099922983
0d4ac9fd-3ede-4c88-8892-a3c9393852f2,1782297290.739028,1782297291.469638,730.61,200,0.07346400400092534
8df03e27-a51e-4372-8eec-ce0639e1e92e,1782297290.795210,1782297300.845148,10049.94,502,
73a16e7a-1311-401d-afbd-161d0c9d57bb,1782297290.802311,1782297300.808429,10006.12,502,
72b06fad-56d3-482a-9f54-dc125c5170dd,1782297290.808885,1782297300.857619,10048.73,502,
4a1c75a3-39f5-41e1-bf36-ca274d66b102,1782297290.815560,1782297291.541314,725.75,200,0.06773783300013747
05be3656-382b-4f13-8450-112080db5716,1782297290.827302,1782297300.835382,10008.08,502,
f9afd404-d787-4dd3-9f23-058bf2b80407,1782297290.849519,1782297300.860801,10011.28,502,
3cdc8313-2b5f-44a8-8594-e8bf7cf5b1a6,1782297290.867745,1782297300.875628,10007.88,502,
144b8b38-d53e-48b8-812d-349fd4b5d372,1782297290.877894,1782297291.616835,738.94,200,0.07637671399970714
81f0c32a-1737-44d3-afa6-d290735acb82,1782297290.907560,1782297300.918859,10011.30,502,
7b1a8e59-af48-4752-83e3-7d5264763ea2,1782297290.912164,1782297300.958576,10046.41,502,
24a5d36b-555e-427f-a8ec-b5bdbae85d69,1782297290.947578,1782297291.882039,934.46,200,0.08714571199925558
20145668-1032-4a81-9e95-1ebaae217073,1782297290.948257,1782297291.714325,766.07,200,0.0964889070000936
23020eb8-def6-4a2b-9862-087102256d9d,1782297290.956778,1782297290.960400,3.62,503,
3889a6ad-b274-4b05-8745-b966a73cd4a7,1782297291.004328,1782297291.005409,1.08,503,
b2f77261-4929-4452-8ee9-24b93151f69b,1782297291.011775,1782297291.881734,869.96,200,0.07151439300105267
01fa84ee-faa3-4ee9-92d2-5e9a3d73654a,1782297291.034142,1782297291.035660,1.52,503,
d7bcfa7e-0d99-4712-ae7b-a5848cdf5145,1782297291.063169,1782297291.958373,895.20,200,0.0719513990006817
2c4b690c-8280-462a-9486-21308a9de971,1782297291.063886,1782297301.072413,10008.53,502,
df7832e8-352f-46d6-8a72-1817e068f52a,1782297291.092894,1782297291.094850,1.96,503,
70d11b81-16ba-4df5-aa12-68f245ee01d8,1782297291.098368,1782297291.099849,1.48,503,
058bdc89-1bea-4845-9936-ad4baa112c5d,1782297291.329117,1782297301.346708,10017.59,502,
61e077f0-cb5f-4714-8b68-c581fa77631d,1782297291.408595,1782297301.418154,10009.56,502,
7bbf096a-034d-468d-a12a-6478822b4dc6,1782297291.442364,1782297292.030049,587.69,200,0.0732287949995225
88f5837c-ca45-4eaf-9307-d4191f873fd6,1782297291.466690,1782297292.196450,729.76,200,0.08148480800082325
fc6b005e-e162-4772-9438-c0b6a40fb20c,1782297291.471565,1782297292.196882,725.32,200,0.07816770299905329
190035b1-fda9-422d-a24f-7910802685ba,1782297291.476370,1782297292.271950,795.58,200,0.0746031700000458
b6e06fbe-19fd-4517-9d64-b3941a04817f,1782297291.477323,1782297292.344774,867.45,200,0.06945015500059526
c111b45f-ad58-4369-9755-e969e331bb97,1782297291.529916,1782297292.514257,984.34,200,0.08124899699942034
aa380d08-a49b-42f1-aca6-01190118573c,1782297291.554777,1782297301.562687,10007.91,502,
c1f1e21d-aa8e-4d32-917e-cfc4ef93ca82,1782297291.586545,1782297301.599300,10012.75,502,
361499ba-6663-41ad-82b6-d77dd2aa43ee,1782297291.587579,1782297292.514597,927.02,200,0.08344040699921607
cfb8e184-7066-4f04-a467-3bec4d5bb196,1782297291.681267,1782297292.589740,908.47,200,0.0738274260002072
cd5b2732-d8dd-4a60-8edf-8828be7f80cf,1782297291.727283,1782297301.806521,10079.24,502,
23c47f3d-20f8-4af9-b658-2971b9b3f14a,1782297291.732692,1782297292.741837,1009.15,200,0.07772550099980435
262325c9-6212-4e45-86b9-ec39a9307913,1782297291.739317,1782297301.766171,10026.85,502,
d5577751-9677-4185-8087-bc9e097c8a8d,1782297291.743605,1782297301.776421,10032.82,502,
1f9f10a4-5b7a-4787-9d86-d1526092a074,1782297291.753710,1782297301.785298,10031.59,502,
c44e4982-58b0-44f0-9fc6-71f82751c1fb,1782297291.772985,1782297301.787202,10014.22,502,
5dc1eb97-4fd3-4ce0-880f-8faf1b7fbb0f,1782297291.788749,1782297292.742182,953.43,200,0.07002707699939492
89fe890f-4c62-42f9-bba5-9dea18987b7e,1782297291.797170,1782297301.849561,10052.39,502,
56828263-9a48-4f47-a9c6-6a6e06fa4a60,1782297291.827633,1782297301.853033,10025.40,502,
1ac253d6-6caf-42ad-9bf0-2298a079bdd6,1782297291.828322,1782297292.817878,989.56,200,0.07736868900065019
bcb2f074-5be4-470d-b958-fe359a545b4c,1782297291.835261,1782297301.855620,10020.36,502,
932c8c90-2643-4339-91af-c0da6dba04ba,1782297291.847156,1782297301.860675,10013.52,502,
0f54e0be-825c-4a7b-a9f5-d683e08ba1e2,1782297291.863189,1782297292.884087,1020.90,200,0.06458888599991042
8870e1a8-694b-4bf0-9c14-a87e4e553f89,1782297291.903034,1782297293.042002,1138.97,200,0.07012428200141585
fceb9a4f-aca7-41e6-afcd-c83eed5c4f1a,1782297291.908651,1782297293.042379,1133.73,200,0.08471201000065776
c367c781-e774-4118-a8ed-bc9b44684706,1782297291.929197,1782297293.189706,1260.51,200,0.07654903199909313
baddf2a6-5036-4e61-a85d-8ba99e107f65,1782297291.951960,1782297293.189941,1237.98,200,0.06838364000032016
d65ea0fe-0c42-4e3e-a36f-fc9e689e49f1,1782297291.953008,1782297301.982212,10029.20,502,
5fa8637d-9aa6-41fe-936f-e97db01a37c3,1782297291.977327,1782297293.255711,1278.38,200,0.06513304599866387
35100d0d-5349-4dfa-846b-59e493c82dcd,1782297291.982661,1782297302.032903,10050.24,502,
ed5ff968-b5d0-4024-aaf1-8145ff1dd156,1782297291.984121,1782297293.328464,1344.34,200,0.07107064399860974
7f144278-f4c6-4259-8d4a-3d3590cdb0a2,1782297292.062995,1782297302.068745,10005.75,502,
97cea3ba-e2f1-4518-a577-913e3f7fa143,1782297292.152093,1782297302.159088,10006.99,502,
a7575b7c-165b-4651-91a9-5cb12115a589,1782297292.194787,1782297302.207948,10013.16,502,
6e645a99-4e62-4c74-8cdf-ebd2c30f0285,1782297292.204302,1782297293.417606,1213.30,200,0.08632089599996107
0152cce6-491d-43e1-b067-068a56b86a04,1782297292.207103,1782297302.214243,10007.14,502,
e78b4b39-be07-44fc-8ba6-420d6d8467a5,1782297292.334431,1782297302.348659,10014.23,502,
7772a891-5297-4ce0-8d6f-3e92d6c6788d,1782297292.411284,1782297293.585277,1173.99,200,0.08441365999897243
aa55e2fb-7099-402e-8ed3-857efed4bdbb,1782297292.446521,1782297293.584654,1138.13,200,0.07853966900074738
c8093367-9d48-4505-aceb-8fc40b957083,1782297292.470193,1782297293.655057,1184.86,200,0.07071045599877834
694cbd11-814b-45cb-9346-8da73b490edc,1782297292.474035,1782297302.479949,10005.91,502,
9a810810-5533-421f-b062-a3876f7de85b,1782297292.479540,1782297293.738441,1258.90,200,0.0821734959990863
bf044a6a-12a6-4226-85dd-076991559295,1782297292.480397,1782297302.489478,10009.08,502,
968eb8e0-aadf-498d-975c-8ecc20a0d04b,1782297292.533524,1782297293.912335,1378.81,200,0.09029970200026582
1f22a7bc-1f99-45f4-b75c-398b7709bdb6,1782297292.557526,1782297302.566398,10008.87,502,
3c3adb0c-2c72-45db-84d2-e270c33ef4c1,1782297292.590487,1782297293.912681,1322.19,200,0.07686301200010348
42b32948-1e51-485d-8da6-aa7670cd1ca5,1782297292.591190,1782297293.986806,1395.62,200,0.0740480030017352
353cef4b-ab1a-45b2-9918-d32827a2242f,1782297292.683172,1782297294.066183,1383.01,200,0.07698821999838401
17a8a97e-06fd-441a-a0e0-73a22ced627b,1782297292.730119,1782297302.781509,10051.39,502,
1bd21e0a-327d-493b-b604-65f77832e127,1782297292.736407,1782297302.744309,10007.90,502,
a1f11eee-e01d-42f4-816c-1d95a3e42b00,1782297292.741906,1782297302.748932,10007.03,502,
e6643e6a-415c-435b-b7f3-2d8c1958bffc,1782297292.746495,1782297302.756204,10009.71,502,
6e49b7fe-429f-480b-9d5d-d253bed5c6d0,1782297292.756389,1782297294.233536,1477.15,200,0.08027179400050954
6a45bcaf-fccc-4dde-af0f-2f4adc9ec738,1782297292.775490,1782297294.233211,1457.72,200,0.08066053000038664
9683b4f1-42fd-424d-8c12-0ee56f5ebf1a,1782297292.791129,1782297302.797931,10006.80,502,
89020c6b-b5eb-4950-b75f-af7c40fc738a,1782297292.799454,1782297302.807105,10007.65,502,
8adb81c1-6fa6-4755-994a-b548e755e277,1782297292.824680,1782297294.298790,1474.11,200,0.06492059999982303
ea35618a-e15a-4860-a39b-ca54d7e4aa8a,1782297292.828728,1782297302.836295,10007.57,502,
0109d2a1-3eae-4039-bf3f-d3e8676ae1dd,1782297292.838000,1782297294.388313,1550.31,200,0.08683317599934526
97bebfd3-9acf-4800-93cf-6749b70e2a73,1782297292.849749,1782297302.857277,10007.53,502,
02569094-576f-43cb-93d9-74a8ac366acd,1782297292.865940,1782297302.875603,10009.66,502,
1bba3ecd-879a-4679-8cbc-a1abf81466dc,1782297292.906781,1782297294.600524,1693.74,200,0.11246595000011439
0c7e73f7-38a3-4cbe-bdc4-09ebea8fa2b3,1782297292.912080,1782297294.600883,1688.80,200,0.08823835400107782
412d99ce-2ade-4417-8a35-16962c6d988f,1782297292.932419,1782297302.939832,10007.41,502,
a7cef584-a03e-4af7-a700-92dfd3ce4d38,1782297292.954548,1782297294.858335,1903.79,200,0.09057041699998081
ca326ae9-40e5-47a9-bf00-f588f89863e8,1782297292.955600,1782297294.682295,1726.70,200,0.08207367899922247
8f2a414f-6c7f-44eb-b7d5-2a189eed6745,1782297292.981261,1782297302.988443,10007.18,502,
3489c5cc-bdc6-4109-837b-1d029ae631da,1782297292.985859,1782297294.858611,1872.75,200,0.07913169799940079
2f607297-cc74-43e8-9193-f64f7f4600bd,1782297293.019538,1782297294.928230,1908.69,200,0.06803706599930592
aa7e3b86-93ef-47f3-94b2-79b5e6dd9671,1782297293.065345,1782297303.072431,10007.09,502,
a688bce1-eeb7-4501-96e3-6255fa1ffa6a,1782297293.112712,1782297393.611493,100498.78,502,
44d4dd25-1083-433b-b9d8-a5c7bf492a35,1782297293.154912,1782297303.160494,10005.58,502,
eb497590-788c-40df-86f2-eaf75dd3e6b3,1782297293.198235,1782297295.066578,1868.34,200,0.06861148600000888
f7870992-4be5-452e-9743-ecb29bd92ab4,1782297293.200480,1782297393.700597,100500.12,502,
1508388e-79f1-4c5f-8e57-e4092bcf8ed0,1782297293.207935,1782297303.214808,10006.87,502,
63ff8de8-a2ec-4c89-a108-e31721414920,1782297293.210276,1782297295.066263,1855.99,200,0.0667548759993224
f92830ae-c6a8-405b-ae9d-b499640cb3ab,1782297293.335934,1782297303.350948,10015.01,502,
ae2dec69-8100-4d9d-bfe7-d7ac86c0115c,1782297293.408058,1782297303.418111,10010.05,502,
f5688aeb-1140-4c2c-afd3-6023d12c5854,1782297293.441077,1782297295.239885,1798.81,200,0.1003903930013621
dbe6179b-ccff-4e5e-a542-9a6f1ff32c9f,1782297293.463559,1782297295.240407,1776.85,200,0.06775412600109121
1e0c6db9-3251-490a-be4c-b0a47cc463f4,1782297293.466483,1782297295.315808,1849.32,200,0.07610627900066902
68da27fe-2340-4e17-850f-ad7a72b02269,1782297293.471235,1782297295.392187,1920.95,200,0.0746919639987027
14dd08e5-6a99-45d4-a9bd-d0c88fef2119,1782297293.472295,1782297295.483143,2010.85,200,0.08896396099953563
5800e282-d885-4d48-9ce2-efc0eb0a7187,1782297293.521294,1782297295.567002,2045.71,200,0.08132121600101527
66b40143-c08e-4eea-8580-a3f442d10c6d,1782297293.544139,1782297303.551720,10007.58,502,
68e15d92-aece-4a93-a4cd-950238ccc713,1782297293.574384,1782297303.582960,10008.58,502,
6e5d5fbc-9b28-4209-b8c2-1ce2256a46df,1782297293.575419,1782297303.588418,10013.00,502,
bb4ef8d4-480c-4ab9-96ce-2862c1dcde99,1782297293.659627,1782297303.666047,10006.42,502,
0495bcfd-fd44-4b37-b7e0-ac7bac1290cb,1782297293.703150,1782297295.637120,1933.97,200,0.07022666199918604
9a968e87-e549-4bc8-9ea4-573115adf3c8,1782297293.709351,1782297295.712107,2002.76,200,0.07221844200103078
56ed9068-6eaf-4de9-9ddd-5709e6f88c80,1782297293.714935,1782297303.728821,10013.89,502,
6265fba7-075c-411c-87a6-41aae76c4e04,1782297293.719206,1782297295.799558,2080.35,200,0.08412316100111639
3474a7d2-0aba-4137-85b0-ed8a43c1fcd6,1782297293.728324,1782297295.871909,2143.59,200,0.07292700500147475
0182c6c7-bee5-4c21-a745-1e6b255785d7,1782297293.746977,1782297303.797325,10050.35,502,
1babbdb8-2172-43d6-8b1a-6e28dbad0859,1782297293.760500,1782297303.769921,10009.42,502,
6f50dd16-0eb6-4ec1-a364-7b5e44505e94,1782297293.768929,1782297303.817419,10048.49,502,
3f49bb99-abb5-418f-8ecd-c030ddb3a56d,1782297293.791879,1782297303.800827,10008.95,502,
29b05faf-1e44-49f1-be42-a3c18aadd1ee,1782297293.795641,1782297303.802781,10007.14,502,
1ba390ca-c1c9-47fd-9be4-a6c5c2a33975,1782297293.803279,1782297295.945486,2142.21,200,0.07148661900100706
c7718479-4a4a-4fff-ac06-0d58d51dcca2,1782297293.814446,1782297296.030421,2215.98,200,0.08090167600130371
5f4aa97f-96d1-4f34-8e63-724d788765b4,1782297293.830266,1782297296.097899,2267.63,200,0.06820691100074328
06bbd5db-183b-4f6a-a131-d6e7a6989fe0,1782297293.867142,1782297296.185556,2318.41,200,0.08502026200039836
3bbb7d82-464c-404d-a50e-9913f059e8b2,1782297293.873123,1782297303.879506,10006.38,502,
f3ab7c84-7a4b-400c-8af3-0a7799458410,1782297293.890487,1782297296.276316,2385.83,200,0.08855384900016361
4e87ab84-b7ad-4481-98e2-60e29dc020be,1782297293.912455,1782297296.352655,2440.20,200,0.07387645899871131
4469f9b5-918b-44c8-920b-51a42bdebf08,1782297293.913190,1782297296.512380,2599.19,200,0.08313513199937006
7280b915-ca5d-4ee7-b00a-911af116d49f,1782297293.935998,1782297303.941695,10005.70,502,
47f37eb3-4c21-4749-a415-df1e8adb6557,1782297293.940321,1782297296.511944,2571.62,200,0.07279101499989338
afb26f17-25f5-4ecf-9a78-8d88c286e239,1782297293.942655,1782297303.952445,10009.79,502,
30a791df-b0e4-4597-8870-3b807046f609,1782297294.014482,1782297296.587904,2573.42,200,0.07236973600083729
6e26629b-0a1a-4c3f-acee-90c1803bb06f,1782297294.097972,1782297296.672489,2574.52,200,0.08537572599925625
016040b6-0466-4815-b55e-b8f067f38497,1782297294.137529,1782297296.767963,2630.43,200,0.08092560600016441
17aaafd0-e389-41d0-81bc-e102080de9c0,1782297294.146511,1782297304.153325,10006.81,502,
f82a3475-14ca-41b4-95df-c1862aaba00c,1782297294.148140,1782297304.154781,10006.64,502,
4ca46c21-07e8-403e-ae17-a3d1504627bc,1782297294.177152,1782297296.934023,2756.87,200,0.08705094000106328
53cb2581-1c65-4b04-a4a7-002256349888,1782297294.191429,1782297304.200144,10008.72,502,
b7ac106b-05bb-453c-997f-2ae6cc5e9c37,1782297294.193862,1782297304.200776,10006.91,502,
ea08c6d6-5478-45e0-b603-4d7cf64e9208,1782297294.342524,1782297296.934402,2591.88,200,0.07496675600123126
b321fa5b-58c3-4e46-a28b-231046100dbc,1782297294.428331,1782297304.439067,10010.74,502,
45ce5c7e-5456-4b47-92d3-c575d24313fc,1782297294.465046,1782297297.004212,2539.17,200,0.0702711409994663
bb911859-e9ce-4089-ae6d-6bb2113a1466,1782297294.490719,1782297297.148128,2657.41,200,0.06499641400114342
8c20ff0c-8fa5-4c04-974f-d5d883fc0dba,1782297294.495507,1782297297.147643,2652.14,200,0.07023103300161893
b044ad42-d4a0-48db-91c4-ef16f324b056,1782297294.500679,1782297297.235388,2734.71,200,0.08370204100174305
3e25cf3c-bc36-423a-9ac7-af18b414af23,1782297294.501600,1782297297.320414,2818.81,200,0.08569546099897707
3fc880af-64f9-40e2-84b2-5f4146151f42,1782297294.559919,1782297304.567620,10007.70,502,
26b4af63-ad22-483a-9b09-04a52f322703,1782297294.585761,1782297297.513042,2927.28,200,0.10877466400052072
6f7260da-e05f-43a4-953b-6b96a45a7e86,1782297294.621377,1782297304.632970,10011.59,502,
112cab59-f93e-4805-8fdc-11be3f3505f5,1782297294.622292,1782297304.636321,10014.03,502,
ab634b82-8516-429f-af6c-9d282995f957,1782297294.722297,1782297304.729793,10007.50,502,
82410500-4f79-4119-bcb1-0f1edcc11e65,1782297294.772703,1782297297.513531,2740.83,200,0.07884635699883802
126b7c39-8ae9-44d5-addf-0902c912062c,1782297294.779274,1782297304.786354,10007.08,502,
141bb4a0-7662-4c1a-af75-c3c235c8cff8,1782297294.785126,1782297304.794419,10009.29,502,
391f00d8-76c3-4fd9-9709-a4e376fe22c2,1782297294.791549,1782297297.586122,2794.57,200,0.0727454289990419
17686a19-f6eb-48d8-9c35-9fa866f37518,1782297294.801014,1782297297.666006,2864.99,200,0.07841883699984464
2ee051e9-fca8-41ce-8c61-564468f328fc,1782297294.822297,1782297297.838962,3016.66,200,0.0896673670013115
92e6bc30-580d-4354-9428-59d6b203cc03,1782297294.838508,1782297304.888383,10049.87,502,
681ca04e-8bed-4777-8a52-6545d6cb8ef8,1782297294.848630,1782297304.856639,10008.01,502,
9dfcf5e8-d49b-4d6a-8c4b-6921450a673f,1782297294.877193,1782297304.884721,10007.53,502,
d749b177-0459-45ba-9a23-def41f1f1b29,1782297294.880633,1782297304.887338,10006.71,502,
9278ad21-d8f0-41a2-b362-12c3f5944f26,1782297294.889936,1782297297.838612,2948.68,200,0.07694438399994397
ba558d2c-cb77-4d45-9f89-5c98ec368bdc,1782297294.903342,1782297297.916933,3013.59,200,0.0733974369995849
24d9e296-636a-40f4-85d0-66a924a48db8,1782297294.920691,1782297297.985674,3064.98,200,0.07136891500158526
2c928b69-77a8-4a76-90c7-5a97a452a7dc,1782297294.964453,1782297304.971162,10006.71,502,
6e56d089-e93c-4fb4-be05-b1bab3a3f83f,1782297294.971135,1782297298.066464,3095.33,200,0.07881186600025103
080e80b8-01b1-48f7-9c98-28483a04353b,1782297294.991772,1782297298.244920,3253.15,200,0.08644767799887632
196de4e8-32c8-495d-8870-cf2ab4bf8025,1782297295.017692,1782297298.244434,3226.74,200,0.07833072299945343
277cde11-1748-4ccb-9c66-3e993fbd22e8,1782297295.018675,1782297298.404278,3385.60,200,0.08270112299942411
8886984f-a5f5-4070-a1c8-8ef23c64282f,1782297295.045223,1782297298.404004,3358.78,200,0.07415089200003422
1aa9391a-3f56-40bd-bb10-589be4333b73,1782297295.050428,1782297298.479407,3428.98,200,0.07442273200103955
2dd9c631-4527-47fa-8332-ecec62562cd0,1782297295.052224,1782297305.059493,10007.27,502,
236cfb53-ba1f-4909-90d0-6be4b70f5c12,1782297295.137447,1782297298.616704,3479.26,200,0.06694708100076241
678b31ee-096c-4a7a-9fcf-be51a722fdd1,1782297295.234328,1782297305.241954,10007.63,502,
2fd91b55-2c52-4949-b717-a7e4ff5a68ce,1782297295.344696,1782297298.617345,3272.65,200,0.06757983399984369
acd5057d-0f6e-4df2-a5bb-412a66f97cd2,1782297295.429630,1782297298.704178,3274.55,200,0.0861342850002984
9ec8e41d-dd4c-407f-abe4-18865353c1a0,1782297295.468855,1782297298.787858,3319.00,200,0.07836051400045108
13bd666b-3875-492c-8713-d69512a3e244,1782297295.493999,1782297305.507218,10013.22,502,
20789e42-54b5-46d1-85c9-44454294d6d6,1782297295.498845,1782297298.880938,3382.09,200,0.08888373300032981
b218c9fb-1c93-42e0-9878-46c9ec36f028,1782297295.503011,1782297299.038280,3535.27,200,0.07430118000047514
af0b6057-e070-4544-a010-e0937c484f40,1782297295.505349,1782297305.517969,10012.62,502,
213580d4-ce70-4f4e-b2b7-ae6469869702,1782297295.562824,1782297299.037920,3475.10,200,0.07889715399869601
6f88ff96-d401-4dc4-8ea4-d56c8f06ffad,1782297295.588467,1782297305.596441,10007.97,502,
821c64fb-ae69-4bde-8cb5-a6218b94e5ec,1782297295.624331,1782297305.635247,10010.92,502,
2bd9a9c0-f20f-4e67-8955-9c8333c886e8,1782297295.625246,1782297299.120641,3495.39,200,0.08019776599940087
c5642802-5c2c-46d3-bf2a-14f1418c8b3e,1782297295.724342,1782297305.731547,10007.20,502,
c5f1632f-7e5b-4a07-b86e-b641accbfbe4,1782297295.775410,1782297299.196159,3420.75,200,0.0748603779993573
9434aac6-fee1-4f18-82d6-21543cee0f4f,1782297295.782649,1782297305.789519,10006.87,502,
55d6f8dc-1db0-4b02-bee4-008911f84515,1782297295.788683,1782297305.799161,10010.48,502,
b974e4de-dda4-4420-9ab8-cfebbdcb9573,1782297295.793855,1782297305.802416,10008.56,502,
ca5c113d-1237-43db-8d7e-0a32f591960b,1782297295.803914,1782297299.265655,3461.74,200,0.06797677699978522
9fc5baf8-6fe2-4866-be1d-17ae3e21aae6,1782297295.825212,1782297299.333161,3507.95,200,0.06625917400015169
b62c4342-ca33-40b4-9de9-2734e86ebff7,1782297295.841611,1782297299.417683,3576.07,200,0.08340637200126366
48a1bcbc-84cd-4109-80cc-67b316b320a1,1782297295.852079,1782297299.493063,3640.98,200,0.07268152999859012
f053930f-b51a-4e98-b1ec-bc3cff7bd4b6,1782297295.878502,1782297299.671315,3792.81,200,0.07902035400002205
3dcdcf91-19ac-412f-acad-c86a21f4f8f5,1782297295.882568,1782297299.670715,3788.15,200,0.09462558999985049
3673da32-9a06-4c99-9f23-bfb0c0c6636b,1782297295.893909,1782297305.901997,10008.09,502,
0b68dac6-63f0-48dd-831d-2338a6a09e2a,1782297295.906304,1782297299.765255,3858.95,200,0.09303851299955568
823da6d7-abe2-45d4-8cc6-69ab4335152a,1782297295.923807,1782297305.932571,10008.76,502,
63055f70-3406-4e12-894a-9fd41d017ff2,1782297295.967124,1782297305.973210,10006.09,502,
f326f766-e424-4c26-9630-fded28a951db,1782297295.973557,1782297305.982097,10008.54,502,
1f05a485-e835-4f0e-aa47-a9f42a5f0154,1782297295.994727,1782297306.001031,10006.30,502,
46fc7683-f9ed-435b-856a-dd7bde9c32b6,1782297296.020306,1782297299.851299,3830.99,200,0.08456315900002664
43460900-1bdc-4e0a-8946-aade4755b72a,1782297296.021258,1782297306.034472,10013.21,502,
96d5cde6-55c8-41e1-92b1-e077f677025b,1782297296.047490,1782297306.053975,10006.49,502,
fdbc88ea-4996-4e65-bd21-2f6799982518,1782297296.053034,1782297306.063443,10010.41,502,
b2808bc3-537c-499c-acd9-01d8d0de7c76,1782297296.054684,1782297306.063145,10008.46,502,
4a83d28b-0901-4a42-b7b7-0b80eef8f12b,1782297296.139854,1782297306.176623,10036.77,502,
3e9f69f0-698f-4c5c-addc-69cc31836c40,1782297296.236418,1782297306.244159,10007.74,502,
b1f2898b-16a6-4f9c-ba7c-cb122b1ea41e,1782297296.349546,1782297299.948002,3598.46,200,0.09345204099918192
84c25545-7997-46e9-8dc3-9a3435c1e841,1782297296.429798,1782297306.437482,10007.68,502,
c43fb488-b98b-41e1-a6e5-c2efd1d1c31a,1782297296.462822,1782297306.470110,10007.29,502,
bc329bbe-2f29-4aa8-a93b-3c0daf4d266c,1782297296.487083,1782297300.039160,3552.08,200,0.08994598200115433
3424f85e-ddaf-4b8c-9fd7-934a91694ae8,1782297296.491926,1782297300.132770,3640.84,200,0.09180581700093171
ecb59679-0b5f-4bfa-9000-29e9f20e3109,1782297296.496504,1782297306.505423,10008.92,502,
3d554c37-ab2a-40fd-8ed2-2627c8320e2c,1782297296.497433,1782297300.203859,3706.43,200,0.0702296320014284
b3586a10-7c9a-412b-bf73-1128763480a4,1782297296.550289,1782297300.345549,3795.26,200,0.06654612300008012
64883b27-5b77-4111-bdc0-0b3459c98875,1782297296.574628,1782297306.586800,10012.17,502,
7434f4b0-fda0-4f9d-a696-6f1cf5ffaad5,1782297296.606748,1782297300.345152,3738.40,200,0.06601043199952983
032200f4-2ed9-4649-8c63-d26bd382c623,1782297296.607903,1782297300.511101,3903.20,200,0.07928664600149204
8e19767d-17cf-46ed-a80a-3ec4bf7381a6,1782297296.700251,1782297300.510731,3810.48,200,0.08413927699984924
b1d37d53-c0d7-4f73-ad52-5fe6166adb33,1782297296.746662,1782297306.753443,10006.78,502,
467bb0d0-b306-47d8-a541-2726a15fd26a,1782297296.753666,1782297300.653998,3900.33,200,0.07227241100008541
0763d456-e50d-4f57-ad85-bc647c0faf63,1782297296.758844,1782297300.654408,3895.56,200,0.06741254199914692
7f5d2f4f-a019-4fed-9956-649e85198b51,1782297296.763481,1782297306.771292,10007.81,502,
8ab14139-0f0b-49e2-85d5-4f94f07cf6d9,1782297296.773518,1782297300.801528,4028.01,200,0.07477667700004531
6546def2-63e9-454e-bf30-4bb571c9c793,1782297296.792942,1782297306.800774,10007.83,502,
ccca876c-6385-4a43-8581-94ab02c7fca5,1782297296.808492,1782297300.800930,3992.44,200,0.06943626800057245
3a4cf840-d912-41bd-8695-f4e5c6a9d0dd,1782297296.817143,1782297300.881461,4064.32,200,0.08043267200082482
35d9056e-afe0-48ea-8531-7c33fad86839,1782297296.841898,1782297300.960176,4118.28,200,0.07627466499980073
9c8f5569-7499-4eec-bf22-37c0ced9e619,1782297296.846142,1782297301.040818,4194.68,200,0.0764182160000928
e2869297-6a32-4525-8576-b8272a760360,1782297296.854384,1782297301.186276,4331.89,200,0.07402811799875053
811accb7-70bc-4be7-a02e-113081ae697e,1782297296.867156,1782297301.186507,4319.35,200,0.06862454099973547
adae95cc-461a-4949-9fd5-1130b4c11e48,1782297296.883127,1782297301.251311,4368.18,200,0.06437288300003274
1f673463-5ec0-43f9-bd12-9991725d5119,1782297296.923251,1782297301.322350,4399.10,200,0.0700290339991625
f2f3b5e6-a4aa-462a-b373-9dc25e45966e,1782297296.929659,1782297301.395729,4466.07,200,0.07195773499915958
b8e48a4e-1456-45e1-b416-d89fbdb0a945,1782297296.948182,1782297301.469707,4521.53,200,0.07191688999955659
df48726e-2de5-44b6-b0be-6a959218f554,1782297296.971905,1782297301.571767,4599.86,200,0.09746441599963873
b143d85a-216f-49e4-9543-4b329127ea8e,1782297296.972872,1782297301.729512,4756.64,200,0.07227030800095235
db5ecaf2-8de9-47a8-89b4-051a48345a6d,1782297296.997417,1782297301.727829,4730.41,200,0.07808056700014276
d73d3f64-1f9b-4a2e-95a3-d77e65176f1a,1782297297.003111,1782297301.870555,4867.44,200,0.1328631239994138
b50c1328-a315-48ae-9f81-78615b6556d2,1782297297.003966,1782297301.991459,4987.49,200,0.11825569000029645
c32aa245-812f-4806-923c-18c5178e2c47,1782297297.082526,1782297302.140283,5057.76,200,0.08400522800002364
b9cd8aaa-d5c1-494c-b265-89e24e0d0984,1782297297.171627,1782297302.139878,4968.25,200,0.06589917599922046
64d14f0f-bbcb-481a-9e78-948311b38aa8,1782297297.214692,1782297302.250241,5035.55,200,0.09675266599879251
ffdfc864-8fb1-42af-9d61-4e2688097a65,1782297297.224619,1782297302.367680,5143.06,200,0.11747335499967448
369449c5-1259-4b54-b2df-c573b4665b0a,1782297297.227927,1782297302.454196,5226.27,200,0.08571399199900043
6590df62-c2f1-4bf6-9ff3-23c6becf2f43,1782297297.354812,1782297302.530870,5176.06,200,0.07261560799997824
ed8e9e48-e8e6-41bb-a33f-ebafcd2367e2,1782297297.431644,1782297302.615110,5183.47,200,0.08300985200003197
7aefb1df-8acc-489d-9571-2861787e577b,1782297297.465822,1782297302.769727,5303.91,200,0.07764988800045103
c9e34390-a61c-40dd-ac4f-15e58949d7cd,1782297297.490223,1782297302.769117,5278.89,200,0.07311821300027077
859bb9e4-b81d-48bf-8562-7cd65b9d0905,1782297297.494438,1782297302.841374,5346.94,200,0.07249826100087375
6486426d-c181-4c8a-b310-20743d7502b8,1782297297.499395,1782297303.056828,5557.43,200,0.06660890800048946
04f1746b-ca9a-4f71-a321-3a0ccb6185e4,1782297297.500395,1782297302.918345,5417.95,200,0.0758313670012285
a6c85a62-0f41-41b9-89ce-605271790294,1782297297.554058,1782297303.056560,5502.50,200,0.06719112599967048
8868cef4-30ca-4eb1-9487-37a74bc4887c,1782297297.578282,1782297303.200414,5622.13,200,0.07315324099909049
11c51c39-2c67-4202-89e2-3d88f4c74cf3,1782297297.610397,1782297303.200211,5589.81,200,0.06861589299842308
f59c0c09-8095-42f4-b914-f53daec5b04f,1782297297.611402,1782297303.334185,5722.78,200,0.06737581200104614
d1535011-728a-4091-9a2f-e41cf67a36a1,1782297297.703016,1782297303.333668,5630.65,200,0.06321317899892165
3159b06e-78f1-4e04-97ae-f3410b1b2334,1782297297.750525,1782297303.421246,5670.72,200,0.0840894989996741
56baeea4-550c-43b3-a52b-1d5973f1f7e5,1782297297.756009,1782297303.603852,5847.84,200,0.08065109799827042
c6d9c5fc-c596-48ed-97d3-360bdbf4834c,1782297297.761629,1782297303.604476,5842.85,200,0.09113033500034362
f42940c6-9019-4bf4-94fb-4e693b9d7895,1782297297.767192,1782297303.680355,5913.16,200,0.07671509300053003
e55e817b-7955-4822-a984-b5c353fb8d15,1782297297.776208,1782297303.769988,5993.78,200,0.08623923599952832
8466fd9a-ebef-4f69-b433-bb36d8523372,1782297297.796425,1782297303.851868,6055.44,200,0.08086317400011467
11df865a-f4f7-40a8-896c-434a3095c646,1782297297.812027,1782297304.012686,6200.66,200,0.07715325199933432
0a6cf9d8-76e9-438a-b318-3876c172f8e5,1782297297.820449,1782297304.012335,6191.89,200,0.07374115199854714
251b3912-6c6b-4904-8d53-2c6040abece5,1782297297.845293,1782297304.085790,6240.50,200,0.0727406259993586
27ec784c-6c25-4ca4-af83-751186d76f3d,1782297297.849026,1782297304.252397,6403.37,200,0.085312913000962
6c27d574-12bd-4f8a-bcfa-da6123e116f7,1782297297.858057,1782297304.252071,6394.01,200,0.07551224500093667
fe02da9d-e587-40f2-b38a-dfb63dc16681,1782297297.870712,1782297304.323173,6452.46,200,0.0709153919997334
7b25c702-ce2e-408d-b3b1-d1b28571b0ac,1782297297.886802,1782297304.400297,6513.49,200,0.07553896900026302
e7cb98a0-0c80-4ff1-84a7-f4db2a4c96e6,1782297297.926260,1782297304.584990,6658.73,200,0.08536316299978353
d052859d-9a17-45a3-b91e-6a6abbc2eefa,1782297297.932122,1782297304.584396,6652.27,200,0.0930092649996368
49b8992c-e7c9-417b-a2fa-48a9771566d7,1782297297.952460,1782297304.676520,6724.06,200,0.09071435099940572
55c05734-1050-4dc3-ba1c-1098901cf89f,1782297297.975156,1782297304.783643,6808.49,200,0.10453514300024835
b3d95b5c-e0ab-45ab-9afa-772daa8d7f44,1782297297.976059,1782297304.860869,6884.81,200,0.07589978299984068
4389da67-e2c5-4d6d-9fda-62e60cb13156,1782297298.001028,1782297304.939695,6938.67,200,0.07400196599883202
7ac8c9d7-8bd8-4100-9043-9d80bcc9d5b7,1782297298.005563,1782297305.004010,6998.45,200,0.0647922660009499
f0edf550-4461-4440-8dc2-73026fed5a1a,1782297298.007176,1782297305.079320,7072.14,200,0.06881519399939862
f56a9e0b-6cb4-460f-a0e9-431850bd8d5d,1782297298.085827,1782297305.228863,7143.04,200,0.07139113099947281
3cb308d0-a590-42d0-8597-03b06586a8ce,1782297298.174606,1782297305.228307,7053.70,200,0.07352308500048821
8918b728-7357-4819-bb0a-873b4ea08275,1782297298.218206,1782297305.300644,7082.44,200,0.07225782699970296
229c5daa-9293-4b16-8a63-9531358e947f,1782297298.228177,1782297305.389433,7161.26,200,0.08574704899911012
121f8e3b-7731-442a-93ca-72aae69d019e,1782297298.231150,1782297305.472346,7241.20,200,0.08082181200006744
caae9397-a190-4d38-b712-903dc1a50c3f,1782297298.354690,1782297305.630698,7276.01,200,0.07536040199920535
836e30fc-d761-4de3-8c54-a829b610f321,1782297298.428962,1782297305.630157,7201.20,200,0.07707987200046773
25179a4e-9e04-4543-b68f-1621dbf50dd7,1782297298.461919,1782297305.693678,7231.76,200,0.06464286899972649
5b80afd7-edf2-4dc0-974b-201fbce80f7b,1782297298.484954,1782297305.781036,7296.08,200,0.08542330500131357
b7a96631-8193-4e46-a770-d30691fad7c2,1782297298.488782,1782297305.847177,7358.39,200,0.06434458299918333
91859080-2241-4453-852d-f5a7a9817b8a,1782297298.493424,1782297305.931277,7437.85,200,0.08222337600091123
d08bbcb6-f2f8-4b58-97a7-9f2971056afa,1782297298.494619,1782297306.013010,7518.39,200,0.08069647600132157
8a1dc69d-2b5d-417a-b60c-e160c6d1f79b,1782297298.545091,1782297306.087307,7542.22,200,0.07264206599938916
9f317de8-ac50-4238-a7de-f6b6a4c9d585,1782297298.567978,1782297306.154147,7586.17,200,0.06581225199988694
36bfdab8-fb13-4576-83cf-8962d4e2050d,1782297298.598776,1782297306.379667,7780.89,200,0.07843123600105173
2f04e6df-a961-442a-a4aa-63138db53985,1782297298.599628,1782297306.222114,7622.49,200,0.06648416999996698
c164396c-03a1-4d39-aa86-0caac50587a7,1782297298.687748,1782297306.380156,7692.41,200,0.07522253500064835
6109fa09-d725-4553-ab5c-8b00e35b904a,1782297298.731505,1782297306.464299,7732.79,200,0.07737558000007994
cc9947ee-377e-4a3d-84b8-0ae93c025616,1782297298.738424,1782297306.543640,7805.22,200,0.07791512500079989
197f9e66-c1d3-4e80-8473-bfef28540609,1782297298.742509,1782297306.618213,7875.70,200,0.07258834000094794
e03cebda-78eb-4f68-a00d-d2fa4653513a,1782297298.748343,1782297306.687806,7939.46,200,0.0676303470008861
992a15c0-b4c0-46e4-8e4f-ea7b235fdba3,1782297298.757829,1782297306.837081,8079.25,200,0.06561118299941882
ff42b568-1bfc-4f0d-9792-76041d2b68e3,1782297298.775951,1782297306.837430,8061.48,200,0.08094157300001825
f285530d-c6ff-4f3c-8734-2483a612bcea,1782297298.789874,1782297306.909991,8120.12,200,0.07247790200017334
c9d3e75d-57c5-4926-bd59-fb3d7194460a,1782297298.798794,1782297306.983436,8184.64,200,0.07223921100012376
0ff15a58-a617-4608-b367-b8fec3687d35,1782297298.822353,1782297307.055087,8232.73,200,0.06993459099976462
3098ec6d-a58e-4f1b-8cea-a09fe91063f0,1782297298.825798,1782297307.133575,8307.78,200,0.07658793500013417
ab649764-17a6-4ff3-b708-c3435c2d6f61,1782297298.834050,1782297307.204500,8370.45,200,0.06732845699843892
ef2d8736-1995-4c98-a754-519dae666c29,1782297298.846791,1782297307.368012,8521.22,200,0.08185388000129024
381230d0-b7c1-4f49-b494-26051ba4ace1,1782297298.860976,1782297307.367573,8506.60,200,0.07344456999999238
9526ec10-081c-46ac-ac5b-9efa3df4b1d0,1782297298.899552,1782297307.445627,8546.07,200,0.0767204789990501
c943227d-4f45-4495-aff6-93240b20b16b,1782297298.904733,1782297307.525999,8621.27,200,0.07915694499934034
dbcb11dc-b9d9-4b05-b141-105ea81afbec,1782297298.923159,1782297307.594163,8671.00,200,0.06637655200029258
8cac1b51-979e-454a-af7b-dff342abbe9d,1782297298.945787,1782297307.665906,8720.12,200,0.07017797200023779
82452690-9d21-4f5a-a8b9-6cf7a072f2df,1782297298.946447,1782297307.740064,8793.62,200,0.07100572600029409
b14de975-8b47-4e47-acec-d48d7c4e5b72,1782297298.970147,1782297307.817636,8847.49,200,0.0762132380004914
015396e4-4d7d-49d4-97a1-9731eebe9a15,1782297298.975382,1782297307.989748,9014.37,200,0.09055838600033894
bb1ca5de-098c-4a5b-a7f5-1498e4c5d5ee,1782297298.976838,1782297307.895823,8918.99,200,0.07514607699886255
7cc917ad-b70b-4b2d-a448-894b8062cfb4,1782297299.052110,1782297308.151059,9098.95,200,0.08069418400009454
fdb86104-f3db-4db9-a006-4ca714b80405,1782297299.135604,1782297308.150082,9014.48,200,0.07512913699974888
ca633b70-0ec1-4c91-87df-6b49746be3b9,1782297299.176311,1782297308.227711,9051.40,200,0.07838906200049678
12ca5822-dec8-4817-8a44-e1c5b83262ca,1782297299.185797,1782297308.379251,9193.45,200,0.07330683899999713
5865c00b-0183-4e79-b477-a50168c15c3b,1782297299.188307,1782297308.378741,9190.43,200,0.07319615699998394
390ebe45-2e36-4a43-a93a-cd2e92b56456,1782297299.217257,1782297308.443320,9226.06,200,0.06422644700069213
90181c32-df38-4a55-acfc-4bfb18ece38b,1782297299.232910,1782297308.584566,9351.66,200,0.07323277600153233
c332f1db-7f30-478f-95d3-4052c1a429af,1782297299.359788,1782297308.585297,9225.51,200,0.06417172699912044
554ca3e8-5b60-4247-9784-ca8d75ce2cd4,1782297299.439218,1782297308.647424,9208.21,200,0.06234168400078488
2dbe6669-d9a1-43a7-a7f9-1f501aa76281,1782297299.473295,1782297308.736699,9263.40,200,0.08454158499989717
6a68aab8-ea3c-4635-a7a5-bf7d348d1344,1782297299.497708,1782297308.825395,9327.69,200,0.08442649000062374
56ebceea-1817-4e27-a2d6-1df06d0689f1,1782297299.501751,1782297309.001829,9500.08,200,0.09809512500032724
78a0d0a1-6745-4eed-9114-c13c843a1ef6,1782297299.506572,1782297309.001441,9494.87,200,0.07237499799884972
74083071-2734-450c-b5be-00beaabc3339,1782297299.507425,1782297309.076148,9568.72,200,0.07393376499931037
c7e47918-703c-4898-b07d-58676d7adea6,1782297299.560486,1782297309.257190,9696.70,200,0.09803147899947362
33f48a3c-e498-4867-b005-5760e1d0f12e,1782297299.584907,1782297309.256825,9671.92,200,0.07607825199920626
5a4ba1d4-bb4d-4589-a500-7ce13b753795,1782297299.617879,1782297309.327707,9709.83,200,0.07054613100081042
129fcb0a-0ecd-4fcf-9353-b40575c812a3,1782297299.618453,1782297309.394789,9776.34,200,0.0660080529996776
950e0765-a22a-4e57-840b-a33f86647baa,1782297299.710697,1782297309.467741,9757.04,200,0.07164105099946028
a9001fd9-7676-47fc-8cfa-485ad0c715d4,1782297299.757687,1782297309.534787,9777.10,200,0.06528292199982388
d8c3575e-d86c-4e26-8448-47b550a7f905,1782297299.763850,1782297309.686225,9922.38,200,0.07932115599942335
ef5312ca-cf2a-416b-8344-0f2ef6ca681b,1782297299.768715,1782297309.686553,9917.84,200,0.06905409800128837
2ef75f12-0643-4eb7-94f1-03b2ad3aee1d,1782297299.774603,1782297309.784421,10009.82,502,
7a195b06-d154-47a1-ad05-21808644e7a3,1782297299.784201,1782297309.794853,10010.65,502,
ddde6c5c-b907-42a1-97be-3368f64fa596,1782297299.803536,1782297309.812303,10008.77,502,
1a875e9f-6200-4167-83ba-4c9061e970c2,1782297299.817670,1782297309.825176,10007.51,502,
d9e0482e-9214-4636-8256-44c2bbf7fa16,1782297299.826787,1782297309.834099,10007.31,502,
2ff47184-d46a-494e-a139-ca82c2d582c5,1782297299.852678,1782297309.863673,10010.99,502,
0817c2c9-791a-4b29-b88f-3349aaa11f9f,1782297299.855583,1782297309.864614,10009.03,502,
d209c4ab-9a88-41c6-bd79-54cf9ea2b647,1782297299.865294,1782297309.873094,10007.80,502,
9c792ddb-730b-40fd-905d-a8caa8cc54b6,1782297299.877920,1782297309.887628,10009.71,502,
fc20b038-43cf-4470-b32c-eb817acb93e8,1782297299.893113,1782297309.903067,10009.95,502,
55ff2164-80cb-4c7d-8abf-55084821ab20,1782297299.933634,1782297309.991454,10057.82,502,
b51d766c-09f6-4880-96d8-f2f64efd33ce,1782297299.939193,1782297309.951147,10011.95,502,
e17481d7-7697-44a7-8c87-6ddf8b86c170,1782297299.958532,1782297309.967565,10009.03,502,
6296cf88-0144-45db-9c32-e6d6b85f0163,1782297299.982336,1782297309.996521,10014.19,502,
0befc638-bad1-45b7-8b07-ba94483684a7,1782297299.983441,1782297309.997582,10014.14,502,
8392bf9b-74f0-46af-8e7c-4756f188c812,1782297300.007764,1782297310.017650,10009.89,502,
1c1ef52f-88a6-4710-8bf4-9435ecac60b5,1782297300.012991,1782297310.023640,10010.65,502,
99854fd1-808c-4827-a5b8-5a1a10f7ade7,1782297300.014643,1782297310.024593,10009.95,502,
5b65b83c-eddc-4e26-a5ff-55bfbbe566d3,1782297300.093314,1782297310.129246,10035.93,502,
1441d753-cbac-4dec-bbf3-2891f5b2e760,1782297300.181998,1782297310.189892,10007.89,502,
ccc27887-3569-45f7-af39-aa562ee59585,1782297300.224978,1782297310.232145,10007.17,502,
073d904f-c117-45e8-9cb0-182ac97c5ec8,1782297300.235004,1782297310.243642,10008.64,502,
abc608e1-e849-414d-aaaf-40e67360f285,1782297300.237942,1782297310.289016,10051.07,502,
f74b226b-c79b-491b-8fe9-c2365ef3dd44,1782297300.360461,1782297313.119730,12759.27,502,
4d868799-6c92-4c53-a8c5-e26e27c67052,1782297300.429800,1782297313.182906,12753.11,502,
c0bb49be-fe7c-4038-a956-ab089d3fd734,1782297300.460265,1782297313.211902,12751.64,502,
7f303e81-b8bd-4346-a2bb-53d18dc9e729,1782297300.481833,1782297313.233504,12751.67,502,
906bdf49-05d4-45ef-97c3-3126b9c1d8de,1782297300.485738,1782297313.237865,12752.13,502,
f8ae72aa-e50a-4e3f-ae9c-17e4db415196,1782297300.490113,1782297313.293809,12803.70,502,
da7e632c-b649-4112-ae79-21d577d862ec,1782297300.490826,1782297313.248404,12757.58,502,
fda1440f-83f0-4dc3-af3d-e75fcf2738ba,1782297300.537539,1782297313.289472,12751.93,502,
3e33883c-a74a-40f3-aab7-db8bd6863a77,1782297300.559062,1782297313.310045,12750.98,502,
dfaa06c0-a0ee-409a-8b71-db4a00d00d64,1782297300.587540,1782297313.391322,12803.78,502,
6d50d629-908a-4544-97a9-abe7e9193209,1782297300.588256,1782297313.340957,12752.70,502,
26dd45a6-7119-4677-8427-420db4af5144,1782297300.670339,1782297313.421339,12751.00,502,
f81dff85-5e44-4cc5-9f5d-b3c0a148f560,1782297300.711206,1782297313.463040,12751.83,502,
d52e2d3d-8ead-4c94-937c-b85b6140e4eb,1782297300.717159,1782297313.469443,12752.28,502,
3a344b8f-7b74-4b48-8dcb-9bf2ad2171ff,1782297300.722057,1782297300.724844,2.79,503,
cb3c5f94-ad4b-469d-9113-7933c7c5068c,1782297300.726294,1782297300.727436,1.14,503,
734e9cb8-25de-444b-845d-05b0bfa87825,1782297300.735001,1782297300.736356,1.35,503,
346a97f9-d654-49fb-970a-c7b1d08a16cf,1782297300.751774,1782297300.753942,2.17,503,
d241213c-aa45-4834-aac8-6d8b3ea1a58e,1782297300.765517,1782297300.767093,1.58,503,
4a879a98-7139-4c1e-815e-b2d29c3e36e0,1782297300.773670,1782297300.775973,2.30,503,
d22279c9-ed6f-497c-895f-7f94af951ebc,1782297300.795523,1782297300.796946,1.42,503,
ccdd3d99-b9e2-47a9-b125-e185979d2370,1782297300.798257,1782297313.549514,12751.26,502,
b7ebde2a-77e9-48ea-9b8d-ee9590ba6adf,1782297300.807095,1782297313.559114,12752.02,502,
1689d900-b07d-43b3-8f9b-95cbf0a86bdb,1782297300.818726,1782297313.571899,12753.17,502,
355ceca1-3c43-4e97-9562-1e7caa7c37ad,1782297300.831979,1782297300.834227,2.25,503,
2d83d989-2557-4e01-beda-199f06fe6073,1782297300.867760,1782297313.620124,12752.36,502,
f6d8986b-c1b7-495e-9fee-71bb505d1d0d,1782297300.873162,1782297313.627061,12753.90,502,
130d8826-80e4-4e03-8663-c1f1766566bd,1782297300.889520,1782297313.643687,12754.17,502,
bbdcd464-961e-4a30-89b5-33befae7b6a1,1782297300.910687,1782297313.667664,12756.98,502,
85e46cde-e912-46e5-ad28-328f24893f2c,1782297300.911641,1782297313.668847,12757.21,502,
8da9a885-771f-4ad1-a046-f4e7e2ab8e3e,1782297300.932642,1782297313.733618,12800.98,502,
e541e2fe-d612-46d5-89b3-b43799f8acc9,1782297300.937788,1782297313.738089,12800.30,502,
95f8b82b-5787-4074-860d-ff0b08ff47fd,1782297300.938577,1782297300.944226,5.65,503,
49eaecc6-9c1c-4b9c-9cd0-aab29e33e86c,1782297301.007802,1782297313.801411,12793.61,502,
c76546ee-d548-4fb3-aaad-eee8b0c122f8,1782297301.086222,1782297313.837559,12751.34,502,
fc2b39f3-a7f7-4c07-b244-dfebac58dc59,1782297301.125672,1782297313.877576,12751.90,502,
ec1f0d9a-9694-453c-b5d4-4f56b726105a,1782297301.133205,1782297313.884878,12751.67,502,
dd85526d-3c97-4d04-93c3-ffc993fe1bb7,1782297301.135823,1782297301.137685,1.86,503,
b55d2d1a-0cef-45a2-a1cc-8ab8e7654406,1782297301.163133,1782297301.165805,2.67,503,
e21cf302-370c-4ce0-9c5d-e51e2849362e,1782297301.176298,1782297301.177637,1.34,503,
d2de0200-40a0-4d47-b8f6-de1ab924e8b0,1782297301.179066,1782297301.180538,1.47,503,
d2926416-5136-4e2b-ae61-79738c699ae9,1782297301.194994,1782297313.945206,12750.21,502,
86cfa882-af7a-4900-a3aa-4605fffb5650,1782297301.195710,1782297313.945937,12750.23,502,
18a161b3-5e91-45aa-a761-ba8175310e78,1782297301.366856,1782297314.125987,12759.13,502,
114b2b9c-5d10-4455-9a90-8233e55d0af9,1782297301.442713,1782297314.237903,12795.19,502,
0c59a24a-8c0d-4737-b9a5-ce610a71f304,1782297301.474069,1782297314.229026,12754.96,502,
e9136995-39a6-426f-9d5b-54345a92ab56,1782297301.497541,1782297314.250384,12752.84,502,
9a1294d8-72e1-4a83-b33f-277d72f169ac,1782297301.501673,1782297314.258179,12756.51,502,
83450ae1-67da-498b-a7b0-7271932cff0f,1782297301.505417,1782297314.258914,12753.50,502,
d98d90cc-3d3a-47dd-8dbc-8ac3e174df28,1782297301.507197,1782297301.510803,3.61,503,
c807f5ff-5a62-4273-87a3-363a7d069e5c,1782297301.557523,1782297301.558728,1.20,503,
77ca72b4-045b-498b-bd15-be0a1cc08565,1782297301.580291,1782297314.331841,12751.55,502,
04995232-c851-4de5-893f-a7fe0de6d796,1782297301.611297,1782297314.365674,12754.38,502,
2dc998e3-124c-4292-9181-a3aaede3711b,1782297301.611809,1782297314.365454,12753.65,502,
2a039704-ba35-4fe8-8012-1387d793ae64,1782297301.699655,1782297301.701743,2.09,503,
09f605a6-be31-48bf-8b4f-f02b9e4ae8c4,1782297301.744263,1782297314.502660,12758.40,502,
9e4837bc-49c2-4955-88b2-1c68afe1aaad,1782297301.750268,1782297314.506148,12755.88,502,
2cb821e4-e4b4-4829-8972-b29fb9ed57e9,1782297301.755744,1782297301.759038,3.29,503,
187e23a1-f7cf-43c2-b759-fbe9fcd52821,1782297301.760716,1782297301.762103,1.39,503,
fafc9f1b-a818-4ceb-8170-888800d08f02,1782297301.769769,1782297314.526802,12757.03,502,
f99676c1-c013-489f-875e-9418efca9006,1782297301.787902,1782297314.543177,12755.28,502,
a9016069-442b-4bbc-a4e4-8669d171db60,1782297301.802263,1782297314.604156,12801.89,502,
07af14ca-a538-45a6-a601-10100cd48b48,1782297301.810539,1782297314.567419,12756.88,502,
0c056c2d-ddf0-47d5-8f10-20d9f0f49e59,1782297301.834347,1782297314.614089,12779.74,502,
a46407e7-2c29-47d4-b5fd-4cd69f9052ae,1782297301.838027,1782297301.846813,8.79,503,
6984ed73-df98-4eeb-a06a-b47f17a50032,1782297301.847312,1782297314.663434,12816.12,502,
2bfd5857-8272-4eb2-ab2a-33b0d98e4601,1782297301.858586,1782297314.620629,12762.04,502,
491c6008-be13-4d62-8dc9-b86ed25b5ee1,1782297301.874584,1782297314.628114,12753.53,502,
5c4060e7-6388-4dc0-a71c-eeee2e67b61c,1782297301.911608,1782297314.666987,12755.38,502,
9f23b92f-f37e-47cc-97d6-67960a02b958,1782297301.917360,1782297314.725579,12808.22,502,
79bde009-8392-4ca5-81ae-6639a99f7099,1782297301.935350,1782297301.937562,2.21,503,
0ae5c456-078c-43b3-a79f-ce96748e94d7,1782297301.958092,1782297301.979312,21.22,503,
ea8c7985-4850-4a14-a08f-d2bb42bf209d,1782297301.959512,1782297301.981086,21.57,503,
701fc1c8-e433-4368-b1ee-a98ba3ad6f67,1782297301.982586,1782297314.743186,12760.60,502,
c3d96366-13cd-4e8f-9186-3ae3990a1694,1782297301.986716,1782297301.990311,3.59,503,
a7f33f05-e7bc-4090-921b-7eb0d9d257bc,1782297301.989329,1782297314.744583,12755.25,502,
9f155e22-17ea-4142-9543-9e3ec833120f,1782297302.064099,1782297314.816674,12752.57,502,
59c38751-766a-4d89-b784-c69399e2ea40,1782297302.147491,1782297314.900851,12753.36,502,
4b64ded4-fd79-41f3-ba93-ffdd5bdcfba6,1782297302.188930,1782297314.941755,12752.82,502,
5d82d328-01f9-40ad-9d89-d91ac9950b1c,1782297302.197857,1782297314.961720,12763.86,502,
575a96b4-c10b-4e93-ba3f-d3e0f7688468,1782297302.200375,1782297315.019938,12819.56,502,
e69efa22-8351-48aa-baf6-46c7fee666e6,1782297302.228792,1782297314.983382,12754.59,502,
2b9e91c8-99a6-4fff-adf2-8977ad996343,1782297302.243813,1782297315.002158,12758.35,502,
aed959cb-b389-4274-aa09-4dd28e439aeb,1782297302.374252,1782297315.177330,12803.08,502,
6dee6d68-b1c4-438f-9eda-cd7d9f81fac3,1782297302.456286,1782297315.209560,12753.27,502,
5090ace2-27ae-4ba6-976e-af4708572bc7,1782297302.492483,1782297315.243551,12751.07,502,
3bab112c-cf80-45f0-89d9-4eca60a1b2e7,1782297302.518434,1782297315.271699,12753.26,502,
60fa3cdd-23cd-4064-b41e-af15aae830f3,1782297302.522740,1782297315.329886,12807.15,502,
a920dc33-be15-49c0-aaea-f02a9269202c,1782297302.527933,1782297315.288929,12761.00,502,
7a64450f-e9bf-43b5-b2fb-bbd1b0e488c4,1782297302.529001,1782297315.289591,12760.59,502,
b1680afc-1ece-4915-81e5-d14af20d8626,1782297302.585619,1782297315.340217,12754.60,502,
e36b9e9d-4c79-425c-ad6c-45b34805388a,1782297302.610612,1782297315.365629,12755.02,502,
e60efe38-b677-4924-b817-549296f2b1ae,1782297302.644633,1782297302.647619,2.99,503,
6c5d128f-aede-426a-becb-e13df977459f,1782297302.645376,1782297302.648144,2.77,503,
bb6beef6-a350-4974-9be6-70e587084da2,1782297302.742615,1782297315.496747,12754.13,502,
1ba0781a-8aa5-43e5-bdd9-b2bab6e76447,1782297302.792277,1782297315.544394,12752.12,502,
2e350ba9-c05b-4a7e-85f7-a96870b5cc95,1782297302.798804,1782297315.550772,12751.97,502,
0cb3896c-fe60-4f57-86e6-f7ce82ede1da,1782297302.804783,1782297315.601509,12796.73,502,
cbcb9480-44a8-4253-9bf0-803eb0ce142d,1782297302.810948,1782297315.562989,12752.04,502,
23dcaea2-51dd-4aaa-8bff-3b7071db9a5d,1782297302.820398,1782297315.573387,12752.99,502,
2327fc3e-b42d-4c36-a939-d1084a92a9c1,1782297302.841224,1782297315.593544,12752.32,502,
b93b3698-5ec7-4e32-856b-a6022b485f32,1782297302.857343,1782297315.609445,12752.10,502,
ffb47feb-b876-4222-87d0-13a4a2c64db0,1782297302.866341,1782297315.621175,12754.83,502,
81e94f8a-8cad-4646-a2fe-2b0263ab1555,1782297302.892672,1782297315.645053,12752.38,502,
ab276f3a-9894-4a2d-ae0f-3e0fa8ebb98f,1782297302.897324,1782297315.648738,12751.41,502,
277b2890-5736-40b1-a292-306cc811034d,1782297302.907089,1782297315.659454,12752.37,502,
22ca53a9-bd63-4b66-bb4b-41d2a72b5cd9,1782297302.918661,1782297315.670092,12751.43,502,
05c9c528-8e78-484d-b95a-88f182f4c0df,1782297302.935987,1782297302.938236,2.25,503,
056ef403-b400-4ba0-9b65-fc8f6236061e,1782297302.978764,1782297315.729831,12751.07,502,
e651162f-d014-4382-a20f-e869f32a0453,1782297302.984748,1782297302.987454,2.71,503,
8a37e0e5-b26c-47da-b140-4a55b541fd22,1782297303.004953,1782297315.756499,12751.55,502,
e33ff67e-7ea9-4edf-ab0b-abb8e13c258d,1782297303.030327,1782297303.033564,3.24,503,
797679af-b8a1-4937-ac99-f8cab92e421d,1782297303.031276,1782297303.033808,2.53,503,
5fb55274-207b-42a0-a834-8909e9fe9ee5,1782297303.057116,1782297315.808171,12751.06,502,
90c9eb65-494b-4537-90be-0035e21252e4,1782297303.063036,1782297315.814356,12751.32,502,
635df010-1bf0-4804-94ff-faecd3c2e1bf,1782297303.064922,1782297303.066635,1.71,503,
3ac15e23-7cc0-4597-bdf6-be5f2dbe654a,1782297303.147074,1782297315.909679,12762.60,502,
ff13a1b8-fe6d-4770-b7a8-6b3f25c22ed9,1782297303.240203,1782297315.992814,12752.61,502,
5fec7d14-cf7c-4c9a-b79a-eccf9426d8d0,1782297303.286957,1782297316.039292,12752.34,502,
1c80326b-1a8b-4f09-99f6-83f1059a0c83,1782297303.372320,1782297316.130621,12758.30,502,
c12155ea-1cac-4804-9f1d-305fb280d1de,1782297303.445271,1782297316.196340,12751.07,502,
e6cd002f-f182-4aab-a71c-9ae0e3aa1880,1782297303.476892,1782297316.228699,12751.81,502,
1e90fa3e-2f80-4bae-b9e5-f1be6e4895ca,1782297303.499025,1782297316.249967,12750.94,502,
e367edd9-382d-46da-b4c2-b908132139e7,1782297303.502972,1782297316.255568,12752.60,502,
7958031c-33e5-42e5-b0af-a09ae35b8185,1782297303.507388,1782297316.266533,12759.14,502,
06474899-b811-4edb-a69b-80629441070b,1782297303.508574,1782297316.264167,12755.59,502,
67aba037-8ffa-4745-9f06-18f109ae7862,1782297303.557825,1782297316.308410,12750.58,502,
0adf4bdd-4d4a-46b5-b45a-29fe0188bfdb,1782297303.580573,1782297316.336682,12756.11,502,
b6ef41ba-e5a4-45ae-a32d-cff982651dfc,1782297303.610187,1782297316.369592,12759.41,502,
002a838f-8dce-4fdf-9fcb-1e093187f5dc,1782297303.611300,1782297316.368365,12757.07,502,
106d6c92-5390-4696-aa60-877a61a4d42c,1782297303.696153,1782297316.448564,12752.41,502,
cb17c86d-6a30-468a-9525-5e195990ee14,1782297303.740326,1782297316.496018,12755.69,502,
44fd2256-49eb-49a3-932b-216ca1741b08,1782297303.745645,1782297316.498392,12752.75,502,
77ba42c7-849f-4179-96ad-6abe4a43b301,1782297303.750365,1782297316.506914,12756.55,502,
46fe73f0-fafc-4377-9799-c5616cea2091,1782297303.755364,1782297303.760458,5.09,503,
81d4f993-cedb-4343-bbe4-8789daa2ee62,1782297303.764094,1782297303.765655,1.56,503,
7d14818e-f13f-4a46-bc24-c9e7e8ff82c0,1782297303.783222,1782297316.535960,12752.74,502,
c3e31cb8-ff7b-49ef-a5fb-179b8ffe6f97,1782297303.797204,1782297316.593350,12796.15,502,
f224cc7d-c7fc-4c11-935c-48c428a359f8,1782297303.805107,1782297316.555481,12750.37,502,
4898bad5-e72a-46db-8364-b1de0b9793d7,1782297303.828421,1782297316.585562,12757.14,502,
de4a1f6e-ca94-4449-90a3-62d81ceaf4c3,1782297303.831747,1782297316.586900,12755.15,502,
71b1e57b-b2f4-4852-80e7-e34417e7d97c,1782297303.840432,1782297316.594658,12754.23,502,
19d98e5a-f95a-448c-bf93-c2cdd05dfcd0,1782297303.851773,1782297316.603831,12752.06,502,
236e47b2-07bd-4551-a2ec-4a4d9d764144,1782297303.865733,1782297303.869864,4.13,503,
f5f223c6-9530-49ea-8e01-7b4fa4b931e1,1782297303.903291,1782297316.654138,12750.85,502,
0cfc0967-4048-4eef-94bd-44ccef8dd20d,1782297303.908608,1782297303.910725,2.12,503,
758cecea-65d9-4e5f-bf89-b49847c2515f,1782297303.926490,1782297303.928198,1.71,503,
eaa2d125-7ef1-47e3-9101-bf4e16460971,1782297303.948632,1782297316.702111,12753.48,502,
71fb4a28-a6bb-4265-8e8b-6c8ed3fc7f40,1782297303.949316,1782297316.702528,12753.21,502,
a56d7599-8306-4bb7-807a-031a6dea6963,1782297303.972649,1782297303.974553,1.90,503,
d6abfde5-b43a-4137-b3e0-4ed59213cb48,1782297303.977076,1782297303.979288,2.21,503,
65fe5801-cfdc-4b33-a411-b4382a2f662a,1782297303.978298,1782297303.980957,2.66,503,
987831cc-505c-4ae4-9789-4ce3dc486899,1782297304.051437,1782297316.802361,12750.92,502,
cc728b2a-5d39-4831-ab4c-01ed0c9cd90c,1782297304.133386,1782297316.884624,12751.24,502,
49d962f8-41da-4051-b85b-447a067c8b56,1782297304.174374,1782297316.927084,12752.71,502,
d0c00cd6-a464-4066-af77-acf0b586fa51,1782297304.182166,1782297316.935606,12753.44,502,
29511f54-cee0-4e45-8b99-9d1970a27bff,1782297304.184731,1782297316.936904,12752.17,502,
4ef5f107-c295-4214-bef5-a77d622e4399,1782297304.213157,1782297316.965311,12752.15,502,
2e86b943-8541-4bae-8033-2201dfadd55c,1782297304.228760,1782297316.981959,12753.20,502,
2419de9c-805c-4b96-8ddc-b480a02d195a,1782297304.230226,1782297304.233291,3.07,503,
f7a79c29-8e01-4074-a866-e94e6b2cdbc3,1782297304.375785,1782297317.137069,12761.28,502,
756a9d06-ab8d-462b-bcd8-fb580cc4baf5,1782297304.452557,1782297317.250603,12798.05,502,
e6b071fe-6f3c-4765-9385-53a7a3ebdc92,1782297304.486324,1782297317.240096,12753.77,502,
30e2ef5c-035b-4d97-8405-2c643542b3a6,1782297304.510176,1782297317.280631,12770.46,502,
b8966ec3-1d03-41e2-92bf-20627eb94b8d,1782297304.514116,1782297317.279274,12765.16,502,
678cb7da-f091-447c-800d-2b567a43d7fd,1782297304.517986,1782297304.526102,8.12,503,
e5e67a41-a643-4c50-8da9-03124d22138e,1782297304.519491,1782297304.526893,7.40,503,
5c744d53-36f1-4e59-b0fe-ec8c0c82ebd0,1782297304.571533,1782297317.324534,12753.00,502,
85e83475-d8d5-4e33-881c-d3028e7ac045,1782297304.595005,1782297317.347609,12752.60,502,
ae76cd89-7dfb-42f4-ad68-e4dbb464caf5,1782297304.626177,1782297317.386781,12760.60,502,
ffdcdf92-128c-464a-be0f-ff1dbb89cfb8,1782297304.627367,1782297317.387544,12760.18,502,
b8756ec9-8ed6-4bd2-adb2-96bcc8fe7069,1782297304.718305,1782297317.476106,12757.80,502,
ae3679b0-3a7c-4dbf-85c2-2a47d62c379c,1782297304.762864,1782297317.517848,12754.98,502,
abaf879c-17c6-4e87-bc3a-44a4181bbf37,1782297304.768862,1782297317.523138,12754.28,502,
a8ac686d-8273-4da6-857e-7d3158eb44b3,1782297304.774432,1782297304.777140,2.71,503,
dbc9510c-3d36-4ce7-9363-99a7652cdeb2,1782297304.779663,1782297304.781332,1.67,503,
6c6aa21b-5f46-4223-bfe4-740f76472013,1782297304.788974,1782297317.541913,12752.94,502,
e4c7c94a-729e-4f12-b452-954e41615871,1782297304.807707,1782297317.559418,12751.71,502,
c9a3c226-a151-4964-8a5d-810e7082b160,1782297304.823385,1782297317.619036,12795.65,502,
74163308-b1ca-4ace-8656-723324f4b02e,1782297304.831372,1782297304.833683,2.31,503,
9d4f6724-c0dc-4770-9af9-ef86a57f6d4a,1782297304.855780,1782297317.609423,12753.64,502,
1ed55212-19fd-49ff-a270-fba14094dc22,1782297304.858951,1782297317.611406,12752.46,502,
05c7a059-1515-473e-8076-b781a6af0759,1782297304.868436,1782297304.872243,3.81,503,
e60529c9-87dc-44ba-af7c-221bf177a857,1782297304.879695,1782297304.880898,1.20,503,
05aa7276-0a21-4e06-9e17-39b95ce6a851,1782297304.895430,1782297317.646914,12751.48,502,
8890cf73-0d34-4187-9759-6bbd25794e93,1782297304.934829,1782297317.688170,12753.34,502,
a7181adb-36db-4eaa-a9ef-c08aa50a6cec,1782297304.940732,1782297304.946477,5.74,502,
979daee5-047f-4a36-a0eb-9afe68c85b08,1782297304.959040,1782297304.963598,4.56,502,
599868af-e553-4d28-b5d4-7863b4609ffc,1782297304.983254,1782297304.990961,7.71,502,
6bebb217-b53a-45c7-801d-74385a6d8c9b,1782297304.983848,1782297304.992752,8.90,502,
d97d0d84-7c4f-4067-bdf5-b3c3202743cd,1782297305.007274,1782297305.012463,5.19,502,
f3336c3b-5568-435b-8ece-fb618ff62e8b,1782297305.011532,1782297305.018294,6.76,502,
1b7a32a4-5ba9-4f29-999e-c3c1ea6712bf,1782297305.014153,1782297317.762687,12748.53,502,
faddfc9c-20ad-4555-9562-a6e88c9176be,1782297305.090837,1782297317.840122,12749.28,502,
abc1fb89-4c7f-449f-bec3-1cba1b4a7be5,1782297305.176070,1782297317.926286,12750.22,502,
ace842e3-dc0f-4845-817f-cd66f73762d9,1782297305.219285,1782297317.969026,12749.74,502,
baf814fc-077a-45f5-9bf0-abd8d8d380f4,1782297305.228529,1782297317.978453,12749.92,502,
412b91c9-1d6c-4b2e-910a-f60debb0741b,1782297305.230520,1782297317.980672,12750.15,502,
9a2facad-2b86-443f-a459-48bc29ca1bbd,1782297305.260065,1782297318.008895,12748.83,502,
9aea0a3f-4365-4bf1-81b9-97b2b8801f75,1782297305.384821,1782297318.143885,12759.06,502,
15b90065-5700-49c7-997a-80079bb4fe47,1782297305.475755,1782297318.227829,12752.07,502,
4fcd5394-fd58-4033-98b6-03dcfefebaf0,1782297305.515686,1782297318.265440,12749.75,502,
ed817897-67a4-421b-969f-e831065ab965,1782297305.544686,1782297318.296050,12751.36,502,
fabea4de-a5f5-4a1c-9355-482fcb941bd6,1782297305.548626,1782297318.299581,12750.95,502,
620aacc1-e3eb-47e0-9ba9-8110cc3bdefe,1782297305.553916,1782297318.305763,12751.85,502,
0ab9883a-cb8b-46d7-a3ae-e307e3c53ac6,1782297305.555233,1782297318.306694,12751.46,502,
7ffa087e-d5cb-4e9a-8f9f-397626f5efec,1782297305.616730,1782297318.367146,12750.42,502,
11cbef4a-ebb7-4a25-adad-b398a7456cdd,1782297305.643661,1782297318.392308,12748.65,502,
97bbb8e4-301b-49ba-b19c-dbcaeec27ac6,1782297305.682326,1782297318.433724,12751.40,502,
0a1bd59f-245b-4f90-be6b-95639810db4a,1782297305.683263,1782297318.436352,12753.09,502,
6866b4a4-93bc-4e4c-ab61-6b07c85f8e65,1782297305.789426,1782297318.538875,12749.45,502,
6cb4145f-1794-4c88-95ca-c6153ba4c854,1782297305.842357,1782297318.591793,12749.44,502,
ded9b8c4-6caa-482a-8a52-f38ff984f793,1782297305.849250,1782297318.599188,12749.94,502,
fccdcf49-2f19-4172-9a82-772d5523e64c,1782297305.855490,1782297318.603654,12748.16,502,
a2b1d3f6-9879-4d2c-91a9-0a08d97ab69b,1782297305.862010,1782297318.610590,12748.58,502,
707f3cf0-7efc-40c2-8660-f8be2e24ab37,1782297305.873938,1782297318.622997,12749.06,502,
ba9c65bc-23e9-46d0-b903-b3fe8d66f57b,1782297305.895729,1782297315.765250,9869.52,502,
268b2215-57e0-4fc5-9081-cf1f2f227977,1782297305.912368,1782297307.964738,2052.37,502,
aafc220d-0730-403a-b771-c82f5f43d8f3,1782297305.922837,1782297305.925722,2.88,503,
8bbe9896-6ed6-4509-b2a9-c5d2c5002f90,1782297305.951728,1782297305.957489,5.76,502,
cce62233-48c3-4e67-9eca-ed5117770c17,1782297305.955876,1782297306.973504,1017.63,502,
8feb2cca-f9c4-42c7-a354-6cf963182a22,1782297305.968009,1782297318.717190,12749.18,502,
63216a75-19fc-4b7a-9dc5-da1ffc03abe2,1782297305.981042,1782297318.730304,12749.26,502,
2136eb20-c552-4c8a-93c6-f1a29867b1d7,1782297305.999167,1782297318.748589,12749.42,502,
9cbcd4e7-4fbe-43ac-931b-92f91cbd85bd,1782297306.045784,1782297318.794007,12748.22,502,
c58373c2-30d7-44bd-bc0e-1b2841f5cae9,1782297306.052620,1782297318.801400,12748.78,502,
55b26285-bba6-46df-94ec-2d612a2dfe26,1782297306.074736,1782297318.824352,12749.62,502,
9c20ffbe-0de3-4148-a49f-d0975b197787,1782297306.101271,1782297318.849588,12748.32,502,
b8c404a6-10bb-4005-b3ea-af98f44be080,1782297306.102511,1782297318.851315,12748.80,502,
ae65a398-b4de-49a6-8e67-4e4be35b4cb5,1782297306.130973,1782297318.879853,12748.88,502,
34c44de1-be71-4512-94e8-5ed1396e1a5b,1782297306.136528,1782297318.887321,12750.79,502,
263c562f-2b88-4eb0-98d7-0329c5593a83,1782297306.138676,1782297306.141518,2.84,503,
3f917fb0-32b1-4f4e-a84e-426b4bf28b5e,1782297306.385888,1782297319.145315,12759.43,502,
a961fc5c-b664-4eb7-8519-3841df52b6e7,1782297306.464956,1782297319.215065,12750.11,502,
5fda1791-7c92-44bd-bcdc-bab9fcf73ffc,1782297306.501032,1782297319.251496,12750.46,502,
0b0a9b4c-847b-42c3-a76e-dfc1fea45008,1782297306.525511,1782297319.275907,12750.40,502,
75e40826-372b-4fb7-bb7b-36d59b4f70dd,1782297306.529775,1782297319.278872,12749.10,502,
a3b1ffa9-03eb-4abd-bbaa-1dad481e9c51,1782297306.535053,1782297319.285167,12750.11,502,
e033fa95-d2e0-4b43-888f-794fc9e551ea,1782297306.536382,1782297319.287626,12751.24,502,
3e847743-978c-465d-ad84-41f74865822f,1782297306.591456,1782297319.342185,12750.73,502,
14a050ae-1e7d-4a6e-b6e4-88547a9c20dc,1782297306.614990,1782297319.364743,12749.75,502,
1ee4b9bc-0e2c-465a-9f69-ec11d7698185,1782297306.648414,1782297319.398861,12750.45,502,
dc4384b1-a726-4721-bead-91f27e2ad792,1782297306.649204,1782297319.400728,12751.52,502,
884e924f-c750-45ff-8839-6ccd5de7c731,1782297306.743628,1782297319.493591,12749.96,502,
dcc03a7c-90ad-4d4e-9fe7-c9dc1b505dad,1782297306.792161,1782297319.541886,12749.72,502,
a4a7041b-ad04-4bf7-9868-9a56185378fe,1782297306.798371,1782297319.548314,12749.94,502,
660d14bf-b63b-443f-ba5c-b2517946d92a,1782297306.804244,1782297319.554457,12750.21,502,
219f4f57-ea8f-4a13-9c84-094a3ac95970,1782297306.809515,1782297319.558245,12748.73,502,
8507b26f-e74f-44d9-afce-1b0f73580828,1782297306.819361,1782297319.568968,12749.61,502,
8d7480a4-2659-425f-a1a3-775b77838569,1782297306.840677,1782297319.589436,12748.76,502,
71160853-ec84-4a5e-8e75-a08a8aac1223,1782297306.854661,1782297319.604717,12750.06,502,
c690d5f9-e60d-4466-9dbc-d2d1fdbf3e53,1782297306.864586,1782297306.867431,2.84,503,
ea60baca-3444-4684-b210-272f587fc01d,1782297306.889265,1782297306.891247,1.98,503,
b8637224-aa65-4348-af68-990aa4da256f,1782297306.893820,1782297306.895693,1.87,503,
a78ae15e-85d3-4b6d-bbc6-e5ddbf4fd918,1782297306.903321,1782297306.904557,1.24,503,
fe18ab59-1218-447b-b1e0-acf87f977b4c,1782297306.915071,1782297308.956909,2041.84,502,
0960bb1a-fcfa-4cfb-93b9-5b07e5781c3f,1782297306.931423,1782297306.933753,2.33,503,
23ae51c8-80eb-4f01-aeff-157bc575853f,1782297306.973291,1782297319.723896,12750.61,502,
6a06ab34-3310-44ac-bea2-cb5c2f627837,1782297306.979819,1782297306.981517,1.70,503,
017a0f20-93f2-4d41-bc72-36db15f626f9,1782297306.999036,1782297319.746862,12747.83,502,
155f53c2-26ed-439b-833a-1ed18e070e08,1782297307.023252,1782297307.026140,2.89,503,
9af2d97e-c6bb-4e26-bcc7-70003fd77388,1782297307.024187,1782297307.026488,2.30,503,
0f3418b3-3959-4dd6-8992-cfa847ee0b86,1782297307.049924,1782297307.051689,1.77,503,
77a8de30-861d-4fbc-97e0-e8e32ef2e69b,1782297307.055163,1782297319.803462,12748.30,502,
eb434151-cdc0-4df3-a093-5ce330dd7f92,1782297307.057093,1782297307.058651,1.56,503,
b9436d33-606b-416a-bd46-a582942a9bc5,1782297307.137220,1782297319.885479,12748.26,502,
d42c6362-a28f-4295-93b8-7612d3a88b3a,1782297307.228286,1782297319.978154,12749.87,502,
6ad77f6e-13b0-4aa3-8acd-7ef8b2983808,1782297307.272725,1782297307.275799,3.07,503,
b9883a96-975a-4447-9a00-b1301d8eb7ba,1782297307.282316,1782297307.283882,1.57,503,
bb5d7375-e068-4fbc-b024-5e64137a374e,1782297307.388544,1782297320.146967,12758.42,502,
80fd370d-3579-4ed6-832e-e570696976c9,1782297307.473212,1782297320.222155,12748.94,502,
9644afc5-2a46-42a5-90a5-53113a2a80ea,1782297307.511931,1782297320.262876,12750.94,502,
5f30eaa9-e5db-41c0-bed0-01eb707e9869,1782297307.536839,1782297320.284963,12748.12,502,
349a9359-6ad8-4c50-abe2-0c00be79c33c,1782297307.542632,1782297307.545525,2.89,503,
2a1565aa-2fb6-4f9e-8a72-6cde0a084dfb,1782297307.547238,1782297307.548445,1.21,503,
f6bbf20e-2ce8-4834-abef-650723add0ad,1782297307.548676,1782297307.549618,0.94,503,
eca024e5-a22b-4189-b640-764f06425202,1782297307.606011,1782297320.354620,12748.61,502,
a875c817-5954-4acc-b78f-4775c7e14091,1782297307.632537,1782297307.634245,1.71,503,
04067a57-880e-4446-bd56-ade8738d3568,1782297307.667609,1782297320.418288,12750.68,502,
a2ad0ff0-a214-4465-b052-9dc41b069202,1782297307.668056,1782297320.488100,12820.04,502,
95d54e3c-a86f-466b-a21e-08467c46b03f,1782297307.768645,1782297307.770678,2.03,503,
52fc31be-c2d6-4e90-9fd1-8a7d722815a7,1782297307.819300,1782297320.568063,12748.76,502,
323b01b0-dbe3-4b96-809b-83ead3121b07,1782297307.826538,1782297307.829145,2.61,503,
1f982b54-1787-43aa-a353-5000c11e2ff9,1782297307.831779,1782297307.833909,2.13,503,
e998399c-d327-4f07-a9a3-1bf26e33f0c9,1782297307.837351,1782297307.839551,2.20,503,
4e6efb02-fc4a-4fc9-907a-1d9427495e8c,1782297307.848229,1782297307.849552,1.32,503,
05ed539d-2226-4626-8c0d-af6d9e5f8422,1782297307.868996,1782297307.870524,1.53,503,
b41c9792-4e8b-46c7-ad4b-7de35d1b9f71,1782297307.885933,1782297307.887815,1.88,503,
46e105d6-542e-4df8-b244-4d5e445d3fd1,1782297307.895323,1782297320.644779,12749.46,502,
f2e05f43-7cb4-47b4-906f-4a47e440b53a,1782297307.923462,1782297307.925838,2.38,503,
94eea534-d76b-494c-b353-47159bff0b4f,1782297307.926079,1782297307.927494,1.42,503,
97979afe-06b0-4238-8008-338086b9ac43,1782297307.937906,1782297307.939442,1.54,503,
1d865ff0-bc74-4afc-abe0-3c821a3d8234,1782297307.950037,1782297307.951889,1.85,503,
9f4ad56d-e296-4de2-9e22-1ac1a56a03e1,1782297307.967330,1782297320.715491,12748.16,502,
e17e3a4e-da27-418d-bda0-33e78d2ba46d,1782297308.011293,1782297320.759032,12747.74,502,
bda479f5-381f-4cd6-85a3-e5e1d98286e5,1782297308.017033,1782297308.018800,1.77,503,
6fe14954-f552-43e3-a710-3513a4432996,1782297308.038357,1782297308.039929,1.57,503,
52b715bb-8d97-42fe-b844-072940d66bec,1782297308.063418,1782297308.066049,2.63,503,
31e812bc-ca2d-43cd-a040-7231b43d045b,1782297308.064969,1782297308.067512,2.54,503,
6a472961-52c6-4108-b90f-1e864cc35566,1782297308.091984,1782297308.093980,2.00,503,
076177a1-5bb1-4e1c-b6ea-682b2d624454,1782297308.097560,1782297308.099485,1.92,503,
3fa71e2b-be8d-4129-9ded-81c7509796d3,1782297308.098790,1782297308.100075,1.29,503,
f26365e7-e1ae-4380-bf83-9c4a1d6953ee,1782297308.183464,1782297320.931513,12748.05,502,
a88b19d0-60d0-454c-8ca9-ccc02490ca79,1782297308.280422,1782297321.029025,12748.60,502,
ebf7d09d-3103-4ea3-b051-2305cf3487da,1782297308.391860,1782297321.146881,12755.02,502,
750cfdec-4c8d-41aa-9be1-89f4d83c4cd2,1782297308.485211,1782297321.234580,12749.37,502,
6d63034b-ea03-43d6-ac69-8a78cd64a58c,1782297308.526021,1782297321.275219,12749.20,502,
8fa2518c-4f1a-4887-a609-339c68e9105d,1782297308.555139,1782297321.302689,12747.55,502,
e844d035-278a-4304-87be-e212a0e02a89,1782297308.559792,1782297308.561915,2.12,503,
78e66cdc-1922-4af6-a560-bd268b42e8b3,1782297308.565610,1782297308.566956,1.35,503,
254a49e6-bd36-4428-8972-d5cd435a0d92,1782297308.567226,1782297308.569025,1.80,503,
440a31b7-98cf-4565-ac8e-d4a1edadb655,1782297308.630534,1782297321.379328,12748.79,502,
a5ee38ab-499c-482b-88b7-fc6b4d34b4e0,1782297308.659009,1782297321.407024,12748.01,502,
e8a46035-9ade-451e-8187-92f4dcdeaa59,1782297308.697338,1782297321.448712,12751.37,502,
16e60226-65f4-4303-95e9-ed19a5d6f24e,1782297308.698774,1782297321.483705,12784.93,502,
259bd401-3a9d-408c-bd3d-4ddc8e48cc3b,1782297308.807733,1782297308.810483,2.75,503,
b650204d-46d7-4bfe-a72d-ccfffd01bcb8,1782297308.864101,1782297321.612653,12748.55,502,
162877fe-3ffe-4437-8feb-9e7113f8fbba,1782297308.871162,1782297308.874100,2.94,503,
c2ca886e-34a6-43d7-b270-c45d4ce87aa3,1782297308.877584,1782297308.879413,1.83,503,
22e389cd-ed57-4d28-a9e3-158866dc4f22,1782297308.883213,1782297308.884818,1.61,503,
4d407970-6b50-4694-9d2c-77d2daf23509,1782297308.895321,1782297308.896916,1.60,503,
46d08f35-daec-4bae-8e6d-8e629ebdbec5,1782297308.918448,1782297308.919839,1.39,503,
e3994bea-c11e-42d2-b81e-a9112131adec,1782297308.935256,1782297308.936509,1.25,503,
1c38b8e6-c2a2-4738-915a-05d12c4eebbc,1782297308.947020,1782297308.948584,1.56,503,
a6edb212-92e7-406f-a65a-2d14e755c83d,1782297308.976045,1782297321.724103,12748.06,502,
227c5728-e02e-46ec-a236-abe2b493bf44,1782297308.980889,1782297308.982728,1.84,503,
17e3b102-2540-4958-a1b1-deb2f3ec23a9,1782297308.991307,1782297308.992870,1.56,503,
d910441b-dd35-488d-be2e-35b431647e76,1782297309.005341,1782297321.753105,12747.76,502,
183e4d0a-d362-483d-a887-63945c5953ca,1782297309.025223,1782297321.773266,12748.04,502,
239654b1-bbfd-4dbe-a31c-c97fe46a8f71,1782297309.072847,1782297309.074638,1.79,503,
030a3a57-06f2-4dd7-b19a-fd48101a9148,1782297309.080082,1782297321.828371,12748.29,502,
49b6b63b-9293-4f31-899a-5e510cb441a7,1782297309.102281,1782297309.104210,1.93,503,
89d0b4a7-885d-4376-8fe4-7ac0953e2f50,1782297309.131705,1782297309.133678,1.97,503,
2afb4bc9-88d8-4bd3-a6e5-bf72041ff497,1782297309.132177,1782297309.135884,3.71,503,
24151ae9-1ef3-4b01-ac9b-c6c4fc581143,1782297309.161391,1782297309.163001,1.61,503,
a0b941cd-60de-4911-a9f8-8a438bb75c13,1782297309.167416,1782297309.168939,1.52,503,
30c5993c-ce9b-402b-88f2-9fcaa5bff406,1782297309.395100,1782297322.150296,12755.20,502,
41eeb952-c12f-4bc5-90bb-9dee18242d3a,1782297309.492472,1782297322.241877,12749.40,502,
9c4e067c-c7b6-42f7-a1a0-cf00fc4c23c0,1782297309.534327,1782297322.283719,12749.39,502,
2eeb5d5b-7afb-465a-9c92-50a3ef315eec,1782297309.563798,1782297322.314415,12750.62,502,
ecfbde76-3246-47dd-a5c4-eb28e095a92f,1782297309.569577,1782297322.318285,12748.71,502,
20522de2-4e10-4df1-94ec-4430ab6e348e,1782297309.574817,1782297322.323746,12748.93,502,
879262ab-3d78-453a-a326-a055ef3b9030,1782297309.577292,1782297309.580239,2.95,503,
d127c6a7-2900-4fb5-bba5-790483495f2f,1782297309.641986,1782297309.644073,2.09,503,
0f7279d5-50e1-44ea-917e-bd6c30f5f3fa,1782297309.671535,1782297309.672952,1.42,503,
5e2d24ea-e7f5-4f72-aa70-2f7577f14202,1782297309.711385,1782297322.461052,12749.67,502,
4138b686-bbd9-4a83-b034-f437b44228ba,1782297309.711893,1782297322.462297,12750.40,502,
bec7f66d-53c0-47a5-8883-9b33f225f67e,1782297309.824778,1782297322.573662,12748.88,502,
f152dda5-637e-4b58-929f-3aba4be6932a,1782297309.882489,1782297322.632920,12750.43,502,
394f2b96-f6d9-477f-bd51-1e86344adaea,1782297309.890555,1782297322.638927,12748.37,502,
de43a0e5-13e5-4d45-a0fe-906ea5d117fc,1782297309.896851,1782297322.646004,12749.15,502,
09ab8d89-989c-46ba-b6a7-6853aad4950b,1782297309.902949,1782297322.651054,12748.10,502,
7c0f1ba7-912b-493a-aafd-97e919d4108a,1782297309.914550,1782297322.663106,12748.56,502,
4300b6da-5d03-4475-b9d6-a0a0e0c374fd,1782297309.938745,1782297322.692508,12753.76,502,
f93b7c68-4e2a-481d-bafe-d8d85f4edb17,1782297309.956980,1782297322.707212,12750.23,502,
05aba88e-2bca-443d-adb0-d65f81901c77,1782297309.969906,1782297313.753681,3783.78,502,
7c3339f4-f994-4ff3-ac27-cadcea854c7f,1782297309.998431,1782297310.003681,5.25,502,
6c029af7-6d86-44b7-991f-1046571642ce,1782297310.003932,1782297322.751686,12747.75,502,
707a1553-a5f8-49be-b4ca-5631bab76a41,1782297310.014721,1782297322.764283,12749.56,502,
8b788a4f-9edd-4044-a9ef-e8c3e9c057ce,1782297310.030249,1782297322.781170,12750.92,502,
a309355d-8ce1-419b-a283-7d9b83fb0b90,1782297310.049135,1782297322.798839,12749.70,502,
c8e17c1a-33d2-4f93-8b4e-c7a4ee152318,1782297310.098695,1782297322.848292,12749.60,502,
ed9579f5-3163-4ed3-999c-60c2c2ed91c7,1782297310.105520,1782297322.869554,12764.03,502,
fb344d5f-ce16-4fd7-924a-e45ab897bcb6,1782297310.129585,1782297322.878867,12749.28,502,
cc6361b0-9472-4652-b4e4-bd8fde41cccc,1782297310.158609,1782297322.909781,12751.17,502,
ad4ee180-6396-4f92-a976-9728b58c438c,1782297310.160078,1782297322.911300,12751.22,502,
973219ae-3ded-4887-855f-2b943b35aa5d,1782297310.189814,1782297322.939207,12749.39,502,
94c84c90-e105-4eea-8bb9-6f660dc503e0,1782297313.156981,1782297323.169876,10012.90,502,
64b484d8-1836-4b45-91aa-fc9d0ea9e943,1782297313.239398,1782297323.244357,10004.96,502,
cf0eece2-7d8e-4540-93b1-c2686cf55c05,1782297313.275516,1782297323.280024,10004.51,502,
7226059e-9d37-4dfc-81dc-32ac07f41f06,1782297313.300328,1782297323.305087,10004.76,502,
ac53a9e6-70a0-4ce3-93e3-f9b14f10194f,1782297313.304963,1782297323.308390,10003.43,502,
c221cb73-c8d3-49fa-9e71-cbbb8c352c55,1782297313.310386,1782297323.318907,10008.52,502,
f86a9bec-e8fa-4c82-80b2-2ab720bda627,1782297313.311500,1782297323.318298,10006.80,502,
e1b86f94-8b75-4cc2-9279-bafa4aea43d3,1782297313.368476,1782297323.372199,10003.72,502,
4ac515fb-1683-4e95-b93f-43866c2e70d9,1782297313.393163,1782297323.397475,10004.31,502,
1c845f13-fb60-4e61-a7f3-8e30976b60d0,1782297313.427028,1782297323.432600,10005.57,502,
5ad789c6-3b24-4220-9852-7c44274b3330,1782297313.427893,1782297323.434326,10006.43,502,
97e1a0bd-0c8d-4d75-aa76-80b3f3118c6f,1782297313.525763,1782297323.529664,10003.90,502,
cfc25bd9-bde0-4382-b22c-8db732d5263e,1782297313.575461,1782297323.579126,10003.67,502,
ff949d27-82dd-400c-821a-2b3335c5e4ec,1782297313.581294,1782297323.586263,10004.97,502,
9b55811d-eb32-445a-88d7-89378c5a85c2,1782297313.587472,1782297323.592609,10005.14,502,
f5cb104a-2ac3-4d7d-993a-bfe846cad045,1782297313.593041,1782297323.599052,10006.01,502,
c3d779a6-ea63-464b-a139-1f6a161ce6e6,1782297313.603275,1782297323.605937,10002.66,502,
a7d0b79a-aef1-4917-b839-596ce89c32ed,1782297313.623695,1782297323.626953,10003.26,502,
1242c1c8-da32-4980-82a0-aa83a9dd8ff1,1782297313.639235,1782297323.644979,10005.74,502,
e843da29-5325-410d-8c52-af5cb163e71b,1782297313.648893,1782297323.652182,10003.29,502,
8f8da912-326b-49b5-95a9-2edf36003245,1782297313.674819,1782297323.678384,10003.56,502,
68ffaa82-a5d4-4512-887b-d7e79992aede,1782297313.679731,1782297323.683401,10003.67,502,
a33def79-d298-43b6-8077-cd5af0043b57,1782297313.688708,1782297323.694373,10005.67,502,
a25e797f-505b-46dc-aa2b-cff227d39b64,1782297313.701268,1782297323.705202,10003.93,502,
a379eaf0-e305-4afe-aeb3-41b70ed4e726,1782297313.718164,1782297323.722805,10004.64,502,
e9d91886-b0dd-48e8-a890-d3082fa3bc5c,1782297313.760845,1782297314.777432,1016.59,502,
026416b0-1797-4e11-a14c-9e0b315a160e,1782297313.767744,1782297323.773103,10005.36,502,
065084a2-39da-4bb9-8e2f-efb99c3b5440,1782297313.788852,1782297323.793810,10004.96,502,
31d5f4d9-d94c-4642-8846-e16ea90bc114,1782297313.812095,1782297323.819017,10006.92,502,
745f6f47-97a2-4e54-9850-3936d874de4a,1782297313.813584,1782297323.819917,10006.33,502,
49ccccbd-e9f6-4413-ad2c-b2eb0dcee02f,1782297313.839517,1782297323.843445,10003.93,502,
d78d4692-6009-487e-a2ca-fc707e38fa08,1782297313.845182,1782297313.847821,2.64,503,
961242f0-fbed-48b9-8924-4c6751827880,1782297313.846668,1782297323.887461,10040.79,502,
082afcfb-e036-4819-8de8-a8604add5cc6,1782297313.928923,1782297323.932575,10003.65,502,
449a95b2-dfdb-4db1-a08e-6265632c0b81,1782297314.022732,1782297324.026753,10004.02,502,
4cebe38c-1f2e-4bdb-83e9-0bfbe0b01019,1782297314.069360,1782297324.073543,10004.18,502,
89a503bf-b6c4-4584-91be-ababaeceb4b7,1782297314.145986,1782297324.156050,10010.06,502,
3eed9e1b-7c3a-4421-9844-28db10a3d28f,1782297314.233903,1782297324.237648,10003.75,502,
b44ae735-f4f4-4891-b53c-179a424db8a7,1782297314.272518,1782297324.277282,10004.76,502,
8eda2c8e-7cdd-427b-9597-346b98e2be8c,1782297314.300067,1782297324.304341,10004.27,502,
0eb4009c-1b95-49d5-8303-b31f8b0d49a9,1782297314.304232,1782297324.307491,10003.26,502,
d9affe6b-9eb9-4e05-8f67-b9f226365d2e,1782297314.309701,1782297324.315450,10005.75,502,
25a80675-db36-49a3-9b2a-7c9f935cc992,1782297314.310879,1782297314.315696,4.82,503,
1c2ecf53-1c94-4aa6-b9e7-932fb688ba78,1782297314.370405,1782297324.375157,10004.75,502,
740259e1-ff3f-416c-ace1-7881b75f7b0c,1782297314.397460,1782297324.401341,10003.88,502,
ac45bdf3-d715-4cad-accb-df8b9cdcd2cb,1782297314.433482,1782297324.504554,10071.07,502,
9d5ed001-6986-428c-b4b4-d6dac8f219ca,1782297314.434319,1782297324.437994,10003.68,502,
eb9757a8-c47f-4c28-bfc9-edf644b33794,1782297314.537478,1782297324.540935,10003.46,502,
1e072944-8861-43bf-8f6c-f2c97cd8f922,1782297314.590302,1782297324.594102,10003.80,502,
35d5b207-7bbc-4ab9-a1dd-c754dd5c1507,1782297314.597138,1782297324.601502,10004.36,502,
3937ffef-1cb4-4168-8d69-e1c4f89c5c69,1782297314.602511,1782297324.606667,10004.16,502,
5fb38877-f439-4b78-98a3-a85bfad873e3,1782297314.609251,1782297324.613978,10004.73,502,
cef2f722-b303-4f0e-8f72-af2f41a62b56,1782297314.620881,1782297324.625193,10004.31,502,
5e5424e4-95bf-43ea-837e-2fe023d425a1,1782297314.641720,1782297324.645356,10003.64,502,
dbffb0be-5f74-4474-8a8e-1bbc9694e95e,1782297314.658078,1782297324.661915,10003.84,502,
4a841883-d461-41a9-be13-467aad102903,1782297314.667912,1782297324.672602,10004.69,502,
c0ac6044-5d6f-4dea-8b7e-fe675fc0adf8,1782297314.697133,1782297316.758425,2061.29,502,
45728de9-935e-4695-9854-d7d37e27ad78,1782297314.700029,1782297314.701769,1.74,503,
531df192-5036-4599-be2b-48feb6cc6c5b,1782297314.710208,1782297314.712683,2.47,503,
89a0c7dd-a76b-4aa8-acaa-067e7e02d984,1782297314.724277,1782297324.729945,10005.67,502,
8f914174-afbb-4eb4-b68f-3d316f5755f2,1782297314.742396,1782297319.861877,5119.48,502,
0ff75b5e-5745-4552-a030-cec18b533052,1782297314.787025,1782297321.908951,7121.93,502,
89c30ee6-c983-45e4-8c24-2e4378d588d9,1782297314.793912,1782297324.798625,10004.71,502,
752d87e6-d117-4b50-af3c-87a8cf223cf8,1782297314.815036,1782297324.820408,10005.37,502,
a6cba22d-415b-4ff8-8b84-e5069e543b2a,1782297314.841200,1782297314.845403,4.20,503,
4606bfd1-3e11-49d3-be65-36c278768765,1782297314.842330,1782297314.845775,3.45,503,
4c2aa184-d95a-4555-8250-6399a01d791d,1782297314.870182,1782297314.871826,1.64,503,
92e3b7b1-73ed-45ab-8723-94c298a68a7b,1782297314.875434,1782297314.877906,2.47,503,
65910bb6-44b0-4147-b6db-09ec206a4029,1782297314.878293,1782297314.879927,1.63,503,
dc70618e-0c06-4f6c-92a9-59a02ec7704e,1782297314.965461,1782297324.968556,10003.09,502,
99e101e7-1801-4ee3-876c-9c12ea9c80df,1782297315.151876,1782297325.163661,10011.78,502,
4643d68b-a289-45fe-92a7-0b2d95bf3277,1782297315.251538,1782297325.255444,10003.91,502,
f39fbc7c-4873-4bc0-9661-5a2ce9701dc9,1782297315.295803,1782297325.300956,10005.15,502,
61513a1a-5335-4bc6-a3a0-66fc6fcee93c,1782297315.325933,1782297325.332566,10006.63,502,
efcf6baa-dc54-4061-8b4d-b4f6e9edb2d7,1782297315.332006,1782297325.342491,10010.49,502,
c1efebe7-cc75-48d9-9503-16d2d33c50ee,1782297315.336575,1782297325.345253,10008.68,502,
7664b29a-aa84-40e8-a5c2-b88933c85b23,1782297315.339142,1782297325.345029,10005.89,502,
dd1bcaa1-377a-41f1-a9d4-69e41ee4c64c,1782297315.406073,1782297325.411152,10005.08,502,
07ac7669-2bc2-4f88-a9c2-79bed0d794b4,1782297315.436525,1782297325.441010,10004.48,502,
8ca2e5b2-c040-4212-9627-62b671132e08,1782297315.478311,1782297325.485259,10006.95,502,
6e05079f-22b7-4fd7-a96a-8ef1c694cf8a,1782297315.479199,1782297325.485591,10006.39,502,
6381456c-2368-4153-8850-9f5db92881c5,1782297315.595450,1782297325.600140,10004.69,502,
5d5f2791-dad2-478b-a661-8e3aa3a24d8a,1782297315.654799,1782297325.659508,10004.71,502,
1d2297ee-dabf-4ed6-b538-c06896b7e451,1782297315.662936,1782297325.667737,10004.80,502,
1cd09c36-665e-46ea-810d-594e7141b696,1782297315.670037,1782297325.674680,10004.64,502,
8f996418-5296-4c3f-a61e-7e36181c3375,1782297315.676099,1782297325.680934,10004.83,502,
66b5b600-5237-43b2-94d7-ce352ef85fc6,1782297315.688857,1782297325.692759,10003.90,502,
f9d34875-a2c3-4223-8b8b-b68cd2471a0d,1782297315.713408,1782297325.717192,10003.78,502,
54340d69-b448-423f-9d7b-7336537d32a7,1782297315.731922,1782297316.758723,1026.80,502,
b6c47f5b-8a08-46b6-84f3-6133631fea2d,1782297315.743691,1782297325.747211,10003.52,502,
189a55a0-becf-4c79-afc3-881adf409062,1782297315.775168,1782297319.861877,4086.71,502,
8974b474-f01a-4f7e-a63a-42559ec7bda9,1782297315.779773,1782297325.788992,10009.22,502,
5d7cd95c-af7c-4f79-b86a-098052e0bd22,1782297315.791349,1782297325.795729,10004.38,502,
f62e292b-5bc6-4e5c-a565-5c8a83cea6e0,1782297315.806983,1782297325.810441,10003.46,502,
790a074a-6e90-4a40-919c-efeaba23c529,1782297315.827712,1782297325.833033,10005.32,502,
e3aec43d-a43c-456f-a381-7eec594b3eff,1782297315.878207,1782297325.882196,10003.99,502,
30277cc2-bb74-41b1-b98e-da1c5195b13b,1782297315.886209,1782297325.890521,10004.31,502,
e601b04d-a13e-42d1-be5e-21dec83cb739,1782297315.909553,1782297325.913580,10004.03,502,
71e8af67-faed-4470-a414-3400ea7db233,1782297315.939982,1782297325.944665,10004.68,502,
07489046-ee53-4fb7-99aa-2852e8ad83d6,1782297315.940871,1782297325.945495,10004.62,502,
7f5c1ffd-edca-48ba-a55b-3ce556460686,1782297316.152645,1782297326.162565,10009.92,502,
187ebeba-6494-4279-b24e-060d549be4b9,1782297316.246322,1782297326.250580,10004.26,502,
e3a21e9e-1f45-44e2-bc64-037c5cf890ca,1782297316.287557,1782297326.291461,10003.90,502,
a2006bab-bd37-4d5e-8bfd-4550037a8d1c,1782297316.316622,1782297326.321689,10005.07,502,
9c1aedfb-3241-455d-b320-615bfe2d659f,1782297316.320883,1782297326.325139,10004.26,502,
00f385dd-6b28-44b0-866a-5ed02dee5f04,1782297316.326488,1782297326.332568,10006.08,502,
322dbe12-ac41-4631-a14e-7159773bc2f3,1782297316.327891,1782297326.336673,10008.78,502,
c2297494-9c7a-4cf1-b753-430c2681a1c7,1782297316.390942,1782297326.395207,10004.27,502,
d08e1f1a-f8b0-4fd3-b5ab-f9f6d746d08b,1782297316.420386,1782297326.424438,10004.05,502,
023673ad-2f4f-4445-a625-461cb5dce2b9,1782297316.458874,1782297326.468611,10009.74,502,
02e5683e-a8b7-42c2-aafd-d343d946588f,1782297316.459838,1782297326.468416,10008.58,502,
9af8987d-7364-40a7-a912-b815176ab89b,1782297316.568480,1782297326.572643,10004.16,502,
b85e252d-32b1-43e7-ad3f-8389642c77ff,1782297316.624182,1782297326.627283,10003.10,502,
8ef204bc-b59f-4665-a2ae-71ca01fd94e4,1782297316.631822,1782297326.635199,10003.38,502,
8edb5af2-cabd-458f-8ba4-8829841a2871,1782297316.637588,1782297326.640672,10003.08,502,
8cbd05e9-4055-4e5c-ba38-70ffebe2fcfb,1782297316.643786,1782297326.648222,10004.44,502,
9ae76597-0ffe-4f63-9416-86e4aa7f6c19,1782297316.655398,1782297326.659507,10004.11,502,
763f0dad-466e-406f-9a58-fec3bfa12b0b,1782297316.678983,1782297326.682656,10003.67,502,
9f2b2c0a-a75a-42a0-8639-14834b7ba182,1782297316.696795,1782297326.700794,10004.00,502,
9f35163d-c056-49ce-a60a-37c61cedb2b7,1782297316.708582,1782297326.714504,10005.92,502,
fefe0566-20ff-4775-9096-81102f9de613,1782297316.737037,1782297326.740733,10003.70,502,
cc3decbd-5339-490a-82e7-5ace164eba19,1782297316.741379,1782297326.745697,10004.32,502,
5e58e8bc-61f7-4c4b-841e-2de582c0e8b9,1782297316.753504,1782297326.757148,10003.64,502,
0a3ee3f5-6bc7-437f-96bc-42b3203d8d6d,1782297316.766162,1782297326.770167,10004.01,502,
e1e81b8b-b258-4f55-8db3-9ca420372c58,1782297316.786725,1782297320.885135,4098.41,502,
6ef09fe4-e9d9-4e75-8b85-7ed00b00c2dc,1782297316.833541,1782297326.838422,10004.88,502,
c37b8278-1c85-4257-87ed-0462c5fb835f,1782297316.841132,1782297326.847234,10006.10,502,
667f5cbd-39a5-43f1-8bb9-68a8ac35c6ef,1782297316.862936,1782297326.865862,10002.93,502,
5e7c2e5b-786d-44a5-9f7b-cd499730adc4,1782297316.891851,1782297326.897930,10006.08,502,
b9ea3463-e839-42c1-8a5c-460abe94d389,1782297316.892672,1782297326.898494,10005.82,502,
8c4b2dc9-2eea-4961-be1b-ff1a77893c3a,1782297316.922997,1782297326.927246,10004.25,502,
d576e7dc-03e5-46ee-88d7-d58473435345,1782297316.927841,1782297326.932586,10004.74,502,
7f8aae84-a5b9-45a5-ab16-abfb7432b03a,1782297317.162933,1782297327.185128,10022.20,502,
5f056d29-9520-4af3-ba21-f548d6cf7c23,1782297317.254968,1782297327.261909,10006.94,502,
afe1fefa-e91d-49c2-8ded-0c7a5e9bd41b,1782297317.295983,1782297327.301153,10005.17,502,
397b0938-fdb3-4d92-a69f-6fd580387306,1782297317.325607,1782297327.331071,10005.46,502,
41dd11f7-f072-475a-9661-c831fbe63f1c,1782297317.330695,1782297327.336092,10005.40,502,
ea97e2e8-a8ce-45f5-857a-b1862732165e,1782297317.335294,1782297327.342917,10007.62,502,
2d2d61ef-c86c-4766-85a4-54a2eb56b948,1782297317.336875,1782297327.345116,10008.24,502,
60d93451-5c73-4a29-a104-0038eb29c8c2,1782297317.400233,1782297327.404836,10004.60,502,
18334b7c-48b6-4751-888e-ee012796e8a8,1782297317.429342,1782297324.641405,7212.06,200,0.07007815399992978
9de3f181-e52b-4662-9db1-51fc27b79cc5,1782297317.467015,1782297324.927304,7460.29,200,0.059850826999536366
cb134d87-3198-4428-ba69-33093f217e9e,1782297317.467961,1782297324.995754,7527.79,200,0.06712155800050823
cecbe217-177c-4601-81a3-89ca190e9977,1782297317.576977,1782297326.216343,8639.37,200,0.0721479959993303
3dea0116-6806-4bd2-a6c2-9d602e59e7ea,1782297317.632890,1782297327.271152,9638.26,200,0.0687744990009378
c4e379cc-7a74-442e-8103-1035cc5ea806,1782297317.640318,1782297327.349737,9709.42,200,0.0768001969991019
e0afdaf1-e879-4d80-ae12-01f3d9ae6b98,1782297317.646837,1782297327.612129,9965.29,200,0.07369669099898601
1b800fb0-a823-4a73-a1a4-502e6f05bd3a,1782297317.653177,1782297327.743397,10090.22,200,0.060313156000120216
9e26be92-d567-428c-afde-262bdd11e98c,1782297317.664556,1782297327.883738,10219.18,200,0.07135486900006072
e3d3f6eb-1dd4-4775-9568-39af9e2461b7,1782297317.688116,1782297328.457176,10769.06,200,0.08773857300002419
04ae8432-9b84-47a3-8c79-c281e833c48b,1782297317.705367,1782297329.201819,11496.45,200,0.07394212600047467
285572a8-dd60-48ff-943b-069e1f70fcde,1782297317.716847,1782297329.273312,11556.46,200,0.07026921500073513
bcb49763-f412-448e-a0ce-30ef1ca938c8,1782297317.746160,1782297330.157047,12410.89,200,0.07568263600114733
ad8d8fc6-d451-444f-a242-9236ef1d14a2,1782297317.750758,1782297330.304918,12554.16,200,0.06776755700047943
9685c6eb-d18a-4de2-a8a8-bf9ce2ffc2c6,1782297317.762374,1782297330.305165,12542.79,200,0.07685446300092735
03638120-d0f9-4f1e-9ccd-61e1e14e121f,1782297317.775923,1782297317.780905,4.98,502,
622e89c8-6e5d-47ec-bcf7-9de559d31b90,1782297317.795450,1782297318.809002,1013.55,502,
299b047f-f0a1-4028-b32e-ae64248c6799,1782297317.842390,1782297331.607120,13764.73,200,0.10338498999954027
935b1ea3-1db9-489a-ac3f-0bd9f32655a8,1782297317.850041,1782297331.760805,13910.76,200,0.07850154600055248
45209031-d42f-448f-a517-c0794061a08c,1782297317.872335,1782297331.760411,13888.08,200,0.0706967980004265
51e7b1f7-4ffa-4153-985b-53d751316842,1782297317.901335,1782297332.048611,14147.28,200,0.0661064060004719
a579c044-0e1e-4914-acae-850a0b65f0c4,1782297317.901915,1782297332.200086,14298.17,200,0.07343635500001255
86f6849e-e9fd-4b4e-ae49-63570463fbcc,1782297317.931498,1782297317.933575,2.08,503,
5c0fc852-b647-4898-9a6f-73cb4710965f,1782297317.936990,1782297317.938650,1.66,503,
1536cbd9-3a44-4a09-be57-f004756ddb0f,1782297318.162719,1782297333.218906,15056.19,200,0.08759442700102227
000623f3-de89-421f-857e-1fd5bc9f9109,1782297318.256483,1782297334.607038,16350.56,200,0.07208624899976712
77fff03d-17e9-4828-999d-239e2bd02e01,1782297318.297539,1782297335.451195,17153.66,502,
347cd03d-2150-418e-829a-f77f4e6278be,1782297318.326143,1782297335.466534,17140.39,502,
1cd77b6e-053d-404d-9ed5-5d2cfaa08afd,1782297318.331828,1782297335.468869,17137.04,502,
efdcec46-1b8c-4eee-811b-6000d5505fe0,1782297318.336365,1782297335.543095,17206.73,502,
962a6dc5-0c5b-4d80-bf50-2dbd953190ad,1782297318.339136,1782297335.543526,17204.39,502,
f288b312-590f-4055-9c39-234beaffa231,1782297318.402519,1782297335.570580,17168.06,502,
69a247c6-f4f2-48d0-bfd4-312404364e2d,1782297318.429490,1782297335.558697,17129.21,502,
4bf8e022-6862-429c-ac5e-322d8c343d30,1782297318.468391,1782297335.593205,17124.81,502,
fdc74d29-ceda-4827-a437-b51b6218fe68,1782297318.469265,1782297335.593495,17124.23,502,
a24d4568-8ce4-4188-acd2-878350a22f41,1782297318.578703,1782297335.720986,17142.28,502,
e1fbf469-b096-42f1-90ae-0ae22d66efd2,1782297318.634250,1782297335.794504,17160.25,502,
2b06cb26-0877-492d-819c-1d8dca705b3c,1782297318.641885,1782297335.794393,17152.51,502,
62688f90-0473-4389-955a-f93f0bb41829,1782297318.647825,1782297335.794119,17146.29,502,
e3e11378-79d3-4ce1-ac35-1588048069a6,1782297318.653962,1782297335.795190,17141.23,502,
5f9b42cf-d565-4873-9348-3427d69fd634,1782297318.666180,1782297335.819687,17153.51,502,
25c67cb7-77c3-499d-8dce-8b11555bbb6f,1782297318.689238,1782297335.820065,17130.83,502,
7b6457f4-d67b-4c09-8045-d459211923c9,1782297318.707253,1782297335.847353,17140.10,502,
75e736e6-ead3-409a-8686-6186e435033c,1782297318.717227,1782297335.890707,17173.48,502,
3cc12dd1-f440-4c69-b2c9-a472d4b3e67a,1782297318.747112,1782297335.882615,17135.50,502,
b32a21d3-06f4-4a2d-9017-3bb59dc2f5bb,1782297318.751499,1782297335.921610,17170.11,502,
879bbba4-efcc-4695-a7a5-809da891caf8,1782297318.763762,1782297335.912387,17148.62,502,
4117d36a-d160-4112-a1b7-2f1e5bce5929,1782297318.777114,1782297335.912012,17134.90,502,
a6000f70-e788-4fff-9b30-dba7a5423365,1782297318.795997,1782297335.942596,17146.60,502,
74f60efb-0ac6-4ec9-a0af-dbae2034cf0c,1782297318.843724,1782297335.974841,17131.12,502,
dcce039f-647d-4fa6-b4b9-8e52fdb5cc2e,1782297318.850700,1782297335.975047,17124.35,502,
a630047c-ddcd-4c1a-b7f8-a41101262f84,1782297318.873134,1782297336.006583,17133.45,502,
48acdbff-052d-4fbe-a67e-cd4f0fdeeb66,1782297318.901551,1782297336.039917,17138.37,502,
fbd6d916-602c-4778-b2f2-7fdbebdffca5,1782297318.902592,1782297336.039384,17136.79,502,
150a6e0f-37bc-435e-8b11-50ace9c23adb,1782297318.932140,1782297336.048293,17116.15,502,
39f566d9-6489-43b5-92c8-dec4a4e5aabe,1782297318.938537,1782297336.048497,17109.96,502,
df2fd43a-8eab-4623-8890-aeab7a207e0b,1782297319.167409,1782297336.054835,16887.43,502,
70ae163a-318d-4c1c-ad68-3dd959e9949e,1782297319.267988,1782297336.075639,16807.65,502,
7ddc8e37-082c-4fac-a543-545ae6e0910b,1782297319.311099,1782297336.076010,16764.91,502,
08e301b8-7b4b-4c4d-bc0a-fb13d4627ccf,1782297319.341438,1782297336.076340,16734.90,502,
2c8788ee-347a-40d7-8288-548d316e1240,1782297319.346557,1782297336.076157,16729.60,502,
3b65aa16-3af3-46c2-86d6-04879555437e,1782297319.352237,1782297336.076451,16724.21,502,
2f544eed-5c1c-4bcd-aa61-1b11a142e60e,1782297319.354666,1782297336.076555,16721.89,502,
8368d831-2411-410a-92ef-fea2577969c0,1782297319.421424,1782297329.426277,10004.85,502,
8222429f-f4ea-4900-b81f-49bc5705905c,1782297319.452233,1782297324.802203,5349.97,200,0.07875379899996915
29bd98e6-3820-4571-9ee4-0259acbe8954,1782297319.492912,1782297324.866285,5373.37,200,0.06392223600050784
482e9657-2106-48a0-8b2d-9ca50b3d2112,1782297319.493758,1782297325.154540,5660.78,200,0.08511021899903426
60b71ca5-aab4-4f78-9a6c-21a6a9edc391,1782297319.610425,1782297326.524834,6914.41,200,0.09458984599950782
deea66ca-2069-404d-8b50-2b06cb5686a7,1782297319.669827,1782297328.228436,8558.61,200,0.06208758299908368
3d066377-6a89-40bf-bb7b-3030e62de1de,1782297319.678087,1782297328.228201,8550.11,200,0.06563279100009822
a96aa760-08a6-485a-a796-19bde1880848,1782297319.684984,1782297328.097319,8412.33,200,0.08153914600006829
d02729ab-eb15-49c1-ba4b-0f71c65e4bea,1782297319.691743,1782297328.843085,9151.34,200,0.07489386700035539
1626a6a5-8626-4c96-a42b-7435f1b03f36,1782297319.703662,1782297328.763504,9059.84,200,0.06777920799868298
455130fe-6f3a-4211-86af-545803ca9768,1782297319.728906,1782297329.661426,9932.52,200,0.07075110200094059
c374b3b2-64cc-4806-8fbe-00116e0548b7,1782297319.747398,1782297329.660866,9913.47,200,0.07629857999927481
32c25abf-da3e-44de-8a4e-c29db2b8a7ad,1782297319.758978,1782297330.007793,10248.82,200,0.06996829499985324
4a7a852c-e120-4e6f-9921-97d86d30c319,1782297319.790613,1782297330.757657,10967.04,200,0.08181603699995321
936f8a7d-7dac-439c-9d28-8b9f187537c4,1782297319.795702,1782297319.798295,2.59,503,
a9d9002d-fe02-4b1e-90c7-91f11e4e38a4,1782297319.806866,1782297330.757977,10951.11,200,0.07813539800008584
6028b725-9453-4ada-9dbb-fd5df30add7f,1782297319.822989,1782297319.825054,2.06,503,
9d0306c0-c01e-4360-b27f-e96e0a8086dd,1782297319.842666,1782297319.844785,2.12,503,
9d33ad44-75f4-497c-bc8d-68be22f93eb3,1782297319.894219,1782297331.904197,12009.98,200,0.07022764399880543
0fa53d9b-5e7b-4e17-b6db-3c6123a455d5,1782297319.901124,1782297331.832770,11931.65,200,0.0722123659998033
f6bc05fc-aaef-4daa-8cf6-d50a08e6b645,1782297319.925434,1782297332.124640,12199.21,200,0.07458097700146027
003bec54-f6f1-4914-89ba-6a2ac19dcdf3,1782297319.954786,1782297319.956745,1.96,503,
28bcbc48-39c0-4596-84a2-36261c79e186,1782297319.956253,1782297319.957816,1.56,503,
c0ee3bc9-dd09-4ed4-bf2f-777645b3daa6,1782297320.171910,1782297333.043204,12871.29,200,0.0758079409988568
1a860cb8-59c4-49ed-b7d6-784ad5934c16,1782297320.256623,1782297333.952657,13696.03,200,0.08241372900010902
4cbdd122-8ffc-44b5-b037-ffe8b7b2fdc3,1782297320.293604,1782297334.534377,14240.77,200,0.06304119199921843
0413ad9e-491d-483d-87da-b70bf1c5caa7,1782297320.320390,1782297335.371405,15051.01,200,0.06671023800117837
f0860866-511e-4a5e-ada5-c63335a10dcf,1782297320.324354,1782297335.120744,14796.39,200,0.07656313400002546
ab25561e-1fd7-4d4b-854e-2a4bf7bb231e,1782297320.329647,1782297320.331827,2.18,503,
6b88f554-39e8-4c6a-a92a-bf7e9987ec72,1782297320.330847,1782297320.334333,3.49,503,
debaeedf-cee6-4fb5-9086-e917cc0655d6,1782297320.388830,1782297335.499170,15110.34,502,
ea9b276a-db3a-45a3-8040-2a8bc83bf771,1782297320.414968,1782297320.416378,1.41,503,
b76539a3-07fd-46a2-bbbf-faf7c898e962,1782297320.449788,1782297330.453353,10003.56,502,
778d1bf7-cf16-41d2-8f1f-22eef59c8bfc,1782297320.450458,1782297320.453663,3.21,503,
32753e78-8a8b-4612-ae53-7b44f18225de,1782297320.551221,1782297325.349747,4798.53,200,0.07094932200016046
80559473-b41a-4957-af09-ae15b2396ec9,1782297320.601423,1782297325.957956,5356.53,200,0.0584659649994137
a66a73ed-dd8b-4a1b-8038-c9c02073db58,1782297320.608815,1782297320.611157,2.34,503,
e81dc110-741a-452f-b266-72de6064c166,1782297320.614542,1782297320.616342,1.80,503,
4844b74d-0972-49a0-ad57-712f6e4098fa,1782297320.619842,1782297320.620918,1.08,503,
3e818ac6-a490-4a84-b2c0-ec03157b8a07,1782297320.631252,1782297320.632354,1.10,503,
3fd39d13-8604-4126-b3b9-e7da86fa8323,1782297320.651790,1782297327.202586,6550.80,200,0.07665773799999442
41631924-5ff3-4616-b71c-077579fef6e0,1782297320.667872,1782297320.669680,1.81,503,
ecb00b3b-3fc5-4b01-85e8-99c939b381b1,1782297320.678061,1782297320.679479,1.42,503,
1f40ca2b-165a-41c9-b5d4-d6edd688bd73,1782297320.704876,1782297320.705959,1.08,503,
4605e79d-e7a9-4b7b-9f8c-bbfb17d2fa84,1782297320.709306,1782297320.710370,1.06,503,
38791bf9-bb53-4fad-85db-ae8353fccf24,1782297320.718743,1782297328.694198,7975.46,200,0.07190752700080338
db32b875-7f01-4473-8dab-8b5de3966649,1782297320.733655,1782297320.735176,1.52,503,
c81b6f93-62fa-4432-aae4-f5334a0ae795,1782297320.749521,1782297320.750772,1.25,503,
f903f2fa-c242-4d61-a87d-5435d547d389,1782297320.793136,1782297330.079451,9286.32,200,0.0701128519995109
c5f95291-cf8e-48ce-aae0-cc103a787351,1782297320.799863,1782297320.801571,1.71,503,
3f26bf73-831a-4de5-b137-d0f89f74438e,1782297320.820855,1782297320.821957,1.10,503,
126e54a6-7ba9-40fe-b680-ae007fc99aef,1782297320.846362,1782297320.847504,1.14,503,
7b3ff795-7f1c-4c57-988e-34ddc16ada10,1782297320.846975,1782297320.848942,1.97,503,
2e3563e1-a7ec-46a2-a1cb-311f4920acc8,1782297320.874350,1782297320.875609,1.26,503,
e6d72722-6624-4b25-83c8-4e2c066216c4,1782297320.879995,1782297320.881065,1.07,503,
d6d698cd-8a5d-4205-9ed3-78e1ce4ec403,1782297320.881202,1782297320.882030,0.83,503,
4e001c19-d44c-436d-9961-1c79960e7218,1782297320.966431,1782297332.337661,11371.23,200,0.06705141299971729
9c850555-c03d-4777-a93d-0eb0941d6dd4,1782297321.063226,1782297332.486655,11423.43,200,0.07263730900012888
69686f86-eba1-424e-946b-5203da7cfde9,1782297321.171505,1782297332.869330,11697.82,200,0.0861889660009183
b506a128-7e04-4fdc-9e4d-85228bec97d5,1782297321.259312,1782297333.865568,12606.26,200,0.0744799759995658
442b24b1-5e4f-4bfd-9c77-90656cc56566,1782297321.298150,1782297334.396186,13098.04,200,0.07263598300050944
a7b0ade3-a7f0-42fb-9930-e58ec9fbb020,1782297321.325143,1782297335.301769,13976.63,200,0.09292676999939431
95932a99-ef90-408b-9f7d-2f065e5e7110,1782297321.329995,1782297335.302058,13972.06,200,0.08380212200063397
9636fe6e-1a38-4214-8498-2b75b40c13d1,1782297321.335311,1782297321.338020,2.71,503,
18ac1b43-a5f4-433d-8547-1c382c7e3445,1782297321.336527,1782297321.338610,2.08,503,
699314d2-b4ed-4516-b43f-01468bd4e0de,1782297321.396143,1782297335.499062,14102.92,502,
2c685e43-0b72-42f8-b8d3-be34c56c4aa0,1782297321.424094,1782297335.527988,14103.89,502,
5ca819aa-56a9-4644-94ba-06b24d6d0125,1782297321.459052,1782297331.463939,10004.89,502,
a5bf9f3f-3188-4a41-ab86-5120e1b9716e,1782297321.459980,1782297321.463042,3.06,503,
44b25bbc-7fab-44a8-b658-53fcbb53d75b,1782297321.562578,1782297325.213967,3651.39,200,0.059549891000642674
e6c8be11-f445-4639-aee0-62be349fddc0,1782297321.616488,1782297325.833097,4216.61,200,0.06626242399943294
a6d74d4b-f755-471f-9c41-38dbd225f907,1782297321.622148,1782297321.624150,2.00,503,
12cd4d73-0102-4167-8443-a078ff2b98d1,1782297321.628469,1782297321.629664,1.19,503,
b43231dd-da93-49f3-899d-bdb0bfc45094,1782297321.633972,1782297321.635325,1.35,503,
e60dd5a4-92ac-4621-8541-56a30ee3b288,1782297321.645748,1782297321.646902,1.15,503,
fac05029-aeae-4056-8aec-97b2e683b2fa,1782297321.667284,1782297321.668709,1.43,503,
1496d388-8648-4305-8009-1725f54fa629,1782297321.683168,1782297321.684926,1.76,503,
f61e38cd-bb93-4758-a6b0-93b834a7bf24,1782297321.693415,1782297321.694715,1.30,503,
7903066a-447b-48b2-9cc9-5cd4b8b40280,1782297321.722029,1782297321.723001,0.97,503,
d76936cb-f8e1-44d8-bc48-c4ebeca093e6,1782297321.726338,1782297328.015487,6289.15,200,0.06165225200129498
d59f05e2-53af-4a4c-bf96-fb06f62a5347,1782297321.737119,1782297321.738646,1.53,503,
3442d346-6f6b-4e8c-9faa-510a7d9e59e0,1782297321.750032,1782297321.751155,1.12,503,
f576239d-04f1-405c-9669-76203e4f3f45,1782297321.767516,1782297328.457594,6690.08,200,0.06849355700069282
19da3e64-4440-42ad-b1aa-df28f47f25ec,1782297321.812260,1782297329.936495,8124.23,200,0.06663467500038678
36995834-8ca5-47af-b9d2-038e443e79c7,1782297321.819752,1782297321.821279,1.53,503,
1bce8644-c0bb-4de3-b25e-57fb2540d96c,1782297321.840718,1782297330.589209,8748.49,200,0.07028969199927815
37a2aa6c-87b7-4f6d-9c82-a50adfd164ef,1782297321.866893,1782297321.870141,3.25,503,
22c1368f-e74a-4b8f-b95f-cc548aba8a48,1782297321.867974,1782297321.870699,2.73,503,
ec84f493-e4e8-42f6-8a49-cc63b71e9b8c,1782297321.896079,1782297321.897336,1.26,503,
7ddb1785-2325-4d88-bc85-1b693ee82a6b,1782297321.901702,1782297321.902656,0.95,503,
c829cebb-cfa3-4df1-9fc6-eb59265a3a9b,1782297321.902827,1782297321.903627,0.80,503,
0adbe7f7-a1d0-4391-b78b-918f791ad0c7,1782297321.991995,1782297332.268960,10276.97,200,0.06775019499946211
457cbc1b-d0ab-4c6a-826d-dc7c7727af80,1782297322.175173,1782297332.782901,10607.73,200,0.08172822400047153
c67b0bf0-a3b4-4ed7-b6a0-eb2e8d81ae72,1782297322.272876,1782297333.416003,11143.13,200,0.06883480100077577
28413c56-2050-4efb-91f9-76910a964b62,1782297322.314989,1782297334.534720,12219.73,200,0.07224547499936307
a1339cc5-a2ba-4798-aef3-979b4b2c2263,1782297322.344406,1782297335.451647,13107.24,502,
ee67b6c0-82b7-4693-8bd8-66f03ef04331,1782297322.350009,1782297335.451203,13101.19,502,
fb0af452-c9eb-4ed0-8e7e-2d986cf69548,1782297322.355486,1782297335.451844,13096.36,502,
f256abc0-fdf3-4aeb-8837-41a73ed40955,1782297322.356750,1782297322.360606,3.86,503,
c18c92f1-516d-4f4d-8b36-a095de972946,1782297322.422237,1782297322.423550,1.31,503,
552eaa5b-34a5-457f-ae47-1039cfc20b49,1782297322.452091,1782297322.453428,1.34,503,
f3213d72-87db-41c5-abe5-f3e0d5095cc4,1782297322.490796,1782297332.493748,10002.95,502,
41433630-fd9f-4bcb-8f8c-82cb60ba5bcc,1782297322.491390,1782297332.495851,10004.46,502,
cf84d0d1-65ed-4750-821d-543e45544164,1782297322.604547,1782297325.558910,2954.36,200,0.06176416099879134
fec414a6-c4bd-4c4a-be0d-e4592878b8e3,1782297322.662807,1782297325.833470,3170.66,200,0.06293065200043202
ec984e15-3b10-4308-bdbe-1bbec8a1fb8a,1782297322.670048,1782297326.429038,3758.99,200,0.07237768800041522
bbc073a7-cdd8-4c02-a2e7-804dc1334aaf,1782297322.677166,1782297326.597889,3920.72,200,0.07209498900010658
09c87c26-21b7-4cf1-be14-21d494206848,1782297322.683378,1782297326.661538,3978.16,200,0.06266117699851748
f19f0068-87c0-4ae6-886d-8d81f84f9199,1782297322.694770,1782297326.726099,4031.33,200,0.06246403899967845
7e527c75-70c2-4e30-93e2-9194244695af,1782297322.719316,1782297327.202511,4483.20,200,0.07923290700091457
a901e5c4-3e1a-442a-826c-9c3d6cb9e01e,1782297322.737763,1782297328.016209,5278.45,200,0.06655370799853699
ee57d671-cbce-4653-bbc1-63cd3c30cf90,1782297322.749060,1782297322.750641,1.58,503,
edf0ab4c-4ec0-490f-98b1-f0352d13f89c,1782297322.779164,1782297328.990234,6211.07,200,0.07499257800009218
46c21728-3380-47ac-8f5f-8dad1d62b317,1782297322.783535,1782297328.990635,6207.10,200,0.06918653300090227
7c71b473-7072-4133-a93f-d30d774eeeb5,1782297322.795126,1782297329.510441,6715.32,200,0.07929486700049893
b2c4aac8-6b95-4ac7-ab80-790658c90d49,1782297322.810423,1782297329.727754,6917.33,200,0.06668495799931407
1456ce33-c817-42d9-aa3f-8c56b33ff56f,1782297322.830680,1782297322.832792,2.11,503,
02752e39-e7bc-41bd-8ada-ec47e0112773,1782297322.879232,1782297322.882783,3.55,502,
cf11b6f7-9bca-4b1e-b823-5c2bee965a13,1782297322.886157,1782297330.821490,7935.33,200,0.0661574820005626
011c8bb8-508c-47be-907c-ad0b488912f9,1782297322.909083,1782297331.114058,8204.97,200,0.0726749129989912
32d4925c-e59c-4554-a1dc-aa730ae3308e,1782297322.938637,1782297331.505267,8566.63,200,0.07940369300013117
5836f7e5-675e-42f5-9ca1-cd332a56ec47,1782297322.939285,1782297331.333272,8393.99,200,0.07044172600035381
50e8abed-2fa8-4150-9a7e-c9200d5639d0,1782297322.970003,1782297331.981224,9011.22,200,0.07474094000099285
638047a3-b52a-4e83-997f-7be4ab334f4e,1782297323.179736,1782297332.616914,9437.18,200,0.06791546800013748
d4cfcfb7-3814-4fb1-81a8-b732568bb794,1782297323.278616,1782297333.557231,10278.61,200,0.06826908799848752
7be79bf3-80a4-4d24-9c75-d102d5bfebbc,1782297323.323451,1782297333.789237,10465.79,200,0.07455318400025135
300bc2d4-bc47-41c1-b5a1-90306f1eaca0,1782297323.353087,1782297334.667679,11314.59,200,0.05910941299953265
03fc459f-b3bc-49ec-855a-ca2e62a547e2,1782297323.358680,1782297334.739321,11380.64,200,0.07000963199971011
c8eb6624-0d7a-4f89-bc4a-ee3c8a264b4c,1782297323.364478,1782297334.819536,11455.06,200,0.07902469799955725
c3faf411-f782-49ea-9270-741bb00eb664,1782297323.366368,1782297334.894698,11528.33,200,0.0732899600006931
58996ee3-d4b0-4077-9126-6a8962e44c29,1782297323.433751,1782297335.499319,12065.57,502,
7dd3fd70-f974-4408-9a7d-ee1a5d0426b2,1782297323.464462,1782297335.570546,12106.08,502,
c7d36b3f-d681-4331-aadd-ef4ba243b7ae,1782297323.505105,1782297333.509099,10003.99,502,
0d511b0f-6ce5-4d75-9513-8f98fa34289f,1782297323.505723,1782297333.510164,10004.44,502,
4ecee69e-f75b-487b-85ac-1372b6c208df,1782297323.622894,1782297325.154187,1531.29,200,0.0673658850009815
4005acbd-1238-4a7f-b3cd-89559b3c06eb,1782297323.682508,1782297325.957595,2275.09,200,0.06404787099927489
de042a28-7c30-4d77-ab1f-9fa27a944d4a,1782297323.690205,1782297326.854826,3164.62,200,0.06407053799921414
145774d1-b278-4a2e-a4b8-d986cf40be60,1782297323.697232,1782297326.789740,3092.51,200,0.06297758199980308
decaff6a-c0de-4dbf-9bcf-68a80ca27cd6,1782297323.704130,1782297326.355312,2651.18,200,0.06309170500026084
f1f3b61f-a701-47cc-8dce-060ac426652f,1782297323.716513,1782297326.354994,2638.48,200,0.07262641300076211
0389274a-5bea-437c-a3bc-107aa12df6c7,1782297323.740806,1782297327.041138,3300.33,200,0.05370434199903684
58e6b25e-c83b-4810-a5ea-52c612579d7b,1782297323.759513,1782297327.810800,4051.29,200,0.06617645799997263
8d55cca2-b0bd-45cf-b14e-537b7c8952a7,1782297323.770994,1782297327.681798,3910.80,200,0.06891335100044671
14aff621-9113-44a8-865b-dad85d6c4a75,1782297323.802724,1782297328.622000,4819.28,200,0.08032935899973381
5567a720-fd0c-4480-9687-7aeed29db51e,1782297323.808066,1782297328.621717,4813.65,200,0.0812738900003751
d3984fb6-8196-4355-a275-bd5872951622,1782297323.819835,1782297329.510071,5690.24,200,0.0813626649996877
5a5610c5-2391-4ec5-8657-300c005e6ad0,1782297323.835289,1782297329.346231,5510.94,200,0.06652761599980295
a54727ed-2915-4c92-8cae-9760eb81b5cb,1782297323.855638,1782297329.868726,6013.09,200,0.06962591900082771
826be134-661a-44a1-9669-d738821c1003,1782297323.906048,1782297330.516888,6610.84,200,0.07553845299844397
27299bf1-ac50-4298-9001-9c1e6d4ba4ac,1782297323.913101,1782297323.918926,5.83,502,
73454b68-09bc-495c-b1b5-3c2f0152cc6e,1782297323.938638,1782297331.190668,7252.03,200,0.07717120000052091
0f2a40b6-ebbf-4ad3-a9b1-8f2f00ef8b75,1782297323.967489,1782297331.505376,7537.89,200,0.08403370800078847
d832aec0-34d4-4ae0-b9f8-58f4e38e78ff,1782297323.968467,1782297331.261024,7292.56,200,0.0687208390008891
9659f4d6-aeba-4240-8d2d-b5d9f650c211,1782297324.044712,1782297324.049740,5.03,502,
3ec16b93-59fe-4851-81c5-360f87d39570,1782297324.134230,1782297411.279481,87145.25,200,0.07072054499985825
0ced300d-e2c8-45c7-960c-081a66f903d2,1782297324.180201,1782297332.547262,8367.06,200,0.060571058000277844
4fd8311f-fed9-4711-83c6-092d5d598753,1782297324.271049,1782297332.965091,8694.04,200,0.08160007300102734
fd035649-cf09-4c78-9c96-8f5dcbd80c24,1782297324.311308,1782297333.487452,9176.14,200,0.0696169650000229
34051123-20a1-4f8a-bef1-b199a9898100,1782297324.339948,1782297334.322737,9982.79,200,0.06603646899930027
53dac15a-6062-4212-a767-d46d3883bd9d,1782297324.343794,1782297334.191393,9847.60,200,0.06593300600070506
0719826b-fb07-4cea-b7a6-ea789cd5b915,1782297324.349574,1782297334.123283,9773.71,200,0.07785455200064462
26010e31-c17f-4522-8103-d2caa30cf74c,1782297324.350596,1782297334.044290,9693.69,200,0.09039148299962108
ca0be7df-28a0-4843-9e36-ec9c2fb80864,1782297324.413033,1782297335.042856,10629.82,200,0.05951168100000359
e3aa3ad3-e3f4-4e5b-8ab4-cc4b91351f0a,1782297324.439772,1782297335.466403,11026.63,502,
1d814d13-179e-4fca-ac99-1b217b75c303,1782297324.478369,1782297335.499174,11020.80,502,
2665d179-b03c-4102-b736-ac4449deb864,1782297324.479096,1782297335.499465,11020.37,502,
57b03c0d-94c5-4dad-bf26-3ec9e0aa5cd7,1782297324.585058,1782297324.802973,217.92,200,0.07818519300053595
9b2e6787-2fe1-4a09-8d91-f0de9665e75c,1782297324.637687,1782297325.349747,712.06,200,0.06159349300105532
809565d0-ab4a-4a9c-ae48-4819fe91356b,1782297324.645159,1782297325.497248,852.09,200,0.07256901999971888
abdebf51-638b-4f4a-9219-bbc3bb80cad1,1782297324.651495,1782297325.496934,845.44,200,0.06743018300039694
98f59693-96c0-4071-8f76-fd7660df6489,1782297324.657835,1782297325.630331,972.50,200,0.06924408700069762
e3ac21de-bdd8-4743-800c-9c966eaf3a3e,1782297324.669163,1782297325.700573,1031.41,200,0.06866037699910521
e7908c1b-e5e2-4f27-86a7-d56a285b885b,1782297324.691538,1782297326.018251,1326.71,200,0.06019587400078308
f0ea9e6e-bcd5-48a2-9d37-de4c0c6337b2,1782297324.708016,1782297326.082534,1374.52,200,0.06169530700026371
5b8e28bf-0b21-4d07-bfbb-0a23010e5208,1782297324.719715,1782297326.142731,1423.02,200,0.059973571998853004
1cf36347-9e0e-47e9-96ce-2b4be9bcad65,1782297324.748067,1782297326.985493,2237.43,200,0.0638593759995274
53b04235-66a2-4ce6-a7f5-a4d4a78a046f,1782297324.752313,1782297326.985264,2232.95,200,0.06365275700045459
d155cd3a-e65f-4cb1-9338-88626ec8caf2,1782297324.763485,1782297327.440449,2676.96,200,0.08473731599951861
4ce5c1d2-ac8b-4bb5-a12a-e8c3f6692039,1782297324.776026,1782297327.612521,2836.49,200,0.09446762799962016
bbaa7469-ba3c-49da-b775-ed9087a56bca,1782297324.794689,1782297328.297252,3502.56,200,0.06829388000005565
0b68e660-cb6c-4176-a4ca-f2fad3cbb1af,1782297324.841549,1782297329.055738,4214.19,200,0.0650600699991628
82e70970-dc42-4e4e-8a23-c4b07ac0ced3,1782297324.848365,1782297329.125717,4277.35,200,0.06850700799986953
50345cf4-c21e-4e5f-b3fd-0f95a30b583a,1782297324.869602,1782297329.797828,4928.23,200,0.06868613899860065
16954946-5dcd-4de0-ad14-e06832111872,1782297324.897947,1782297330.379156,5481.21,200,0.07344528199973865
34edb131-3b05-4f1c-9d8c-92553404eb0c,1782297324.898589,1782297330.440117,5541.53,200,0.05953738300013356
5f9dd0e2-4e5f-4135-9c2b-aa049424d4a3,1782297324.926781,1782297330.898846,5972.07,200,0.07485258000087924
10229dc8-692e-4923-a9cc-731e18a40711,1782297324.932341,1782297330.963362,6031.02,200,0.06412618399917847
12c29e84-1d14-48bf-9464-1345bf0ab177,1782297324.934625,1782297331.114643,6180.02,200,0.07285978999971121
e4b47048-7f34-4a3b-9cd5-978328ed99a7,1782297325.181609,1782297332.487691,7306.08,200,0.07206570400012424
432acd93-4e98-42fb-8f00-41dfd305bbf9,1782297325.261982,1782297332.783008,7521.03,200,0.07719612300024892
16c839f9-2918-455f-9e79-8e38d31f7e43,1782297325.296818,1782297333.218303,7921.49,200,0.08050354700026219
2e122604-53d3-42a1-baf4-fc7629d9fb18,1782297325.321607,1782297333.286287,7964.68,200,0.06927165200067975
8032dce5-aac7-4ef8-9a68-4ee15b4c39b8,1782297325.326906,1782297333.345843,8018.94,200,0.05809118900106114
036c076d-1369-4444-9a71-9f7df4343119,1782297325.331235,1782297333.631807,8300.57,200,0.07362672599992948
b1c20c57-dc00-4340-bba0-2ae36653facc,1782297325.332281,1782297333.713767,8381.49,200,0.07960586300032446
1522b359-8c96-4564-bdb7-fe94dc43265c,1782297325.387221,1782297334.323132,8935.91,200,0.06283802100006142
b80eb297-a2ca-444b-9d72-6208cda44ad2,1782297325.411950,1782297335.042405,9630.46,200,0.08435314099915558
485e5a7a-f9c6-4370-994d-d1c1605aa8ed,1782297325.445260,1782297335.458182,10012.92,502,
503cd7a6-10ee-41cc-aa7d-4de696e045e3,1782297325.445802,1782297335.458587,10012.78,502,
a6dd6e74-67c9-4997-83d8-023ffa51368d,1782297325.540241,1782297335.546863,10006.62,502,
3c36bea8-b0ae-4d29-8728-3d1bdc381de9,1782297325.588814,1782297335.595703,10006.89,502,
63d8d819-1b9a-4c7b-b6d1-ad4880fac3a2,1782297325.595695,1782297335.602843,10007.15,502,
453aebd2-313a-48a1-aeda-b7017f797520,1782297325.600123,1782297335.607168,10007.05,502,
89390b00-14df-494c-aa82-c209d8c50af7,1782297325.606408,1782297335.614781,10008.37,502,
0a9be652-dcaa-4162-8ee3-45adb81684b5,1782297325.615548,1782297335.625342,10009.79,502,
8e737260-a017-4562-9611-8de05a8e7ada,1782297325.636161,1782297335.643852,10007.69,502,
4118ec87-80d4-40cf-8861-15be21dbcf8c,1782297325.651511,1782297335.661427,10009.92,502,
9ddf6d86-3b8e-4a2f-b464-7f44097835e0,1782297325.659961,1782297335.672442,10012.48,502,
1d942906-dd73-4429-9eee-a1cb3b6004b0,1782297325.686093,1782297335.693712,10007.62,502,
82fad0c4-a3d0-4891-8544-c3cfb73ff60a,1782297325.690396,1782297335.698160,10007.76,502,
bf602d82-3be3-4fc0-8bdc-40492c2a1801,1782297325.699644,1782297335.705137,10005.49,502,
0c0d5071-9047-4c41-8725-cdece01db840,1782297325.711826,1782297335.719647,10007.82,502,
ff94de33-4319-4701-8cef-dc3ceba2cd70,1782297325.728512,1782297335.733760,10005.25,502,
f1955ef1-45af-47c0-9f2b-cbcc4de674c9,1782297325.770056,1782297335.777350,10007.29,502,
49625a08-f6d0-4623-8a34-60c4785bb037,1782297325.775903,1782297335.838131,10062.23,502,
ecc3a005-70a2-4c1a-bc56-6a926d4d2bdb,1782297325.796415,1782297335.845505,10049.09,502,
cabae256-a8b3-4ae2-9644-c57c8c4e1153,1782297325.819369,1782297335.830002,10010.63,502,
4a9b2346-0d07-4b78-8b03-bba6d43b7437,1782297325.820487,1782297335.829586,10009.10,502,
3fa0ddec-a323-4bf2-81b0-6aa6e1d6e63f,1782297325.846596,1782297335.851448,10004.85,502,
6e59f648-d711-4ba0-a899-4154ec2c8508,1782297325.850882,1782297335.858657,10007.78,502,
9c4487e7-62d2-468c-acd2-e4ab33081603,1782297325.852911,1782297335.859913,10007.00,502,
3a26a5c8-3fbe-4578-a739-804fc4136ca4,1782297325.933105,1782297335.973789,10040.68,502,
ad11b2ff-a1b5-46ff-af5e-998fb770c2fd,1782297326.024911,1782297336.031220,10006.31,502,
50d63364-79ec-4f58-8b1e-4060bcbf30e0,1782297326.069230,1782297336.054945,9985.72,502,
a3b79ba4-c866-4a47-9794-3ae29aed61cd,1782297326.078926,1782297336.055152,9976.23,502,
edac484a-ce64-4ad5-bfe8-07979784e281,1782297326.186036,1782297336.055103,9869.07,502,
7186c09e-cf2c-4bed-8a5e-a8a600e30171,1782297326.285652,1782297336.055908,9770.26,502,
f2dcf7cf-1689-47e3-a35a-cc7b7ae2665b,1782297326.330230,1782297336.055393,9725.16,502,
33b19836-a696-4e3a-b9a7-567823b7cea9,1782297326.359863,1782297336.055695,9695.83,502,
f5db1beb-5836-4b6e-9208-14b37980a751,1782297326.365928,1782297336.055830,9689.90,502,
38ebdb7b-31ac-4438-9a25-5a32dc9b4170,1782297326.371100,1782297336.077087,9705.99,502,
5854527d-1de0-4be5-ad4b-f0c25a4a578c,1782297326.373627,1782297336.078163,9704.54,502,
2eb59367-cc2a-4b35-a675-31a56c1f73d6,1782297326.440740,1782297336.077882,9637.14,502,
569090aa-c4be-485e-86df-a1fd809b7789,1782297326.472254,1782297336.078508,9606.25,502,
8e691a5f-e917-4bf9-adee-a7c929e96ded,1782297326.511977,1782297336.076555,9564.58,502,
365fb5df-d2df-408e-8762-5d9a7270214f,1782297326.513151,1782297336.075769,9562.62,502,
13c86973-b71d-435e-a1a9-d29d88cd45f1,1782297326.629944,1782297336.076292,9446.35,502,
dbcf965e-f2e0-4ee0-aa4c-75187ea78f03,1782297326.688985,1782297336.077304,9388.32,502,
8f67d0b0-cf8d-40cd-8049-bfc6f4acfad9,1782297326.697242,1782297336.077202,9379.96,502,
49c3298b-c6d5-4877-bfbf-bfeacb23864f,1782297326.703818,1782297336.078294,9374.48,502,
46b37d2a-fd86-41f6-93e7-5e986bb980c2,1782297326.710975,1782297336.078617,9367.64,502,
aa6ffc88-868e-4d2c-98e1-8bf97af34afb,1782297326.723222,1782297336.076689,9353.47,502,
907c809b-e7d3-4022-84b2-358bc8531e2f,1782297326.747726,1782297336.077784,9330.06,502,
65a825ff-1991-47d4-a380-b6cfaa390016,1782297326.766006,1782297336.078394,9312.39,502,
71bce1fe-88d3-4f06-bf40-c243a7057f05,1782297326.777679,1782297336.077648,9299.97,502,
e9bd803f-1a85-4984-9bba-fbc6a3170c02,1782297326.809093,1782297336.076453,9267.36,502,
eee9f187-8b89-4ea2-abd0-e68ce5682553,1782297326.814374,1782297336.076806,9262.43,502,
017f2a15-4c2e-4e62-ad1e-b71b5e0b0b91,1782297326.825999,1782297336.076942,9250.94,502,
45c2a8ce-b32c-4a63-8a84-0733f80e17d9,1782297326.841274,1782297336.078023,9236.75,502,
d15f92dc-88ab-424f-964f-d981ff36f1c4,1782297326.862288,1782297336.131137,9268.85,502,
0e4e05bc-ce1e-4855-b68b-3dd2097d7d20,1782297326.913060,1782297336.131465,9218.41,502,
54bb54ac-8aa3-43cf-ab2d-931cbe7a7822,1782297326.920089,1782297336.128317,9208.23,502,
b6d70a5b-2af7-469a-bac4-4e51a2ae7550,1782297326.944220,1782297336.130205,9185.99,502,
fe0ca8d8-c4ed-4d29-94f5-a87cdfd1308c,1782297326.974637,1782297336.127652,9153.02,502,
0fc960e5-65bd-4bf4-8985-8c6e1d5d8262,1782297326.975425,1782297336.130657,9155.23,502,
4291c671-f0ab-4320-a4a6-5b21c06eb8fa,1782297327.190538,1782297336.127889,8937.35,502,
8754940a-d05b-4f53-ba26-10a92c226188,1782297327.289788,1782297336.127208,8837.42,502,
f265bb10-81e0-40df-899d-9c1b8da888da,1782297327.334515,1782297336.132396,8797.88,502,
4df713b6-5feb-40e3-b33d-2f66f4e562dd,1782297327.365489,1782297336.128160,8762.67,502,
225817f3-8b81-4098-b506-b986d18c8540,1782297327.370432,1782297336.131818,8761.39,502,
881142d8-fd68-4dd6-9de5-7fbb844fa9ef,1782297327.375646,1782297336.132653,8757.01,502,
bb7cebb1-8025-4dcc-aa0b-f288c2a4de57,1782297327.377787,1782297336.132789,8755.00,502,
58771f68-5e30-422f-931e-7dc20db5a86b,1782297327.445219,1782297336.129987,8684.77,502,
75e1a551-77a0-4bd6-856e-7119e3250ece,1782297327.475234,1782297336.126278,8651.04,502,
f2f4c247-f744-47f8-9e9a-018f7a8a47c7,1782297327.516841,1782297336.126882,8610.04,502,
4d016322-e00b-4626-8ffa-85a20361bb39,1782297327.517596,1782297336.127147,8609.55,502,
805ac8d8-e44b-4f08-a8ee-98ca24891c3d,1782297327.634248,1782297336.132159,8497.91,502,
2e264e53-7576-41ce-9a03-84c306a2d934,1782297327.693751,1782297336.126418,8432.67,502,
355c4ccf-83fe-428d-8f35-d465d17b44f9,1782297327.701492,1782297327.786699,85.21,200,0.07350729700010561
e6ca16e0-1956-4cd8-b01a-66ebe5b4bf8f,1782297327.708615,1782297327.859026,150.41,200,0.0729120480009442
c6ecd0aa-c252-4c7f-8509-e5a7393e997d,1782297327.714894,1782297336.127322,8412.43,502,
23fb3147-6151-46d5-8ab8-3fefebd24635,1782297327.727769,1782297336.130336,8402.57,502,
549addd4-6c37-410a-b6c6-bfac1c7de72e,1782297327.751683,1782297327.927793,176.11,200,0.06651584199971694
7801f827-64b3-4942-a333-866614452858,1782297327.770380,1782297336.127786,8357.41,502,
5b6f9be5-1c25-42a6-817e-95a9d469cc59,1782297327.782472,1782297327.985772,203.30,200,0.05780010800117452
00b79e04-e342-4f19-a64e-7d65e5de38ed,1782297327.814580,1782297328.064986,250.41,200,0.0780774039994867
fc5def87-cb32-45dd-a0c0-90cff3a0c2d9,1782297327.818441,1782297336.128894,8310.45,502,
fda75454-0547-48c7-bc55-761008baf215,1782297327.830862,1782297336.130145,8299.28,502,
8c86f097-da06-4479-9d3f-efbb39ca60c4,1782297327.846696,1782297336.125927,8279.23,502,
e7ec725f-1d94-4ba6-8299-03f4c0157bc2,1782297327.865580,1782297328.196617,331.04,200,0.06666242600113037
1fdddf90-e17f-4415-b779-035a513ae051,1782297327.916708,1782297336.130248,8213.54,502,
e0c20093-4cc4-4687-ab6b-ca53f8fa4f81,1782297327.924307,1782297328.196336,272.03,200,0.0611055879999185
0e1f1237-7227-42d9-8104-3b33c7ad58ec,1782297327.948282,1782297336.127565,8179.28,502,
78e8b465-636a-4734-8191-863daa5c3954,1782297327.978250,1782297336.128247,8150.00,502,
a7b81bcd-6386-493d-a1f1-63751bd5a7d2,1782297327.979827,1782297336.127075,8147.25,502,
2d4b90fd-18d0-433b-8831-d817b04a4309,1782297328.190186,1782297336.128470,7938.28,502,
a038b8d6-8dac-4e57-8a53-7c7a15419642,1782297328.277951,1782297328.361804,83.85,200,0.07027777100120147
3dde14e0-45b4-4f8b-9e29-0b5192c04b9f,1782297328.317491,1782297336.128906,7811.42,502,
6fad450d-ae9e-4803-969a-72bd17a4d169,1782297328.343540,1782297328.427160,83.62,200,0.06814993399893865
ad80eab6-98f2-4866-b8c5-20d32204fb9f,1782297328.348272,1782297336.127863,7779.59,502,
3f902ce1-33ab-4c0d-8cea-15a86a65548a,1782297328.354147,1782297328.512467,158.32,200,0.08364327600065735
f57ae21e-8fc8-4d3e-a3bc-57e7716bcea2,1782297328.355141,1782297336.128359,7773.22,502,
0bd23319-de25-4503-9ef5-5fa000e15959,1782297328.415879,1782297328.587731,171.85,200,0.07366582699978608
517d23f0-aaa5-4040-8c79-bcebfdb0700f,1782297328.441850,1782297336.129232,7687.38,502,
d83a4276-7ce8-4373-bafb-57f047e8a5d0,1782297328.478161,1782297336.129066,7650.91,502,
bcb3b47d-d028-4ee8-915c-faa2ad93aaff,1782297328.478922,1782297336.126454,7647.53,502,
005ac493-db6b-4753-8238-779ae336c177,1782297328.581915,1782297328.668769,86.85,200,0.07649235900134954
1c613f3a-6d57-4ca8-b67b-dbfb7fe101e0,1782297328.634247,1782297336.127681,7493.43,502,
96f1b62e-3695-4d18-9c7b-b0cb4ef64302,1782297328.641188,1782297328.733171,91.98,200,0.06425300299997616
a0600224-69f3-44ed-96c8-dac0518280c3,1782297328.647099,1782297328.798788,151.69,200,0.0641387109990319
3d023b74-0a1e-42ae-b0f6-2681583c23b1,1782297328.652315,1782297336.130968,7478.65,502,
8bc893a9-7fb5-470b-ae0e-9ae766bcf0b0,1782297328.663877,1782297336.131094,7467.22,502,
1746f33a-1fa9-4547-8a17-6cc0bfd3dcf6,1782297328.685251,1782297336.126592,7441.34,502,
e667ed42-ef1d-45bb-b6ea-317e279153dc,1782297328.702321,1782297336.132546,7430.22,502,
36468828-9478-4340-a953-60ab703ae28b,1782297328.711989,1782297336.127411,7415.42,502,
e874485f-bb77-4a0b-b2d4-e4d615242ab0,1782297328.739539,1782297328.873158,133.62,200,0.07247225799983426
700378d5-32c6-42d0-9f43-88bcc5cacf23,1782297328.744556,1782297328.939129,194.57,200,0.06530912400012312
329057ae-3abf-47e2-92a7-640455c0ff46,1782297328.755911,1782297336.132271,7376.36,502,
74ea2f7f-a4c7-44b0-95eb-5736206fb8f8,1782297328.767863,1782297336.126219,7358.36,502,
6b951299-d714-44b9-ad4c-450d58dfd245,1782297328.785496,1782297336.129519,7344.02,502,
31f84d1f-4b92-4b40-9cff-6890368b5a60,1782297328.831239,1782297329.084955,253.72,200,0.07035168500078726
47eb0975-a274-4f4a-81ab-04402bda36da,1782297328.837525,1782297329.084221,246.70,200,0.06932894199962902
9eb883e8-6838-47d8-9106-45a270f7dc22,1782297328.859019,1782297336.132745,7273.73,502,
eebede43-857d-408d-aead-63bc3c5df13c,1782297328.885613,1782297336.130776,7245.16,502,
c196c38f-9598-48cd-9bf6-8f654d2d3bff,1782297328.886203,1782297336.132969,7246.77,502,
d4297909-406d-4426-921c-8c4ea2a3b8f2,1782297328.914304,1782297336.132648,7218.34,502,
c6f46ca6-8142-446b-9a85-6876a0077fbc,1782297328.919838,1782297336.128579,7208.74,502,
3e86d9de-0636-4ae2-9b09-bf536f32827d,1782297328.921698,1782297329.148765,227.07,200,0.06535256099959952
30c07c63-cc20-4214-8722-5b7568f30759,1782297329.009508,1782297336.125555,7116.05,502,
a0cde3f9-30b3-461f-bcf6-9e5654e033e0,1782297329.194827,1782297329.276766,81.94,200,0.06569228400076099
52aa2553-5f86-4712-a469-4d84e67587bb,1782297329.291443,1782297329.364239,72.80,200,0.0662001529999543
7cac4926-fc58-448e-883f-ebe741f63ec4,1782297329.333589,1782297336.127862,6794.27,502,
59aa8189-8641-4449-a724-845dce36783e,1782297329.362818,1782297329.472224,109.41,200,0.09620051299862098
64acd380-5ff8-4e7f-988d-0f8b4631e62f,1782297329.368714,1782297329.555399,186.69,200,0.0824680490004539
30b2527a-4c3e-4915-871f-3b70406fc096,1782297329.373626,1782297329.622548,248.92,200,0.06510601700028928
ed4a4f72-60c1-49ff-8562-61d014860ab6,1782297329.376378,1782297329.698972,322.59,200,0.07447442000011506
9e369f93-e27f-4a7c-b830-929a34c39be4,1782297329.441511,1782297329.772079,330.57,200,0.07171022900001844
2bf25092-0a82-41c8-b083-2b7dc0472479,1782297329.470513,1782297329.836397,365.88,200,0.0640109609994397
40cb8109-c6d9-4cdc-94c1-5951cfd2fd43,1782297329.510289,1782297329.909686,399.40,200,0.07170546599991212
0f66c164-858e-4d2d-966e-704b292eeb2d,1782297329.510770,1782297329.975623,464.85,200,0.06491603600079543
71985719-e797-4dd4-a8f9-0f7cd15fd71b,1782297329.624129,1782297330.040331,416.20,200,0.06354023499989125
0d48af70-5f04-425a-8b55-8f2420fc6181,1782297329.681732,1782297336.130827,6449.10,502,
818cf006-8c35-4710-89fb-3a14bfba9685,1782297329.688975,1782297336.128705,6439.73,502,
3b28bc2c-6aad-4478-835b-56c3aa0875e6,1782297329.695388,1782297336.128990,6433.60,502,
c9d7c9fa-4d8e-49c0-970f-209a9ac4ba6c,1782297329.702347,1782297336.125965,6423.62,502,
54b4ea45-5de6-4793-914d-c17063647ebb,1782297329.714411,1782297330.112759,398.35,200,0.07133997599885333
7dac57df-a9df-4908-88e0-571aed0514f0,1782297329.738275,1782297330.186508,448.23,200,0.07180444000005082
e94f1a3a-d19b-4e77-b4cc-827510492306,1782297329.756709,1782297336.128548,6371.84,502,
15be2189-3206-4b38-929f-03f287c96387,1782297329.768140,1782297336.128887,6360.75,502,
b7181178-1f11-4283-b363-8f74fa69123b,1782297329.797458,1782297336.131388,6333.93,502,
142ea967-678e-400e-b1bd-fda5d04727c1,1782297329.802329,1782297336.128787,6326.46,502,
2744b8d5-e42c-4b5f-9860-01e2e38a1692,1782297329.813501,1782297330.263824,450.32,200,0.07627723800032982
35a59856-8ba4-4f24-9448-342a24126b47,1782297329.828901,1782297330.413430,584.53,200,0.07154516400078137
210e3a49-af61-40ff-b203-46b213562d78,1782297329.847823,1782297336.126305,6278.48,502,
d96c7ff4-a11a-4ad0-8598-2a0275e31bc4,1782297329.897718,1782297330.413697,515.98,200,0.07433699300054286
41c1bc23-1288-437f-adb8-59c91cea9142,1782297329.905111,1782297336.127725,6222.61,502,
6ee4e324-c731-45bd-af92-252deccc696e,1782297329.929121,1782297336.133042,6203.92,502,
83ea6d98-9af0-464b-9378-5d4491eb9c01,1782297329.957556,1782297330.481740,524.18,200,0.06769925699882151
c5caaf15-3f2e-447a-affe-04ae9d5bd9d3,1782297329.958306,1782297330.555676,597.37,200,0.0727594300005876
0533b088-f1bd-4178-b9db-5449490bc0d9,1782297329.990024,1782297330.619691,629.67,200,0.06263000100079807
2c762d37-8524-405f-bb4d-a1441c695412,1782297330.197190,1782297330.692946,495.76,200,0.07164309000108915
7465bbcf-30ce-45ba-a6de-7caf78673e95,1782297330.285201,1782297336.130522,5845.32,502,
cd7ea36e-b956-43ac-b790-fca886fe93c7,1782297330.324746,1782297330.771831,447.08,200,0.07701436699971964
85780470-5ae0-4249-b60a-074e5b086962,1782297330.350820,1782297330.858881,508.06,200,0.08381974599979003
c4d1950f-8ed8-4a6c-969b-24e62a9909bb,1782297330.355554,1782297336.126265,5770.71,502,
454afb8b-dea8-4d58-926e-7fca44d87c86,1782297330.360643,1782297336.132910,5772.27,502,
642c3284-2b8d-4ca2-aa73-fce7380e3ea0,1782297330.362627,1782297336.128236,5765.61,502,
739a4f16-2008-4f91-a714-baa179153bc2,1782297330.421849,1782297330.947518,525.67,200,0.083583499001179
4c01aa4e-99f3-4a5e-8b7a-12472f9481c2,1782297330.448729,1782297331.117988,669.26,200,0.08373354600007588
bae0817f-b85f-413c-b8f2-e1b614b69957,1782297330.485358,1782297331.189584,704.23,200,0.07064009199893917
81889aff-7a4c-4c09-8eae-caa3e3963339,1782297330.485962,1782297331.117463,631.50,200,0.08207341200068186
6eb1f869-d204-45a7-8029-4057dbdce6f6,1782297330.588192,1782297336.126707,5538.52,502,
c11fc017-b12c-48e3-ba67-b275c0125a60,1782297330.640648,1782297331.269491,628.84,200,0.07810810699993453
9d2895fb-7dfc-4417-a043-482522464319,1782297330.648441,1782297331.337438,689.00,200,0.06657762299983006
997d6e26-8ff5-42df-8de7-75b07cc688ad,1782297330.653562,1782297336.129263,5475.70,502,
868db68b-9d45-406e-a895-db3131389fe6,1782297330.659816,1782297336.130054,5470.24,502,
55438a8c-1f3b-487e-805e-48ecc1d2d577,1782297330.671579,1782297336.126843,5455.26,502,
fc8222db-2e5e-4c94-8da0-c8a5debf5718,1782297330.693342,1782297336.130945,5437.60,502,
7a5971b3-5be4-43fb-9f72-7f7026c9ab81,1782297330.709371,1782297336.128636,5419.27,502,
886916b2-47e8-4088-a089-31d604ee6f4b,1782297330.719652,1782297331.409490,689.84,200,0.0700833999999304
fbd1f29f-d031-4df9-a40b-714d4be0e0b6,1782297330.748062,1782297331.479978,731.92,200,0.06767566999951669
5cb33ba0-42ea-4aab-8919-86ae467b6fb1,1782297330.751547,1782297331.671475,919.93,200,0.1038059170004999
cfe717a9-603f-4ebd-8938-990ddf3185d6,1782297330.763124,1782297331.671124,908.00,200,0.0829204639994714
8ab411b1-bc46-47c8-82ce-5ffde2cab481,1782297330.775259,1782297336.131056,5355.80,502,
0024f008-dad3-44fe-bacf-5a6f4ee25f29,1782297330.792628,1782297336.130212,5337.58,502,
96c87111-5489-4a7d-bb70-bfefa8983592,1782297330.838500,1782297336.129548,5291.05,502,
89447a97-ae4a-4edf-92f0-cb6868d17257,1782297330.845051,1782297331.735302,890.25,200,0.06294428600085666
d96331ba-9c6b-4e62-967b-97ca5aae1dbf,1782297330.866358,1782297331.820623,954.26,200,0.08411423000143259
503499cb-4a8a-4e17-8149-56ddb5d30d54,1782297330.892455,1782297336.126533,5234.08,502,
f0104310-b402-4a79-bc02-e2ba75b1dd71,1782297330.893310,1782297336.126052,5232.74,502,
2fe7544f-6709-437e-9cec-74032c4cc92b,1782297330.922215,1782297331.888965,966.75,200,0.06662273700021615
0753994b-e55d-43e9-8103-01737d410364,1782297330.944427,1782297331.966161,1021.73,200,0.07518735799931164
fd443cb7-6031-490e-91d8-fc9487ec0c70,1782297330.944985,1782297336.132402,5187.42,502,
576d1cae-d4ca-48ba-be49-c5ff494fb619,1782297331.016120,1782297332.058116,1042.00,200,0.08621149499958847
32ff089b-87e3-41a2-a136-89c30e6869c4,1782297331.202332,1782297336.126163,4923.83,502,
d794fce5-b3cb-4ed6-839c-9d9ef02d5ef7,1782297331.292821,1782297336.129840,4837.02,502,
c44bf64d-bc7e-43b7-93c6-56082b3e4480,1782297331.332496,1782297336.131672,4799.18,502,
fcc5b305-9ef2-451d-9926-9f9763c67bfb,1782297331.359953,1782297332.214568,854.62,200,0.07885710200025642
6f6e51a6-e18c-4177-a5a3-60c814472759,1782297331.364620,1782297336.128104,4763.48,502,
dee65064-3538-4d4f-82e1-7e99ba52cabc,1782297331.369921,1782297336.130892,4760.97,502,
850b6720-2d64-454e-b850-33f71c041137,1782297331.372159,1782297332.213355,841.20,200,0.07396116399831953
c14c49a4-b139-40a0-8a50-147574e0d240,1782297331.433411,1782297332.287786,854.37,200,0.07400527699974191
06c14066-1149-4a55-a28d-61e8046fad41,1782297331.462059,1782297332.357910,895.85,200,0.06855037400055153
0ecfa304-f279-4409-b38a-cbf99056e454,1782297331.497968,1782297332.423393,925.42,200,0.06460398200033524
fada2b10-d1a1-4b30-85e8-606e7a593d09,1782297331.498906,1782297332.501114,1002.21,200,0.07519619499908003
a85c3a6f-fee1-40f4-9290-a892a37b671a,1782297331.605664,1782297336.132797,4527.13,502,
11bf3515-6036-46f8-9d20-025bd55e232b,1782297331.660863,1782297336.126454,4465.59,502,
e1466bfe-ea56-4f21-a2d9-22b9f494885f,1782297331.666421,1782297336.125571,4459.15,502,
f5405420-2e3f-4f7a-a374-fdebc39c6eb8,1782297331.671966,1782297332.644363,972.40,200,0.07708615000046848
38fbbfe5-6a3d-43ef-90ab-46f80b26145a,1782297331.678535,1782297336.127925,4449.39,502,
8cfc4ec7-b76f-41df-8e64-daae0b349396,1782297331.690286,1782297332.644092,953.81,200,0.06335455800035561
b9df6458-e156-4a9f-ac20-68746b8be3cf,1782297331.711908,1782297332.712861,1000.95,200,0.06821422100074415
0008f905-4062-4411-9649-8795bc23b5cc,1782297331.729695,1782297331.733129,3.43,503,
ee87d33e-cf67-4d85-b10b-29be8bbe4312,1782297331.739950,1782297332.789380,1049.43,200,0.07368161999875156
cc76d4b7-0ad4-4557-95f0-7fcb5259565c,1782297331.768312,1782297332.878209,1109.90,200,0.08553951300018525
a19d788b-44ba-4634-bcd8-182991b29b67,1782297331.773217,1782297332.956254,1183.04,200,0.0786343380004837
5730d3b6-f0d9-49fe-9fe9-f246d5b45f6a,1782297331.783193,1782297331.786966,3.77,503,
40cedb64-c427-45bf-ad1a-1e828f6a1d51,1782297331.797688,1782297331.798995,1.31,503,
e6131afa-bcd6-4c5a-b94e-f0c14dcbb48a,1782297331.815413,1782297331.817379,1.97,503,
eb3a8cc8-e9f4-4bdf-9206-02f505051bb7,1782297331.861839,1782297333.026036,1164.20,200,0.06788396500087401
d3fb44f0-3d6b-4c85-a14d-45cf3ad8ff6c,1782297331.868775,1782297336.131867,4263.09,502,
7f01327f-2ba5-46a3-a414-019e2f0a6a67,1782297331.891333,1782297336.127195,4235.86,502,
57e42535-4d4d-41b0-b7e4-c64829052fd4,1782297331.918160,1782297336.127344,4209.18,502,
959b35b3-4e2c-4c73-9117-b8b77a91ebf4,1782297331.919222,1782297331.943885,24.66,503,
080725ac-ed2b-4e4c-bc50-8b36b1bb0d85,1782297331.948243,1782297331.949304,1.06,503,
3a7c9250-ca92-4bf2-b8d5-921a3c4adee0,1782297331.953746,1782297331.955128,1.38,503,
94856ed0-e209-415a-9499-7923e2ae7b6b,1782297331.955330,1782297331.957856,2.53,503,
d0e9149a-1f0f-4e27-befd-539958b687ff,1782297332.205038,1782297333.094274,889.24,200,0.0676912920007453
9f91e90b-6271-4784-9cfa-da7784fc46aa,1782297332.292833,1782297333.172241,879.41,200,0.07695529900047404
02c6d1be-a10c-417b-9f5c-e126204016e3,1782297332.331643,1782297336.130011,3798.37,502,
928e7595-a64b-43be-bca9-8cc44572fbc8,1782297332.358947,1782297336.127232,3768.29,502,
890d5d3a-640e-4a38-be94-4a5dea42ba25,1782297332.363890,1782297336.125653,3761.76,502,
20e0cbd3-08f5-4e06-a041-97ba6d8318a2,1782297332.368922,1782297336.126113,3757.19,502,
a451a458-2d4e-46b7-a327-df74dbe53595,1782297332.369930,1782297336.130655,3760.72,502,
ac9e8d9a-ff62-4877-b29a-059a2c9e1aa0,1782297332.431192,1782297336.126936,3695.74,502,
a1d5ed27-2f74-404d-94fb-0a3bbb47c883,1782297332.457156,1782297333.236310,779.15,200,0.062162719001207734
cd9985b2-ceb1-4ff1-8cdd-0066935c3047,1782297332.493190,1782297333.305541,812.35,200,0.06843750500047463
8e570f28-9768-4d2e-bfdb-335d464d9bd7,1782297332.494101,1782297336.129803,3635.70,502,
b02ea588-dd12-4f52-a9e4-c164380bc9df,1782297332.596652,1782297336.128483,3531.83,502,
ec6f0d52-9579-460f-9c3e-61045eed2f99,1782297332.649517,1782297333.443537,794.02,200,0.06489595300081419
c82d55d1-0ba2-40d8-b542-5a9ab85bb84a,1782297332.655928,1782297336.126794,3470.87,502,
97d03cfa-63ee-4467-9d34-7b7d5688ddd0,1782297332.662555,1782297333.443915,781.36,200,0.06680348999907437
fecc1985-8a27-406a-974d-7c565d331330,1782297332.667981,1782297336.126631,3458.65,502,
836d30ab-c8e9-4180-92c4-1446a630160e,1782297332.679689,1782297336.125951,3446.26,502,
c914ff7c-0973-4d2d-92ce-e252350997a2,1782297332.701035,1782297336.129906,3428.87,502,
fe31463c-77b2-4f8b-b40b-6504440b2a87,1782297332.717467,1782297333.530529,813.06,200,0.08330805399964447
56772e3f-c487-4313-bf65-b9fbfbaf3a15,1782297332.727280,1782297333.690631,963.35,200,0.08013278900034493
a18b1653-238d-4125-984f-1b89738a8a69,1782297332.755902,1782297333.691237,935.33,200,0.07471039600022777
752d20d5-ff27-43de-9f19-5ee8aa803af0,1782297332.759821,1782297336.132768,3372.95,502,
422683cb-fb19-4b71-9212-a921b0ebcf8f,1782297332.769557,1782297336.129462,3359.91,502,
922ddd96-7420-4646-a7c8-19867a37e98c,1782297332.783792,1782297333.770523,986.73,200,0.08027856300031999
5f837155-bb78-4292-88e5-fe53a59a4cc3,1782297332.816506,1782297336.131264,3314.76,502,
0c532f82-42b9-413b-b8f5-5de9ac29a38c,1782297332.846779,1782297333.931095,1084.32,200,0.07136414099841204
1bebe42b-269c-4f76-93e6-a433d583fc44,1782297332.853151,1782297332.857065,3.91,503,
ba0260c0-2ffe-40af-915d-308058de2e61,1782297332.873713,1782297333.931412,1057.70,200,0.08548528800019994
3b44c092-e5c3-4427-b32e-2f16e523dedb,1782297332.901582,1782297336.129626,3228.04,502,
e33dfbe8-ff7a-4c13-ab23-f66eff9d441a,1782297332.902396,1782297336.128696,3226.30,502,
99c09dea-5e6b-469f-ad1c-582b369dc0e8,1782297332.930103,1782297332.932491,2.39,503,
95975fec-6064-4468-b21e-ff651d6c7298,1782297332.935056,1782297332.937627,2.57,503,
067f3719-fe7d-4656-a129-01c17e15331a,1782297332.936554,1782297332.939252,2.70,503,
a811f799-f418-4b3c-b615-2565aa23bf32,1782297333.024790,1782297336.130302,3105.51,502,
05954a44-4b84-48c9-862f-d0bbe82d77b6,1782297333.206531,1782297336.126733,2920.20,502,
43f54904-f0ba-4993-929e-97f51c1f7eb5,1782297333.300111,1782297336.130518,2830.41,502,
51e47b0f-6655-4375-b591-3490278c46b2,1782297333.340781,1782297336.129423,2788.64,502,
97561672-cee3-4b5f-8e33-f02eddc4b98e,1782297333.369456,1782297336.131424,2761.97,502,
3c1ac651-7f26-43b4-be71-fc7085b9778e,1782297333.375095,1782297336.125941,2750.85,502,
7a4c34c9-d945-441f-9f6b-b1748a9aa108,1782297333.380316,1782297334.004909,624.59,200,0.07351445099993725
f7bf52f4-9676-4044-9e06-857159bed285,1782297333.381620,1782297334.074490,692.87,200,0.06591324399960286
b3db4431-eeca-456d-83ce-174119639b86,1782297333.444563,1782297334.146063,701.50,200,0.0703503759996238
c0bcfcb8-93f2-4a59-8e56-a925addb5d32,1782297333.473882,1782297336.125678,2651.80,502,
2c129505-818b-4194-814f-988d045a73f3,1782297333.512421,1782297336.128072,2615.65,502,
35915aa1-187d-4011-94a9-b90abecf462f,1782297333.513088,1782297334.213870,700.78,200,0.0657873779982765
02f558c3-bb6e-4b0d-8330-aa214bd42480,1782297333.622735,1782297334.281850,659.11,200,0.06694357300148113
2d70310a-de07-4e1f-abde-a4930fd1cc28,1782297333.677759,1782297336.126935,2449.18,502,
59fa1bd2-84fa-4513-8ad7-4a14163d660e,1782297333.685431,1782297336.129937,2444.51,502,
50cdbc59-c86d-44d8-ab52-1d768701b2fd,1782297333.692132,1782297334.345695,653.56,200,0.06242472300073132
2c6621e3-4301-4fb0-88c6-55009c09efaa,1782297333.697886,1782297336.127382,2429.50,502,
c9864bc8-cf05-439c-a09f-d706d53844b1,1782297333.709795,1782297336.127108,2417.31,502,
59572f2d-6837-4154-9108-2ee4d5ea2899,1782297333.733286,1782297334.414443,681.16,200,0.0677509689994622
17924805-8f2e-4a8a-8deb-2d518e89e9a0,1782297333.750841,1782297336.130375,2379.53,502,
bf689cc3-5853-496f-972d-4aee32325b05,1782297333.761040,1782297334.490582,729.54,200,0.07429290899926855
9ffca931-4a90-4e2e-8dcf-ea5316cadb5b,1782297333.790370,1782297336.127225,2336.86,502,
b280e8c9-5f74-4a70-88e4-868e0c6a7615,1782297333.795277,1782297336.127951,2332.67,502,
0892ee79-f951-4a66-b070-2aeb5dee73ee,1782297333.807959,1782297336.130649,2322.69,502,
ee056d85-1c03-4afb-9bbb-0c4188e725b5,1782297333.820807,1782297334.561153,740.35,200,0.06952947699937795
471e90b7-4822-4a41-9d35-176b1075d601,1782297333.852550,1782297333.858502,5.95,503,
6067c3b9-31de-47c8-b585-9b8ee02671a3,1782297333.888425,1782297334.694048,805.62,200,0.12831710599857615
90cdbb3b-d242-4b1b-8feb-05b25f2695ea,1782297333.894854,1782297333.897459,2.61,503,
5f4300c0-ee9b-4c18-aaac-4c71dd689e47,1782297333.917081,1782297333.918969,1.89,503,
828af96a-3807-4924-b33d-11a5112bc87f,1782297333.946438,1782297336.127029,2180.59,502,
89ef2f72-be0d-4dc6-980e-f3af82c4e2ae,1782297333.946893,1782297334.854853,907.96,200,0.08591588699891872
14c1d144-9cda-44fc-8699-5039a1ebd0e0,1782297333.976445,1782297334.855169,878.72,200,0.07136557299963897
4c45e5e9-568b-4751-bdaf-27b592020a8e,1782297333.981929,1782297333.983673,1.74,503,
cd765bf3-ac16-485f-a0ea-7b9b76f43161,1782297334.209898,1782297336.130600,1920.70,502,
31e8df25-97b5-47cb-9bfd-f1978d8e4b21,1782297334.300445,1782297336.126430,1825.99,502,
86ce6bd8-f595-4cfb-999d-12abad88a444,1782297334.340580,1782297336.130909,1790.33,502,
1eef5f07-0a24-4f3b-b303-30ea064c7099,1782297334.367954,1782297334.929129,561.17,200,0.07196538300013344
9c858cda-7a73-40a7-8d45-322f027f13f0,1782297334.373398,1782297336.127491,1754.09,502,
e91eb5ab-6b1b-4abc-a9c4-6804b8d2a4dd,1782297334.378253,1782297336.127756,1749.50,502,
46f5dd6a-88cc-4e7c-94d4-fe765cc8dd23,1782297334.379968,1782297335.009214,629.25,200,0.07960866299981717
2090dc34-a1db-4e85-9d60-22e6a427422e,1782297334.441501,1782297336.131331,1689.83,502,
3eeecbf6-9a0e-4e67-9081-95b7aa90e713,1782297334.470711,1782297335.072635,601.92,200,0.0618265800003428
c94624fe-fb90-49ad-9fbe-74fc94c20589,1782297334.506152,1782297336.129036,1622.88,502,
ca0de5f9-ad9b-4d2e-80d6-42a28336f411,1782297334.506981,1782297335.167069,660.09,200,0.09237459899850364
c3e35cef-2a7f-4b75-98db-1b999befa016,1782297334.614173,1782297335.448100,833.93,200,0.11511008700108505
fc79ff4c-4454-4189-9f01-b4f9754b6da6,1782297334.667304,1782297335.451088,783.78,200,0.08136130499951832
02b09758-a5f3-4aba-a892-14cbf8180262,1782297334.674953,1782297335.480649,805.70,200,0.1010367769995355
c365bce5-8c2a-48d9-9898-fc0be52170fa,1782297334.681046,1782297335.685008,1003.96,200,0.08629958700112184
fb0a042b-4d55-4f9a-997a-7652d9966e3f,1782297334.686906,1782297336.127113,1440.21,502,
241cc2fd-af81-4723-8578-e606d8286b69,1782297334.698295,1782297335.684370,986.08,200,0.11272865899991302
8ca0660e-7311-4437-aa05-8a2b2a4e916b,1782297334.720614,1782297335.865906,1145.29,200,0.08873705900077766
9b2aad40-2351-48c7-8616-fd34865bae76,1782297334.737335,1782297335.866914,1129.58,200,0.08939024899882497
7c3ca9a2-5830-4c18-a183-f4151dbd88f6,1782297334.749041,1782297335.938111,1189.07,200,0.0728773690007074
d473664f-c1be-403f-aad3-f1361a4fc987,1782297334.777223,1782297336.019347,1242.12,200,0.07967672499944456
e4cda536-d31d-49cc-890b-ce86a6ca7170,1782297334.781020,1782297336.131492,1350.47,502,
e141663a-f2b1-4cd7-bf27-85c05e042515,1782297334.820362,1782297334.827781,7.42,503,
98803226-c16d-4ad1-847a-8a547a63614b,1782297334.821028,1782297334.828164,7.14,503,
a8c9a77d-ff8e-4d46-aee0-6342ae1cc68e,1782297334.823779,1782297334.828272,4.49,503,
5ccb6104-9f00-424b-b474-35973805b6ed,1782297334.870646,1782297336.128779,1258.13,502,
27f6a975-905a-442c-a8ae-e17ab67e5919,1782297334.877104,1782297336.131876,1254.77,502,
8292a569-4cbc-46c6-a023-f0a0e7dc4277,1782297334.899189,1782297336.131069,1231.88,502,
c4ca60ef-91cc-4705-9fc7-d2a1c426309d,1782297334.927411,1782297336.150362,1222.95,200,0.06620234599904506
39ef31d9-979e-40cb-9427-4633d975be70,1782297334.928323,1782297334.945108,16.79,503,
cf384bd9-d2ab-49aa-8a35-2354811a6f65,1782297334.956828,1782297334.958779,1.95,503,
a498dece-9eba-4cf2-8355-9276ef4be519,1782297334.962379,1782297334.965908,3.53,503,
ed5b7205-6963-4190-8a42-786ea94ca9bf,1782297334.964370,1782297334.966563,2.19,503,
61bc089c-9416-4a67-9842-939cb02bc34f,1782297335.214103,1782297336.158778,944.68,200,0.07038450300024124
5c1cd1b2-f74b-4677-bb0d-cb6388970824,1782297335.295865,1782297336.315183,1019.32,200,0.07631665899862128
44bbf2a2-c560-47fb-9bd8-eaf2d57cc14d,1782297335.333217,1782297336.314953,981.74,200,0.0746874079995905
7bd00e10-442e-42f6-b6ad-d9ee94947976,1782297335.358128,1782297336.438949,1080.82,200,0.06047134600157733
c830eadc-aebf-4f2f-8c32-97ff52836af7,1782297335.362557,1782297336.131235,768.68,502,
dc97979d-ea7d-460d-b820-51e0bfe5609c,1782297335.367463,1782297336.439172,1071.71,200,0.06147821800004749
b2470aca-75dd-484c-8323-b58560ffdf4b,1782297335.368629,1782297336.132535,763.91,502,
997f1374-1840-4ea4-88e6-10b61090525a,1782297335.425234,1782297336.516923,1091.69,200,0.07669435500065447
799bc6bf-7f7b-46df-abba-b403a04c9702,1782297335.450476,1782297336.585955,1135.48,200,0.06730151400006434
5ae79c28-bbde-4b00-8640-7a5302333547,1782297335.485373,1782297336.741818,1256.44,200,0.08050500600074884
c28d7bdb-385e-4537-b0f5-729a9c66d714,1782297335.486044,1782297336.129621,643.58,502,
bff19018-3fbb-436b-9f5f-7fc0510c81d6,1782297335.582799,1782297336.742240,1159.44,200,0.07106667699918034
f9d4b76e-86fa-4fb0-8d30-bdf57074d941,1782297335.632372,1782297336.129916,497.54,502,
18592796-32d4-4e19-b17d-7688c480f57a,1782297335.640096,1782297336.132062,491.97,502,
dc66899d-f473-414b-be74-e664b127becf,1782297335.644168,1782297336.129791,485.62,502,
e3085dcf-905c-4723-b5ae-d5d5681c2ae1,1782297335.650066,1782297336.132377,482.31,502,
7fc88b54-92fb-44be-8777-e171392e32d6,1782297335.660018,1782297336.132779,472.76,502,
e238b05f-a7c8-4d20-8d29-3b7931349d95,1782297335.682680,1782297336.814152,1131.47,200,0.07162908299869741
53488e0e-e334-4a3a-a041-c67d0da56b56,1782297335.697161,1782297336.128597,431.44,502,
130e69cb-42d3-4f15-acdd-05cce9db6664,1782297335.705936,1782297336.128301,422.36,502,
12b817e5-a1e2-414a-a731-6bc2b9092fdd,1782297335.752310,1782297336.129725,377.41,502,
56cee998-085a-44b7-8d28-adb8c52252d5,1782297335.752917,1782297336.885124,1132.21,200,0.0693178479996277
16fa5fe4-5aaa-4e4b-8cb5-773f0100db89,1782297335.753427,1782297336.957171,1203.74,200,0.07091704800041043
f9b5a1bd-7eb9-482a-8d37-c45b85b61516,1782297335.759164,1782297336.128212,369.05,502,
66f7110b-0c69-4c0b-9ac2-c2b4a95efe50,1782297335.776310,1782297336.128701,352.39,502,
00f4cd81-3f41-452e-914e-dcb78052faf0,1782297335.818260,1782297337.025612,1207.35,200,0.06701882900051714
62c52d75-52b7-44d0-af4b-c3579a0262e8,1782297335.825076,1782297336.129045,303.97,502,
e80b7449-1199-4257-8bc5-e5d096400e70,1782297335.845347,1782297337.102448,1257.10,200,0.07478004900076485
7bbeb8b1-64ab-46d7-a2c1-eab2da11ad7c,1782297335.869792,1782297336.128091,258.30,502,
f5059fc2-8691-4051-9b31-2d4901d9edd4,1782297335.870653,1782297337.181242,1310.59,200,0.07670068300103594
34f7de51-f88a-4c5c-9b57-575b19afebfb,1782297335.896802,1782297336.130155,233.35,502,
dead7cae-945c-4a55-8b02-aaf8f6136ad9,1782297335.902331,1782297336.127796,225.46,502,
8a4e0872-e26b-4870-900e-c9d5413284e2,1782297335.904471,1782297337.263856,1359.39,200,0.08122086999901512
80dc176d-9b33-440c-90eb-3d2c0194b6dc,1782297335.986723,1782297336.128768,142.04,502,
121f2f63-6386-4a11-afb9-0c3065599b66,1782297336.080457,1782297336.156251,75.79,502,
fec30dfb-9fed-4c3a-a4d6-4e743085b24b,1782297336.126440,1782297337.333876,1207.44,200,0.06886719799877028
5b599a5c-c385-4730-9298-536a407e2fe5,1782297336.245803,1782297337.412295,1166.49,200,0.07650556299995515
3aafd141-6b58-4951-b2f9-79ab2ab4f68e,1782297336.336587,1782297337.521268,1184.68,200,0.10175632100072107
7e839f08-d059-4182-b95a-c75ba3770451,1782297336.376911,1782297336.381619,4.71,502,
37095d47-f881-4b76-a3e1-2aba1f119ca8,1782297336.404299,1782297336.407091,2.79,502,
f4d0a470-8611-4a4d-9c9f-93e85d6644fa,1782297336.409476,1782297337.613390,1203.91,200,0.08898108100038371
18ac9297-6343-491d-9065-3d9ac3d44782,1782297336.414843,1782297336.421527,6.68,502,
0a9539d2-2892-47d2-a5f0-b15ac6cc571c,1782297336.415911,1782297337.693741,1277.83,200,0.07843468500141171
fe9a725e-84cc-4330-89e8-319b8b585884,1782297336.477018,1782297336.480845,3.83,502,
73894f45-25b7-4b92-bdb3-9fbfbe03e425,1782297336.505239,1782297336.509364,4.13,502,
490d670b-1648-4c53-98f1-b13e0f0768c0,1782297336.542963,1782297337.839315,1296.35,200,0.07661889200062433
f51edc5b-119c-4fb3-a3be-21655a6e7a2d,1782297336.543549,1782297336.548345,4.80,502,
649633e1-9f42-4ba9-9df6-b8b39e56d745,1782297336.648948,1782297337.839694,1190.75,200,0.06633255500128143
259a0cb3-c97f-4f70-bfbb-090e4f0b656d,1782297336.703916,1782297337.916977,1213.06,200,0.07732240299992554
eb69a538-f59c-48c5-8c0c-a191d63183df,1782297336.710289,1782297336.715060,4.77,502,
805ce9b4-fbb5-4ded-9490-377f45b88b8c,1782297336.716449,1782297338.040803,1324.35,200,0.05903129299986176
820ce1b1-5249-4ceb-9971-0f98f7ea80aa,1782297336.722578,1782297338.040529,1317.95,200,0.061623266999959014
4e854b76-de89-4c5e-916c-228a3c217973,1782297336.734951,1782297338.114472,1379.52,200,0.07295895899915195
01297481-42eb-4a29-8073-dde234845aa0,1782297336.756951,1782297336.761042,4.09,502,
310a962a-47d1-4baf-ae9a-38a61fc9d71c,1782297336.773508,1782297336.778295,4.79,502,
9f194c73-6571-4f6f-8734-4c6af9d91792,1782297336.783797,1782297338.183092,1399.30,200,0.06725500600077794
a796b2ba-ef2a-436b-b2ea-5c42998a4b3f,1782297336.812747,1782297336.816868,4.12,502,
4c8509a9-8114-48e8-9daa-170e779f448c,1782297336.817053,1782297338.257550,1440.50,200,0.07300991800002521
2110dee9-6c6f-4f83-b91c-98ae1f3cc3c7,1782297336.827831,1782297336.832024,4.19,502,
c0bb3963-3acb-486b-b820-296be78783e6,1782297336.842522,1782297338.331144,1488.62,200,0.07102763100010634
c0119f97-b588-40b3-aa6d-4461482dafba,1782297336.859778,1782297338.267995,1408.22,502,
239a97c5-75da-445f-814c-2f2a99f3b385,1782297336.906538,1782297338.260506,1353.97,502,
39bc2c82-321c-4b69-a4c3-e40834014ce5,1782297336.913419,1782297338.260791,1347.37,502,
6d9ce1a1-87bb-416f-9ca2-5f087a0f12a0,1782297336.935876,1782297338.261012,1325.14,502,
2a2f17a1-421c-4351-aa34-126065d0d61d,1782297336.962997,1782297338.261073,1298.08,502,
7e44982d-b6d8-4d36-9bf1-4800f300b007,1782297336.964254,1782297336.969383,5.13,502,
730f5bfa-e1bf-49e3-a9c1-1e6c792f6f09,1782297336.992850,1782297338.260927,1268.08,502,
ecf41d28-6e2b-4c21-ae6e-c02937583a5e,1782297336.997843,1782297338.261191,1263.35,502,
7db3c0b3-be98-452f-97c4-1116f454300e,1782297337.000198,1782297337.003004,2.81,502,
94e28dcf-a0c3-4910-89d0-905bcaca6579,1782297337.221262,1782297338.260745,1039.48,502,
bc948ce9-67c2-4633-b976-2f10cc323887,1782297337.324666,1782297338.263176,938.51,502,
e7732cc9-db06-430e-94ac-1e6c687b8c00,1782297337.369885,1782297338.263385,893.50,502,
984f02c5-a64c-436c-86fc-c476404be0e9,1782297337.401420,1782297338.263297,861.88,502,
814ac425-601a-4891-9520-6500c2bd8d5f,1782297337.407692,1782297338.262892,855.20,502,
16d02994-02c7-4ca3-a114-ee137a394be2,1782297337.413507,1782297338.263461,849.95,502,
77d67358-b34d-42cd-8442-f8e65021f9d0,1782297337.414922,1782297338.268093,853.17,502,
578acfb4-3739-4042-ae18-76ed67bb1fe6,1782297337.484508,1782297338.268435,783.93,502,
ee3772a7-c276-4726-a766-3e6064de425d,1782297337.516295,1782297338.268374,752.08,502,
23af4107-afc4-4c54-8df4-03542636d6cf,1782297337.558753,1782297338.267222,708.47,502,
e975babd-54b6-42a4-a491-32579d62da5e,1782297337.559843,1782297338.268588,708.74,502,
f0f9a41c-af0e-4a35-a396-55c6d63c7767,1782297337.681735,1782297337.687808,6.07,502,
c7ec0088-6d7d-45f1-b81b-df3792dbddab,1782297337.741438,1782297338.267982,526.54,502,
df1e5780-32f0-42f0-924a-e42bf0603712,1782297337.749553,1782297337.754366,4.81,502,
360c67e6-04aa-4f26-857e-49512ea16d83,1782297337.756785,1782297337.761130,4.34,502,
833ab239-6700-4c3e-8c17-347959434211,1782297337.763756,1782297337.768031,4.28,502,
3042a255-7e8b-4ef6-b69c-7aa1f0e31ae9,1782297337.776456,1782297338.268487,492.03,502,
f588cb4c-5c20-4be6-872c-f5a763651cea,1782297337.802571,1782297337.806398,3.83,502,
3b117b22-08e4-4dd8-91ed-42b25c8b4ab8,1782297337.821864,1782297337.826980,5.12,502,
1561c758-6b25-488e-a5ad-730ec5a434e3,1782297337.833578,1782297338.268155,434.58,502,
bc8db333-ba5e-4f4f-b922-5a035af022d6,1782297337.866682,1782297338.268538,401.86,502,
a7c0ba59-1967-4b67-93dc-e4252beacc40,1782297337.871805,1782297337.878056,6.25,502,
a9c1dfff-3805-4a79-acf9-04ccbdc7490d,1782297337.883651,1782297338.268650,385.00,502,
c7efbb76-a685-42df-a36f-715bb13b679c,1782297337.898721,1782297337.902947,4.23,502,
a44baff5-5b39-46c0-beb0-af63807c43d0,1782297337.919418,1782297337.922772,3.35,502,
9f8893c9-494f-46e3-9ef1-cd3251e6d9ef,1782297337.973210,1782297337.976414,3.20,502,
07111e39-0488-4a3c-ba22-4c046dd9d772,1782297337.980820,1782297338.267668,286.85,502,
3fdc58a6-0185-4475-bae9-8965167f12fe,1782297338.005604,1782297338.267886,262.28,502,
67e5ed72-bb63-4951-a309-6be12b011864,1782297338.036972,1782297338.268209,231.24,502,
d55b77c4-b15c-4a90-81ae-d7b41f4b9c4d,1782297338.221173,1782297338.267912,46.74,502,
e14c5dfd-7614-44d8-99bd-30b175efdfdb,1782297338.314483,1782297338.318729,4.25,502,
06682869-244a-4ab8-8dca-635a37c4ff76,1782297338.356310,1782297338.361943,5.63,502,
dc6f4f15-ba1e-48ee-8144-5edc13282699,1782297338.384473,1782297338.388918,4.44,502,
afbd6478-881f-4a47-9c66-335a15e5d301,1782297338.389294,1782297338.394088,4.79,502,
031d48a5-4d48-4f80-bd46-e93760bdb891,1782297338.394360,1782297338.399434,5.07,502,
1986ddc1-89fd-4efd-9015-9764e189abe2,1782297338.396364,1782297338.402830,6.47,502,
f9079878-5240-4f57-9290-0549263f194a,1782297338.459496,1782297338.464773,5.28,502,
9731e343-60ee-4b2a-bc33-6c6d920a3b4d,1782297338.488292,1782297338.492948,4.66,502,
4802775e-3d93-479b-812f-33943ce086fd,1782297338.526514,1782297338.531080,4.57,502,
cf5cb272-ca45-4c92-bd8a-fa5646ece8a0,1782297338.527314,1782297338.531778,4.46,502,
0251cca9-d8aa-429c-a6d0-10c1828cfaca,1782297338.637399,1782297338.641386,3.99,502,
961b8192-81a9-454d-8268-d3050920cdd0,1782297338.692914,1782297338.696125,3.21,502,
7e902e36-25f0-4011-a132-e501ba7feb41,1782297338.700451,1782297338.703660,3.21,502,
d06368e2-a4fd-46d1-8866-7f74356accac,1782297338.706033,1782297338.709510,3.48,502,
62238282-f273-4f9c-be03-251ad2e16450,1782297338.712902,1782297338.716201,3.30,502,
3aaf4ec5-18f3-47c9-971a-94238fc49ebf,1782297338.724572,1782297338.728185,3.61,502,
4478c6ee-b0ec-4ac5-89bc-50484dbecf34,1782297338.747837,1782297338.752432,4.60,502,
b8f62be3-849b-438c-8520-431bc2dcef91,1782297338.764869,1782297338.768348,3.48,502,
c9019ef8-5e4a-4833-a8ae-e284fefb0928,1782297338.775773,1782297338.779055,3.28,502,
53bb4fb9-f610-4e55-9b34-27a5aa6c1c48,1782297338.806453,1782297338.809446,2.99,502,
c4ad990c-38a9-4b32-aa2c-75c16e18cafc,1782297338.809634,1782297338.812498,2.86,502,
bb834852-7769-4949-8a45-f28b748884aa,1782297338.820826,1782297338.824674,3.85,502,
32dff761-7771-4e46-97d0-403f7e3fd41b,1782297338.835175,1782297338.838522,3.35,502,
1678563c-35a5-43a8-ae31-a1d686831158,1782297338.853929,1782297338.857590,3.66,502,
43b31a9c-76db-4dd0-b618-59f3f66dcc46,1782297338.902075,1782297338.905638,3.56,502,
bf1ad4f9-5d0e-4a3c-844c-0b047ba56ca9,1782297338.909134,1782297338.913013,3.88,502,
aa8609ab-de29-4424-b449-7f1def3c11db,1782297338.932397,1782297338.936314,3.92,502,
41135e69-06a2-4e1f-b7c3-e5d45be1304e,1782297338.959689,1782297338.964376,4.69,502,
bc563118-7c05-490e-8f78-4d4d3b8b2499,1782297338.961509,1782297338.965392,3.88,502,
279691e9-7150-4d15-9ae4-4a276b1f7dad,1782297338.990723,1782297338.994284,3.56,502,
3eb0265e-fcbb-426e-86cc-e455b02e7d51,1782297338.996639,1782297338.999748,3.11,502,
e813f77e-d26a-4f65-bcb6-a064da43a5e1,1782297339.224290,1782297339.239964,15.67,502,
a944bb67-4fbb-496a-8224-2e8408447e92,1782297339.314861,1782297339.319248,4.39,502,
ace60293-8b66-4080-b200-4ed3ae35c676,1782297339.355252,1782297339.360205,4.95,502,
18d1f996-c887-4789-932b-9c2430d2e782,1782297339.382656,1782297339.386367,3.71,502,
f1cf4152-e07c-4750-9fd5-ce2fc96b9706,1782297339.387932,1782297339.392483,4.55,502,
e91f5dac-6c29-46e9-a420-c0cac690b982,1782297339.392911,1782297339.397095,4.18,502,
348fc4ff-62cd-4a43-8d6f-ac7b74450d01,1782297339.395070,1782297339.399085,4.01,502,
93b7ce0f-c00e-413c-bb76-36204caa451b,1782297339.455549,1782297339.459796,4.25,502,
c7f56a40-de7e-417b-8efd-b91d8b521a43,1782297339.483363,1782297339.486830,3.47,502,
8d4b05ca-322a-41a0-b093-371385a4cd92,1782297339.521306,1782297339.525933,4.63,502,
a44ea40b-5567-433b-9932-64bbf7312791,1782297339.521834,1782297339.526356,4.52,502,
0bf203b9-e726-4d00-b1eb-b8d557d0fced,1782297339.627782,1782297339.631215,3.43,502,
980289dc-cc51-4bc8-8624-d5ee34c6e649,1782297339.681580,1782297339.684976,3.40,502,
eb129d9f-f4b2-4a22-8366-7589a7f7ab9c,1782297339.689398,1782297339.692535,3.14,502,
3697cd18-c75d-4590-bfca-b08b48bf0f01,1782297339.694912,1782297339.697839,2.93,502,
063fe74d-a762-4327-9baa-5207ba2302d8,1782297339.701206,1782297339.704076,2.87,502,
5049b13b-42ed-4012-87f0-eaeb37953caa,1782297339.712363,1782297339.715374,3.01,502,
39d8e34b-7dc4-4cc2-9973-f9d7b160525b,1782297339.734815,1782297339.738313,3.50,502,
96a88ee6-4769-436f-8f63-bb9956b3d455,1782297339.752686,1782297339.756454,3.77,502,
533a64b8-8370-473c-8ead-0dbcd0218e33,1782297339.762921,1782297339.766586,3.66,502,
583bac77-b063-4218-8c73-015778983092,1782297339.791085,1782297339.794458,3.37,502,
51e5807e-f51c-4a08-a009-4be41e3a3467,1782297339.795874,1782297339.798736,2.86,502,
35be2a59-653e-418d-be01-01ea54f2443c,1782297339.806126,1782297339.809499,3.37,502,
bfc9670b-787d-4182-9374-85cf258281bf,1782297339.819977,1782297339.823848,3.87,502,
413d0d78-9897-4f02-a9f9-9d29770b8b95,1782297339.838280,1782297339.842252,3.97,502,
b9a4a36d-4faa-4bc8-87fa-5bf4e09a53a6,1782297339.884773,1782297339.888592,3.82,502,
9ab060fc-07d0-4171-9ccc-d49cccbc2a03,1782297339.892014,1782297339.895128,3.11,502,
93874750-5745-4648-a202-7b751c7ffd63,1782297339.914577,1782297339.918258,3.68,502,
fcf25e33-5421-4358-87db-27ab7e76a7d9,1782297339.940750,1782297339.945338,4.59,502,
e6dee1d0-c973-425f-9945-beca6803253b,1782297339.941754,1782297339.945885,4.13,502,
d9b8fdec-a55e-4cd7-bedc-69ac8264a84a,1782297339.970271,1782297339.973910,3.64,502,
09597f95-1d10-4a2d-b631-5dff0f2aa32b,1782297339.976271,1782297339.981224,4.95,502,
aa11443a-e6d6-41ff-bec6-df58270cbb68,1782297339.978538,1782297339.982435,3.90,502,
22f99ae5-b403-4727-ab87-68effbddc485,1782297340.229684,1782297340.256018,26.33,502,
5370211b-c99c-494d-95cb-c6706aefbdaa,1782297340.316789,1782297340.320262,3.47,502,
c903a6c6-7b31-49f2-9c0c-cd9feb048a1e,1782297340.355776,1782297340.360323,4.55,502,
40129692-a1f8-499b-9f7e-4ab9a2c77625,1782297340.382768,1782297340.386538,3.77,502,
e1e763ac-df6c-44e7-ad3b-74157887dcb7,1782297340.387914,1782297340.391229,3.31,502,
4a6d9c0c-14f5-41fe-b872-f1220e028096,1782297340.392637,1782297340.396108,3.47,502,
6f497c24-88fe-4d1a-83d9-1fcd2bb63fdd,1782297340.394535,1782297340.398678,4.14,502,
7f2652fb-bddb-4105-81b9-2f0377a296fd,1782297340.453178,1782297340.456553,3.37,502,
4b601b72-56cc-4611-b230-b3e403131b0a,1782297340.480978,1782297350.312284,9831.31,200,0.10558519400001387
43124311-faef-4d25-9bfb-29bfd32b06c1,1782297340.516975,1782297350.784767,10267.79,200,0.09496638999917195
957c43c0-ff77-4d26-884c-3f6ba1447b1c,1782297340.517476,1782297350.888944,10371.47,200,0.10127847500007192
0e959564-4c8b-4f50-ad1f-8e39196ce2b6,1782297340.620494,1782297352.421588,11801.09,200,0.08446744600041711
98845635-3043-4647-b45a-234cc51f787e,1782297340.672687,1782297353.494692,12822.00,200,0.0788082069993834
e975fa6a-ce48-4c22-8dc9-fb28a333d5ff,1782297340.680068,1782297353.589570,12909.50,200,0.0896220260001428
fa05d5d2-e0bd-4c45-873b-563764ddaef2,1782297340.686443,1782297354.465941,13779.50,200,0.07953249700040033
ac3c48e8-1ceb-4d71-a67e-06f9816ecf4e,1782297340.691902,1782297354.560376,13868.47,200,0.08953190699867264
01ffa5c4-aa34-4cc2-a258-55b6cae1ce41,1782297340.703747,1782297354.673510,13969.76,200,0.10753530299916747
da18e2ff-e5bc-4283-a229-9b2c0d7a9028,1782297340.724375,1782297355.514385,14790.01,200,0.09238512699994317
753e271a-bb9e-45f1-9bf1-53fe771a96ba,1782297340.741093,1782297355.514787,14773.69,200,0.0815362159992219
c233a7e0-75c4-4591-a0d3-b7647b89bdc0,1782297340.752455,1782297356.064282,15311.83,200,0.07864702599908924
9d9a29f1-7355-4bd7-8600-98ba8215d2e7,1782297340.778746,1782297357.016940,16238.19,200,0.08316050799840013
ab4d9ca6-d715-4673-a3d7-35b893ebfdc4,1782297340.783374,1782297357.208247,16424.87,200,0.08830420800040883
ca23d008-caf8-433b-b957-5e6221ae4f97,1782297340.795155,1782297357.209129,16413.97,200,0.09453113100062183
7aa92411-8ae1-47d6-b68b-9d63c3b9e929,1782297340.807682,1782297357.298957,16491.28,200,0.09030290299961052
8c2b94d5-c37f-45f0-a670-04cca07c4d33,1782297340.825192,1782297357.629969,16804.78,502,
99acdf5e-4cdf-4463-92a7-05b5dea3e6d3,1782297340.870591,1782297357.682762,16812.17,502,
9135b70d-77c7-45ff-82a4-9772c72e8382,1782297340.876600,1782297357.740700,16864.10,502,
1f3e3c48-6a82-49bc-aac7-0e04dd236c03,1782297340.898355,1782297357.695330,16796.98,502,
b0b81db7-d5d7-4290-940b-555bd5ec7f24,1782297340.924979,1782297357.731435,16806.46,502,
ea6f9fc0-10c2-474f-a08d-9ededbc53cbf,1782297340.925666,1782297357.731116,16805.45,502,
3856bbd7-6f37-4530-8417-9beb81e1e0bf,1782297340.953716,1782297357.760770,16807.05,502,
f385cb34-3013-4a07-9668-a8b7626c654b,1782297340.958897,1782297357.762200,16803.30,502,
4e48fe78-daf8-4355-8e9a-3ac338efe7e7,1782297340.961211,1782297357.804016,16842.80,502,
640cdaf5-7857-4ef9-820f-41321adcb051,1782297341.048153,1782297357.856150,16808.00,502,
c57f9083-cd57-4e34-b500-e33465f36834,1782297341.232138,1782297347.207596,5975.46,200,0.07733279399872117
e93db26c-f528-432b-8bc7-e9cd146eef70,1782297341.312670,1782297347.643179,6330.51,200,0.10224645500056795
0db5d92f-ddab-4dd8-a79f-0333885d800d,1782297341.347944,1782297342.361557,1013.61,502,
bb8aa7db-5815-4f26-b702-1184c75f4767,1782297341.371966,1782297341.377933,5.97,502,
432be77f-f1e9-4937-a7ac-ca115a7e9ea6,1782297341.376662,1782297348.766164,7389.50,200,0.09149846199943568
4e005fd7-430d-4f56-b104-8e7ee0f74a37,1782297341.381155,1782297348.505929,7124.77,200,0.07319102800101973
7f4b62df-6e4e-4d4b-8de3-14347954c6d7,1782297341.383148,1782297348.671266,7288.12,200,0.07747802599988063
cd1a4814-332b-4d53-b3a3-d86c68567f86,1782297341.438157,1782297349.425807,7987.65,200,0.09162785700027598
ed3d9379-7bee-466b-927b-926b6a4bd901,1782297341.461826,1782297349.798570,8336.74,200,0.10042779200011864
43b00a3a-9d67-4b95-a99f-b31b01d24351,1782297341.495116,1782297350.683863,9188.75,200,0.06620001100054651
791393d5-b92c-4c23-8f5a-507d85f887e3,1782297341.495938,1782297350.617259,9121.32,200,0.08561374300006719
da4f63ad-8f2c-410b-bc9f-9598ef4ba115,1782297341.590331,1782297351.143843,9553.51,200,0.08427802000005613
218954aa-3025-46e4-900e-e0826b09bf71,1782297341.638513,1782297351.415392,9776.88,200,0.08780291199946078
9138682a-4295-4508-a406-1143bcb8fcb2,1782297341.645097,1782297352.579819,10934.72,200,0.08699315699959698
ec9afdee-7dfb-4412-a9bc-27697366f778,1782297341.650473,1782297352.492860,10842.39,200,0.0698323739998159
8c6ddb79-3a34-4fcb-b343-dc2cfc7dde80,1782297341.655912,1782297352.421061,10765.15,200,0.0927648879987828
9e7db0fc-5438-4ad1-9bd6-b0b13cbcb5e9,1782297341.667474,1782297352.237690,10570.22,200,0.07673459899888257
28a27ec5-736f-446c-96da-840d29c51ccd,1782297341.685815,1782297353.411371,11725.56,200,0.09055647000059253
2ee29458-a310-4179-9f9b-353ca36e1db0,1782297341.701124,1782297353.411953,11710.83,200,0.09804888700091396
61aea13e-e338-456c-8789-30f294390542,1782297341.710459,1782297354.869897,13159.44,200,0.09899351400054002
703c5d55-5b33-49d5-aa76-68ec6c2f776c,1782297341.736408,1782297354.386983,12650.58,200,0.08128069899976254
ec3c2405-2342-4ae1-b8c1-f4845dcfe508,1782297341.740754,1782297355.592579,13851.83,200,0.07776718199966126
87f31281-5b8a-46c4-880a-8e0f42f7efb2,1782297341.749872,1782297355.332448,13582.58,200,0.09323267800027679
6a406b3c-0426-4f08-99e5-d49133169c55,1782297341.762368,1782297355.237506,13475.14,200,0.10544862499955343
948f6155-8d6e-4253-a5d2-ca65a8b27166,1782297341.778724,1782297355.985297,14206.57,200,0.08736866000072041
10841515-36e8-4e7e-9d55-99da0a628485,1782297341.820630,1782297356.932318,15111.69,200,0.08092825899984746
0ef6d41d-8197-4808-9a6f-6e00f059d860,1782297341.825962,1782297356.849425,15023.46,200,0.10475943700112111
8ec38615-66c9-4c5b-be3d-0699d8307a52,1782297341.846771,1782297357.679571,15832.80,502,
1511e735-f077-47f2-9d95-1764d1390c6a,1782297341.870360,1782297357.719808,15849.45,502,
62188468-f848-4a6a-8f2f-fc9c184b6384,1782297341.871052,1782297357.682708,15811.66,502,
0134675a-fd34-4a3d-97e6-e6ab23b20100,1782297341.896485,1782297357.698764,15802.28,502,
2d882491-a7ea-4dec-ac81-2d0b59e9af44,1782297341.901304,1782297357.740788,15839.48,502,
a63d9162-e9b8-4410-874e-b641ec7ea7f7,1782297341.903873,1782297357.698510,15794.64,502,
76021ec5-ef47-47bd-b7d0-1a2f2ecac002,1782297341.983665,1782297357.804020,15820.35,502,
40a29ec7-1832-4590-a7f0-4ab67ceb3130,1782297342.074692,1782297357.854923,15780.23,502,
ad65b94f-2cd7-4328-b436-7624542d6319,1782297342.119352,1782297357.883278,15763.93,502,
bfb87909-c644-4713-98d2-c2fb213bf1a8,1782297342.129008,1782297357.912842,15783.83,502,
abbe111e-9d85-41cd-84fc-4dd9fc73ce19,1782297342.232636,1782297347.066458,4833.82,200,0.07953195399932156
52fb3d2e-a746-4ebf-83a6-7088ac542f27,1782297342.321157,1782297347.446120,5124.96,200,0.09263846599969838
11a3e957-8f57-4ec5-a3d5-4fc733bb1d89,1782297342.360617,1782297347.883445,5522.83,200,0.10058627999933378
e999b1ae-0faa-431e-9a57-8c74cf7ca0d1,1782297342.386865,1782297349.053894,6667.03,200,0.07491666999885638
924f9af9-b4f9-4db6-95ec-13e9c65ea3f8,1782297342.391522,1782297348.905109,6513.59,200,0.0730338009998377
6862cb8f-de54-450d-a3bd-1a5bb8e43146,1782297342.396775,1782297348.905336,6508.56,200,0.06302411000069696
668116f8-a1ee-49cc-9e4a-2537720c00db,1782297342.397676,1782297348.977778,6580.10,200,0.07220871800018358
37df6213-87b0-4359-aa09-f021ef5fec51,1782297342.457129,1782297349.330237,6873.11,200,0.10385066900016682
b44a41ef-258b-4875-afaa-ac43d3a4f134,1782297342.484209,1782297349.893363,7409.15,200,0.09477373499976238
f6a488f5-6af1-44e7-9211-21d2e66892b2,1782297342.520098,1782297350.432863,7912.76,200,0.11793716800093534
daa873af-a4f6-4080-95ab-3fb9ad231ed5,1782297342.520783,1782297350.616883,8096.10,200,0.0940310749992932
169d80d3-faab-456d-8848-fefa8e067016,1782297342.623836,1782297351.060314,8436.48,200,0.06862669800102594
2549a1bb-a1e5-4965-aedd-4444414a21e8,1782297342.676740,1782297351.886456,9209.72,200,0.07419458000003942
7f1b7fb7-48c2-493b-b200-3e7c2efdd6bf,1782297342.684002,1782297352.160380,9476.38,200,0.08838060199923348
24e25f40-8945-4468-8852-64f7d0cc88bc,1782297342.689895,1782297352.160949,9471.05,200,0.09629412200047227
e07b24ee-c938-4f3e-8d18-9c6cd983f091,1782297342.695710,1782297351.969337,9273.63,200,0.08103320699956384
02cf175b-c6b0-4655-a579-c431415ab8a2,1782297342.707260,1782297352.998649,10291.39,200,0.06997268899976916
76427c64-04cd-442d-a9a0-3e0d77ad1feb,1782297342.727959,1782297353.217937,10489.98,200,0.11140536899984
50aa5f4c-e586-4fb0-bff1-7ddc812e571f,1782297342.744444,1782297353.967681,11223.24,200,0.08373636900068959
9419dcf5-dffc-47de-aafe-5e88548fa764,1782297342.754871,1782297353.968496,11213.62,200,0.09145895700021356
6820074d-6e4c-4a20-a837-7bc39188d2df,1782297342.783472,1782297355.138064,12354.59,200,0.07829991099970357
1b0b9dc4-36ec-4047-86e4-b962920af5bd,1782297342.786917,1782297355.138658,12351.74,200,0.08718551799938723
a4075d23-8c3d-49ef-99c5-59dcb831da91,1782297342.798252,1782297356.146598,13348.35,200,0.0783008400012477
4e00586b-dfec-42eb-bcde-b8a16c4e7a7b,1782297342.810954,1782297356.293461,13482.51,200,0.07797934899826942
5688dc0b-2bd1-4a36-9b7a-961207a12405,1782297342.828750,1782297356.743114,13914.36,200,0.11037243099963234
417662c5-ef10-4114-a492-855f07871708,1782297342.873871,1782297357.484935,14611.06,200,0.0882583769998746
23c16e37-8ec6-49ab-9ad8-f76edf877b2d,1782297342.880158,1782297357.572014,14691.86,200,0.08342668600016623
cc4d739f-6c36-46a0-a137-a94db8c4322c,1782297342.901593,1782297357.688405,14786.81,502,
40a3971f-1b01-4f8e-9109-98de12a0ee74,1782297342.928183,1782297357.703128,14774.95,502,
5a903bcf-3948-47a4-998d-82e940fa3d9c,1782297342.929379,1782297357.703354,14773.98,502,
faa95bac-d941-436c-9f38-118d2049fed2,1782297342.958636,1782297357.767197,14808.56,502,
2f41b779-5731-4c9f-9e52-d7e79b852325,1782297342.962492,1782297357.728216,14765.72,502,
55469cfe-f921-43fc-bfb5-6f2466d7bb1a,1782297342.964478,1782297357.771535,14807.06,502,
ee4a0386-e4ef-4b79-8967-a39fb792c3b4,1782297343.052528,1782297357.818814,14766.29,502,
ff9e811a-1902-47af-8837-c7779fe6b22c,1782297345.957086,1782297347.128459,1171.37,200,0.061889968999821576
049f0f6a-5680-4026-87af-8ccc9431c88a,1782297346.037350,1782297347.347422,1310.07,200,0.06476885600022797
cb7930f0-622f-4b50-8dd9-ea126c78c518,1782297346.072116,1782297346.077853,5.74,502,
287fce71-c3fe-4cd4-b0c1-7cbecd1f9c3f,1782297346.097519,1782297347.781307,1683.79,200,0.1335689719999209
6db1bbc0-c4e8-4a80-9870-73acaa16e7c6,1782297346.101688,1782297347.958698,1857.01,200,0.07434340399959183
163bc246-9ad7-4e46-98f5-c8a7a58fbd4f,1782297346.106003,1782297348.591001,2485.00,200,0.07731354799943801
d0aee3fd-5372-4ddc-bce7-0c590d0032c2,1782297346.107658,1782297348.432142,2324.48,200,0.08622860400100762
aeff969f-a6b7-43a5-90fd-2a7ca68bebf0,1782297346.162434,1782297349.131042,2968.61,200,0.07032821000029799
2f24fab4-da12-4f20-9c2b-0d9a533c965b,1782297346.187216,1782297349.518051,3330.84,200,0.09216153699890128
efb6d053-27ea-4eb7-8e92-ffc4b5095d8c,1782297346.220726,1782297349.986915,3766.19,200,0.09189075999893248
93407fb5-2e29-4968-8986-f909030d82da,1782297346.221305,1782297349.797918,3576.61,200,0.08768665400020836
7483752a-7cbb-490a-a2c7-465f8ade78e8,1782297346.315985,1782297351.059584,4743.60,200,0.09484243499900913
7de0c73c-fff3-4913-b0a2-dad81a98dd9f,1782297346.363853,1782297351.738358,5374.51,200,0.07337281399850326
0f145a30-599f-430c-981c-bf4d072d06f4,1782297346.370506,1782297351.663080,5292.57,200,0.07885447599983308
2f24670e-bb16-49d4-a98d-fbd79942a7d4,1782297346.375786,1782297351.582302,5206.52,200,0.07723003700084519
a964963c-cce2-473a-bee4-47bd8372353e,1782297346.381196,1782297351.503372,5122.18,200,0.087156204999701
7bf996ce-ecab-4814-8486-516eccdd6812,1782297346.392415,1782297351.415730,5023.31,200,0.0818707890011865
e76f3b51-2a24-498c-ac45-66171fbaa616,1782297346.411003,1782297351.886759,5475.76,200,0.07044065999980376
a5984a5b-3435-4eb4-8529-c663d8d4296e,1782297346.426286,1782297353.218559,6792.27,200,0.10341105299994524
d3f56b18-f073-47d1-a36c-3dafd1ffc455,1782297346.435908,1782297352.926355,6490.45,200,0.06281728300018585
1c0efa28-7bab-4ea8-963f-6e11d05fceb3,1782297346.461487,1782297354.302430,7840.94,200,0.0696318339996651
c8badfbb-57ce-407e-946e-0c1ed55ec735,1782297346.465758,1782297354.231126,7765.37,200,0.0853480710011354
fa141991-15a1-44f2-9de8-7f7a48ad501b,1782297346.475122,1782297354.143186,7668.06,200,0.09124553699984972
462ec8f5-8e93-462a-9604-6e8f5f1e17c7,1782297346.487487,1782297354.050848,7563.36,200,0.08313112600080785
125f4df0-566b-4b2f-9feb-e992f77ed3c8,1782297346.503221,1782297355.796163,9292.94,200,0.0905283629999758
d2a5c9bf-adde-40e5-972c-0bf7ce288309,1782297346.545201,1782297356.371937,9826.74,200,0.07702189799965709
7565a2a0-4425-4225-8a38-6800b8953d1a,1782297346.551018,1782297356.293099,9742.08,200,0.06741234799847007
b89568c4-d0a4-410a-8e1e-ed8ba7dd0fa8,1782297346.571958,1782297356.630084,10058.13,200,0.08879463000084797
0833ec84-d013-4927-8f57-53ae2aa6f4b9,1782297346.595329,1782297357.640520,11045.19,502,
b71e57c7-8d86-43d3-9f1a-bfcad685a10d,1782297346.596078,1782297357.638811,11042.73,502,
bbf3d828-a39e-44bf-bc47-e7c1d00ceb0f,1782297346.622238,1782297357.688899,11066.66,502,
a0e88ef3-6a5e-4b99-94eb-cd3ef1114eb8,1782297346.626526,1782297357.688448,11061.92,502,
bbd96ae9-ec0f-46f9-a59f-2aee2bad5007,1782297346.628160,1782297357.689008,11060.85,502,
2b82c332-13eb-478d-9bd9-7c9b521ae64d,1782297346.708865,1782297357.728269,11019.40,502,
a45a9138-9062-47b8-b595-944a15a27b39,1782297346.799727,1782297357.818837,11019.11,502,
e06696c4-0310-41d4-a306-8bc84ed722ad,1782297346.844582,1782297357.883556,11038.97,502,
0a17c846-c841-46b9-8783-d2a87b874224,1782297346.854025,1782297357.883182,11029.16,502,
9c51d7fd-ec2f-4457-bcb5-0010c7eb5394,1782297346.942379,1782297356.951458,10009.08,502,
d1aa595b-229e-490c-87b1-69db25baf7af,1782297347.039183,1782297347.281452,242.27,200,0.07153385300080117
c57ff66a-51bc-4cae-ab8f-b94d8e99ea11,1782297347.082373,1782297347.643821,561.45,200,0.09126102600021113
ebe74584-5a12-4167-ad31-ba68ff8b6e5b,1782297347.110930,1782297348.144465,1033.54,200,0.08178263300032995
a872e19f-cba6-43fc-b8b0-063ed3b1cf54,1782297347.116847,1782297348.145067,1028.22,200,0.09826284799964924
4c23991a-83c0-4edd-8cdf-6cdeb76b2c46,1782297347.122178,1782297348.250933,1128.76,200,0.0976870720005536
ee978e6b-3892-4351-a188-9841c01e6e77,1782297347.123894,1782297348.431668,1307.77,200,0.09086593000029097
944545a6-f909-46fd-a0a3-754024307448,1782297347.189783,1782297349.224486,2034.70,200,0.09258280199901492
f8b60236-b2fe-4d19-8401-7c38b55cf778,1782297347.219586,1782297349.604190,2384.60,200,0.08271671199872799
1216c399-0c08-4558-939c-1361af288081,1782297347.258231,1782297350.311467,3053.24,200,0.1127330859999347
f238a069-7969-484b-89af-077823a64b97,1782297347.259040,1782297350.086720,2827.68,200,0.09773017000043183
ce9abf6a-b23f-4b2f-85ff-a2354c0877f1,1782297347.372262,1782297351.242008,3869.75,200,0.09668086399869935
c3329862-8f3d-4365-8569-40a55657dd65,1782297347.430332,1782297352.651377,5221.05,200,0.06890522899993812
c4d85ad8-8e58-4ac3-b836-ca6d44a78c68,1782297347.437925,1782297352.790356,5352.43,200,0.06714970600114611
30b7d456-6f67-4f1d-b1df-be45c7933f19,1782297347.444007,1782297352.790090,5346.08,200,0.06850546200075769
9469cdae-4675-4b23-b33a-6babe3732eb4,1782297347.450972,1782297352.861144,5410.17,200,0.07086904399875493
a60a32bc-6fab-4db4-a419-d46d83817ae8,1782297347.463120,1782297353.787616,6324.50,200,0.10641997800121317
b0c35969-d6e3-4402-9559-3c56a00c9e90,1782297347.487253,1782297353.787313,6300.06,200,0.08749993899982655
46570b94-01ea-425c-9d04-44e54ea83bae,1782297347.504548,1782297354.870434,7365.89,200,0.09166942400042899
fe90f1a4-e9c2-463e-8286-71ca5b0bfed4,1782297347.516542,1782297354.960886,7444.34,200,0.08959708200018213
db5dd5d4-5faf-44e6-a7b3-6afa7e2eab17,1782297347.546661,1782297355.797159,8250.50,200,0.10336993799865013
91c75ead-3dba-47fb-9112-3cefb7978479,1782297347.551130,1782297355.895314,8344.18,200,0.0989612160010438
e8c2d06a-e9cc-4d00-b4ef-cdbd6fc7f64d,1782297347.562880,1782297356.541573,8978.69,200,0.0753297270002804
70333bb0-192f-4df2-a07d-ef443efcdf56,1782297347.577150,1782297356.542277,8965.13,200,0.08844594999936817
97d34de7-39ba-4afc-a519-c888846e61ed,1782297347.598084,1782297357.395068,9796.98,200,0.09419490699838207
aa3bd6d7-0a25-48b6-8fb2-40ac552e3b85,1782297347.646475,1782297357.654422,10007.95,502,
37af5371-cbb6-413a-a264-859c8e29a4b3,1782297347.653944,1782297357.690730,10036.79,502,
a35d7521-5ccc-454f-9d10-4a99827171b1,1782297347.677268,1782297357.692805,10015.54,502,
a9abcc6e-6f04-48cf-9bc8-f4512c63fc78,1782297347.706097,1782297357.717359,10011.26,502,
50cefb7b-7148-41f1-b4a9-48cb6f621311,1782297347.707225,1782297357.716387,10009.16,502,
585732b5-6a48-42f3-8b8d-b607247e451a,1782297347.737553,1782297357.753539,10015.99,502,
0e128e62-af56-4687-9fb1-59b483721796,1782297347.947106,1782297357.962720,10015.61,502,
501ffda9-735b-4ba6-96b1-429d7f779b34,1782297348.038161,1782297358.045048,10006.89,502,
b4d1fda8-a784-46c7-9831-c3b4af6c17fc,1782297348.077820,1782297358.087265,10009.44,502,
c077e953-4036-45ec-a932-b24fbbbb554d,1782297348.105953,1782297358.113608,10007.66,502,
c1dbc3d8-2c4f-465b-bf03-a84d62b24b43,1782297348.110552,1782297358.138553,10028.00,502,
8f821460-815d-44f2-b914-2dc493eca7aa,1782297348.115778,1782297358.143722,10027.94,502,
cd17dde4-6ab4-4281-b23b-ed33fc6eb027,1782297348.117722,1782297358.144109,10026.39,502,
a65abcdb-8ee3-49b2-a351-30e32cc34949,1782297348.178519,1782297358.186152,10007.63,502,
c2980c17-248d-4bdb-bea3-c365d3ce8df2,1782297348.207707,1782297358.216945,10009.24,502,
f0364df2-b970-4a87-9074-aa792979c9fc,1782297348.243941,1782297358.255913,10011.97,502,
e7442d95-0ce8-4525-a304-79fca5e1c361,1782297348.244722,1782297358.256943,10012.22,502,
7b70592f-34ba-40fb-942e-deffc8c40ccb,1782297348.351855,1782297358.398965,10047.11,502,
3ac24cb6-8b11-4329-b8f5-ef0bb0debc1c,1782297348.405219,1782297358.411228,10006.01,502,
b253f594-fd61-40ce-85e9-45cf471c838f,1782297348.412335,1782297358.419631,10007.30,502,
a61111e8-c392-43a3-b4ff-9077d0c0eaa6,1782297348.417977,1782297358.425372,10007.40,502,
1f073528-9b6b-4325-8bcc-60414ee25067,1782297348.424396,1782297358.436072,10011.68,502,
8fe214fd-b879-4338-b7c8-6d1df66c32ef,1782297348.436509,1782297358.487242,10050.73,502,
f70fdd31-cda9-4a29-8d3b-19d6ba217a96,1782297348.458359,1782297358.465844,10007.48,502,
ad4a30f1-e468-4dfc-9aca-9c3785628544,1782297348.475461,1782297358.482948,10007.49,502,
a294593a-93ae-44f3-8ba0-a8903c312fc1,1782297348.485333,1782297358.493004,10007.67,502,
ae3da548-4170-432f-ae3c-d2104210c38c,1782297348.514247,1782297358.567617,10053.37,502,
65f8b9c3-3611-40f6-bc16-652bc4b9820b,1782297348.519259,1782297358.527056,10007.80,502,
4ce43f6a-24ca-4d20-b83f-13fbfb36f343,1782297348.529331,1782297358.539223,10009.89,502,
242bbf32-292b-46e0-bf1d-906c4b80442f,1782297348.542579,1782297358.550534,10007.96,502,
f2374ad9-92f7-4634-a276-06b96701e020,1782297348.561374,1782297358.568853,10007.48,502,
ac5d9626-7dfe-4463-ba4d-85405e265501,1782297348.608462,1782297358.615605,10007.14,502,
e8d7ed73-3a07-490d-8683-39fb36348301,1782297348.614646,1782297358.622014,10007.37,502,
cbe2f12b-ff6f-4658-9054-4a548b25b806,1782297348.636471,1782297358.643398,10006.93,502,
91311456-b0fc-4298-a2f0-92c7a0b7e4aa,1782297348.664886,1782297358.677308,10012.42,502,
b7ab7655-5b0f-4b82-a771-f996081102fb,1782297348.665551,1782297358.676872,10011.32,502,
8da0bc14-67a0-4a10-a427-cfc1d40140d9,1782297348.694228,1782297358.702334,10008.11,502,
5418b0b4-2fc4-4970-9207-7bdd0ced207d,1782297348.699748,1782297358.706642,10006.89,502,
e3ee5df7-4a11-487c-98e3-00b6ea5a7f93,1782297348.701570,1782297358.712283,10010.71,502,
7a0e202f-4b45-4afa-819b-7c8b5a41c7a5,1782297348.949404,1782297358.962823,10013.42,502,
c6325d65-1484-45db-bd18-4cb016721df2,1782297349.042488,1782297359.049894,10007.41,502,
082f3efc-a86f-4f18-bc3e-45341919cc3e,1782297349.083608,1782297349.189595,105.99,200,0.09613832700051717
4e8756ce-8002-482d-bf3b-85ec42c29ba0,1782297349.112485,1782297349.281430,168.94,200,0.0894952500002546
ae090887-8dca-43ea-9420-82ac3a23f55d,1782297349.117881,1782297349.391969,274.09,200,0.10860646900073334
81809c73-15ef-47ae-bba2-05a3f5b14dea,1782297349.122713,1782297359.133846,10011.13,502,
a593fb5c-d52c-4bcf-afef-41019827eaea,1782297349.124785,1782297359.134137,10009.35,502,
403dee8b-4462-425c-85da-cbf5875bda65,1782297349.187644,1782297349.486372,298.73,200,0.09256558699962625
42783e89-849c-48b5-8667-e87a8079a989,1782297349.216592,1782297359.223459,10006.87,502,
c8ec84ed-e540-4012-87f8-04ee49e73eaa,1782297349.255179,1782297349.681670,426.49,200,0.09673812400069437
bc1c5e3f-a265-4228-921d-6bf7d42447fb,1782297349.255892,1782297359.269095,10013.20,502,
2f08020c-eb26-440c-9760-0cd45418c85a,1782297349.365062,1782297359.371789,10006.73,502,
1a96cbfd-bbf4-4cac-a0ad-2e81640cab98,1782297349.420799,1782297349.681219,260.42,200,0.09059902499939199
d1a25eeb-e712-49d6-b072-0734a4afa920,1782297349.428287,1782297359.438641,10010.35,502,
130f40a0-5d79-410f-b9e5-95564f0a955e,1782297349.434558,1782297359.443129,10008.57,502,
15f632ce-81e7-4060-80a9-b035415ecd5b,1782297349.441132,1782297349.763828,322.70,200,0.08256720600002154
0e0566b5-09dc-4b4f-ad70-c78f2b83c539,1782297349.453833,1782297359.461323,10007.49,502,
6ecc12aa-2b66-40fe-b9fa-10acbf112443,1782297349.475597,1782297359.484755,10009.16,502,
0c1d5a54-1ddd-49dc-909a-c467b67d5deb,1782297349.493234,1782297359.501499,10008.27,502,
ba80b8dd-8dce-4bdd-9a81-b4f0e890d051,1782297349.505073,1782297349.941948,436.88,200,0.07731932499882532
7cfdbddb-2a41-4d0f-aebd-8ca2d9660cb3,1782297349.534467,1782297349.941217,406.75,200,0.09415695700045035
af1e945b-2ac7-4d89-a489-a08c2da96fef,1782297349.538612,1782297350.034259,495.65,200,0.09220393000032345
7f11fe9d-4a48-4fb7-8e0b-544244793282,1782297349.550475,1782297359.558735,10008.26,502,
e12e9258-b07c-4308-ac70-eafac954385c,1782297349.563479,1782297350.141070,577.59,200,0.10403908700027387
1f1894ec-4687-445b-8730-0fe3a59f8269,1782297349.582551,1782297359.596424,10013.87,502,
a0cda5d0-9a00-4edf-9dde-cc502e682c90,1782297349.630836,1782297359.644369,10013.53,502,
bed5a134-c9fb-4aef-948e-27dc1d4e8161,1782297349.637899,1782297350.246598,608.70,200,0.10336381999877631
155d4ab7-a68e-4090-89e9-3d9281b789bb,1782297349.659520,1782297350.370909,711.39,200,0.12071427500086429
065f1651-603a-4d19-931d-651325fd3912,1782297349.688109,1782297359.698825,10010.72,502,
22d8301f-849e-4dda-8aa0-7045973acca9,1782297349.689253,1782297359.699621,10010.37,502,
a1968449-09a9-4b9e-b2e0-5e78645f44af,1782297349.718427,1782297350.480093,761.67,200,0.10959889100013243
571e6435-7694-4f0f-bc07-253f3e66c80f,1782297349.724375,1782297359.734107,10009.73,502,
50e9cd26-b6a5-4ea2-a10d-354409280aea,1782297349.953940,1782297359.974042,10020.10,502,
1d3f0275-f12e-4273-8906-0148ea36fb71,1782297350.034505,1782297350.643482,608.98,200,0.08998588900067261
0dfc5885-fdfb-49dd-a8d4-75608956e4b4,1782297350.069233,1782297360.079872,10010.64,502,
931593db-6960-43bd-85ec-f7519b2d5c53,1782297350.093461,1782297350.643918,550.46,200,0.06905894900046405
3cb29de9-b437-446a-b3d4-93032777eabd,1782297350.097593,1782297350.716054,618.46,200,0.07203199000105087
732e96f5-12f5-40d3-a7ed-aadad40d89f3,1782297350.102583,1782297360.119650,10017.07,502,
3cb2eff9-3172-49d7-8273-f5e1ec512eb9,1782297350.103725,1782297350.795977,692.25,200,0.07822656799908145
679f8b58-7c28-4ace-a0fb-f43227591243,1782297350.160166,1782297360.172055,10011.89,502,
41c30739-97a7-42c5-87f2-b54d77452adc,1782297350.183099,1782297360.191922,10008.82,502,
a7ca29d4-6e6c-4e76-9775-12a632bb4bad,1782297350.216720,1782297350.947853,731.13,200,0.07528666000143858
8498122e-1066-436e-9b0a-d0e34bedf773,1782297350.218012,1782297360.232523,10014.51,502,
e54b39f5-ed4c-4955-a86b-9fd0686b6ad3,1782297350.311970,1782297360.321560,10009.59,502,
b213a644-acec-48f5-aa84-14ccef0e4076,1782297350.360126,1782297350.947166,587.04,200,0.0702704380000796
d77770ec-81c4-4771-9162-c064fe2018ba,1782297350.366872,1782297360.441751,10074.88,502,
94af5565-1bf1-4fd9-971e-2ee526bd5446,1782297350.372202,1782297351.021374,649.17,200,0.07372781200137979
6d946bb5-e3f8-4ece-8130-4b3d7ca89387,1782297350.378044,1782297360.402409,10024.36,502,
5fe4c454-4a83-4300-a2dc-774bcf9f142d,1782297350.387686,1782297351.104060,716.37,200,0.0809037899998657
eec4306f-65d6-47ba-90ec-54bc0711238b,1782297350.409201,1782297351.204252,795.05,200,0.0980369500011875
45c66838-00fc-4fff-bd26-17b8c7f47e01,1782297350.423087,1782297351.298095,875.01,200,0.0881424250001146
38923413-8831-449c-a8d6-740f8dac2969,1782297350.432725,1782297351.468563,1035.84,200,0.08280576600009226
61ff4cb3-f0b0-4ba2-b1cc-74dec7758765,1782297350.457769,1782297360.467837,10010.07,502,
414d8916-979f-4560-886d-f2eb83433c49,1782297350.462258,1782297360.471558,10009.30,502,
73a01f60-5825-473e-9041-64b8c8041e06,1782297350.471626,1782297351.469125,997.50,200,0.0859766989997297
4e5fef4b-541b-43bb-b524-ba51b5918f9b,1782297350.483996,1782297360.491601,10007.60,502,
6c2b428e-f72f-489c-a0ed-baadc83b4b05,1782297350.500473,1782297351.617064,1116.59,200,0.0714629199992487
f98cd581-a591-40ac-8f27-cdeb293581eb,1782297350.542143,1782297360.549649,10007.51,502,
e1f4c12c-588e-4680-ba74-01ebbbf8ed08,1782297350.548240,1782297351.616784,1068.54,200,0.07490216599944688
5427c758-791a-4de3-8154-cd7c73d79156,1782297350.566672,1782297360.573663,10006.99,502,
463869e7-c399-49ef-90f3-01a2fb1d3c65,1782297350.591570,1782297360.602279,10010.71,502,
6f1f67fb-4238-435b-897c-6e9f61f0e498,1782297350.592577,1782297360.602007,10009.43,502,
37b8423d-8107-4480-93ff-0f677d439c8f,1782297350.618207,1782297351.702872,1084.67,200,0.08465065999916987
a0493dcf-d93b-44d4-ac1e-f2f688f81d07,1782297350.622735,1782297351.840443,1217.71,200,0.07292627900096704
3cec8c7f-5632-41c4-9b3f-c65b3530b4d4,1782297350.624880,1782297360.634400,10009.52,502,
5401878a-0f57-4cff-a832-f81af441b687,1782297350.705287,1782297360.711972,10006.69,502,
2fecd18e-7a4f-4fb4-8755-ea4af5246795,1782297350.796293,1782297360.803616,10007.32,502,
6cb9c115-182f-480b-b52a-86bf05684551,1782297350.840617,1782297351.840165,999.55,200,0.06119605900130409
26b2c15b-acf6-465f-8dbb-96a9e49352f7,1782297350.851706,1782297351.914679,1062.97,200,0.073664887000632
c28f1a5e-b677-47a7-a3d3-9220f5b1eace,1782297350.961321,1782297352.080935,1119.61,200,0.08568180199836206
8ce9127f-54c1-405e-ab39-e1689bee5739,1782297351.051116,1782297352.081680,1030.56,200,0.07445631900009175
5f38064f-c1c1-4b54-a652-73f128f5e8f9,1782297351.091744,1782297361.100203,10008.46,502,
b278f716-c68d-4d93-a5a3-c35ad251b95b,1782297351.119274,1782297361.128093,10008.82,502,
1ec1926f-e8c1-46c2-9843-df3a83e432e5,1782297351.123854,1782297361.134384,10010.53,502,
6c2844ed-284f-4bdf-963a-b4c18329bd9d,1782297351.129256,1782297352.242002,1112.75,200,0.08190230199943471
e28aa1e3-a439-44fc-955a-1f8fc25f8204,1782297351.130983,1782297361.143555,10012.57,502,
48c17f22-b561-4529-9900-785d565ac1c9,1782297351.192076,1782297352.242324,1050.25,200,0.07520597599977918
d973ca16-3fb8-4ab8-9789-4676681cb0ca,1782297351.220059,1782297352.318022,1097.96,200,0.07516230900000664
cf4f7032-3016-45fb-bb1c-6e07ed108606,1782297351.257172,1782297361.268945,10011.77,502,
c9eb8c97-4d26-4539-b2c0-303dc48b23d8,1782297351.258404,1782297352.477320,1218.92,200,0.07902356799968402
0d445942-f5e5-438c-bca3-831704a0a0a8,1782297351.364440,1782297352.477586,1113.15,200,0.0749281369990058
53348476-4618-4d39-ad91-704ebdaaa00e,1782297351.418192,1782297352.564394,1146.20,200,0.08690350800134183
4bba4c73-2cde-4b2e-8107-fb3e6bd21262,1782297351.425532,1782297361.440173,10014.64,502,
d352a32c-d3de-463c-8b37-bf4f55b64732,1782297351.431641,1782297352.627309,1195.67,200,0.0611296589995618
f8fcd51c-a5f6-4802-b8fe-6c41cc98f277,1782297351.437540,1782297361.454968,10017.43,502,
8ce0cb67-c792-479c-942f-30e8cdcdf9ac,1782297351.450139,1782297361.464733,10014.59,502,
0c10c815-b754-43c2-b047-d2ed4c019f72,1782297351.472214,1782297352.697094,1224.88,200,0.06844610200096213
9895b36b-7fbc-4af0-b3ac-36d327cdb393,1782297351.488348,1782297352.826702,1338.35,200,0.06577617199945962
04431756-a36d-47ff-a3c5-9b9adbbb663e,1782297351.498922,1782297352.826351,1327.43,200,0.060177459999977145
90b07ea0-c58a-4306-a6e7-48b963d307d5,1782297351.527549,1782297352.894222,1366.67,200,0.06750792800085037
788a8103-1927-4cb5-a9db-09c8ba256bda,1782297351.531948,1782297361.539532,10007.58,502,
c3913211-5ec7-4d52-9480-e2c2a0651ae9,1782297351.542557,1782297361.598549,10055.99,502,
58264d5b-fab3-4b97-acc7-c2f9b28c3c57,1782297351.556704,1782297361.564638,10007.93,502,
a3030947-ee60-44b2-af25-edbf079b9c1f,1782297351.575197,1782297361.583068,10007.87,502,
1b8f8d18-73aa-407f-98d8-20b39bae756a,1782297351.621330,1782297352.965416,1344.09,200,0.06964131300082954
4e467633-b3d4-48e2-bae2-1dd2eb4cb388,1782297351.628374,1782297361.635456,10007.08,502,
0af1831d-51f8-4354-9347-ad01adade682,1782297351.649960,1782297361.657670,10007.71,502,
56678c44-8a6a-42ef-b726-ff6cd57a8c80,1782297351.678449,1782297361.734464,10056.02,502,
f9502f63-0f2a-4ff2-82e1-514f89eb6d84,1782297351.679227,1782297353.043663,1364.44,200,0.07530275300086942
0982843b-7efe-47f4-b8cf-41cec60db0d6,1782297351.706900,1782297353.148143,1441.24,200,0.10356665100152895
d0a59fcb-4d6d-46ea-9008-49d32eceb299,1782297351.712762,1782297361.722020,10009.26,502,
6667e8b6-aef3-4429-b623-fc0ca10fbb86,1782297351.715410,1782297361.722913,10007.50,502,
57f22620-6112-42cc-908f-c648eb17cd37,1782297351.960880,1782297353.262801,1301.92,200,0.11202057499940565
18d088b6-89c8-4002-bd0d-87b1c594ae35,1782297352.051271,1782297353.337059,1285.79,200,0.07173844800126972
8b3bc179-aa47-41f2-a17f-ebd436af776a,1782297352.092230,1782297353.424275,1332.04,200,0.08778013899973303
9b8ba0b8-e051-4a7d-b058-a46dcf5f8ae4,1782297352.119183,1782297353.514786,1395.60,200,0.08676762899995083
e3927897-03b4-4ee8-8ffa-0dcca58b6b37,1782297352.124356,1782297353.609456,1485.10,200,0.09441617100128497
14028258-e9a0-411a-9f06-b90c7b649628,1782297352.129730,1782297353.698129,1568.40,200,0.08712058200035244
a187450f-714e-4c27-ae7b-db50a3866c11,1782297352.131009,1782297353.778092,1647.08,200,0.07796692400006577
1d4457a1-548f-4082-8688-97c9618c9862,1782297352.191972,1782297362.199488,10007.52,502,
61f82596-a92a-4b82-b374-29d8ee5d98ac,1782297352.221035,1782297362.229625,10008.59,502,
9f4ad247-930c-417b-981d-a9d4fd71247b,1782297352.257769,1782297362.270484,10012.71,502,
91681d1a-c31d-421a-9274-aa02aa1ed504,1782297352.258423,1782297362.270161,10011.74,502,
f67645d2-d5a4-4c11-87df-8c8ca28ca19a,1782297352.365186,1782297353.849480,1484.29,200,0.06898581499990541
8c338df6-f20b-4411-8639-6429eaa4ad1f,1782297352.419863,1782297353.937852,1517.99,200,0.08693136399961077
1fd79182-85f9-4a3d-89cb-44d57c8cecdf,1782297352.425655,1782297354.119572,1693.92,200,0.09174662499935948
cce47244-c7ba-430e-bd2d-fe23b48e6bba,1782297352.431664,1782297354.120434,1688.77,200,0.07952328900137218
66366545-8896-4f3a-a5f4-6aaf5da00ad1,1782297352.438022,1782297354.311197,1873.18,200,0.1069894119991659
3a359721-2795-483b-a314-1f8841ef0718,1782297352.448836,1782297354.311567,1862.73,200,0.0855906730012066
50eb89df-f999-48c6-86ed-67f6337f9709,1782297352.471238,1782297354.392604,1921.37,200,0.07990479099862569
5ffe6ec6-f3ca-4772-85ec-0f4a59ca8369,1782297352.488969,1782297354.469878,1980.91,200,0.07496563200038509
e00921ae-22c7-4069-aa1c-737aea28afa5,1782297352.500478,1782297362.511617,10011.14,502,
4398cddd-48e4-49d9-b2fd-35e2a2804e70,1782297352.527418,1782297362.584114,10056.70,502,
09ab9eaa-f800-4f9b-8fe5-8c9056d90303,1782297352.531871,1782297362.543427,10011.56,502,
e19f00fb-4f63-468a-b78f-895375e28542,1782297352.542736,1782297354.618029,2075.29,200,0.06496345300001849
9e8b7ea7-c7a1-4c80-be2b-722b511d890d,1782297352.556783,1782297354.617271,2060.49,200,0.07969660200069484
3a38a158-e1c5-4faa-816d-41c92ae03fa9,1782297352.575169,1782297362.584465,10009.30,502,
b2382667-d99d-4455-8ecb-dccc2f04ef60,1782297352.621709,1782297354.722214,2100.51,200,0.10129660299935495
752dcb19-3fdd-41ac-8a95-208977046fc6,1782297352.627788,1782297362.634332,10006.54,502,
7c5a87b9-317f-495f-8002-d027d916bcf0,1782297352.650095,1782297362.655974,10005.88,502,
280ee8ae-41d8-44cf-97a7-fce644faf1b4,1782297352.678866,1782297362.688348,10009.48,502,
40997477-2cf4-4fa2-b5c4-6366831110ec,1782297352.679468,1782297362.687503,10008.03,502,
f8c367a2-5ae0-4e3e-8d5e-daecb588dccc,1782297352.707052,1782297354.809915,2102.86,200,0.0850772350004263
b6de8c23-d663-4e6a-8d00-2f380224988c,1782297352.712775,1782297362.762428,10049.65,502,
4f42247e-71d8-4779-91d1-02bf08ed5f49,1782297352.714699,1782297362.721936,10007.24,502,
886b20d0-7373-40ed-bb63-b6851f315384,1782297352.963804,1782297355.009556,2045.75,200,0.09742926799845009
26ae30e1-33c6-4c96-bd59-85ceb569914e,1782297353.046736,1782297355.008777,1962.04,200,0.09386053900016122
b2b53d8a-80a5-4a16-a995-af80350e3f9c,1782297353.082925,1782297363.094700,10011.77,502,
88d0ec28-88ea-4614-9341-1acd342b648a,1782297353.107790,1782297355.090389,1982.60,200,0.08179891500003578
631c35f3-5436-439e-8fdb-fada0452219b,1782297353.112975,1782297363.136929,10023.95,502,
a409701d-223a-4729-938d-f53a5b9dddfe,1782297353.117706,1782297363.137216,10019.51,502,
f9da22cc-c636-44bf-a227-276e4d8da82d,1782297353.118831,1782297363.138595,10019.76,502,
49b2afef-dfde-4524-8c62-a86de2c03d4c,1782297353.175575,1782297363.194484,10018.91,502,
6f6c1cbb-82bb-414c-aef2-71aee1c18bd6,1782297353.200994,1782297355.193617,1992.62,200,0.09871523999936471
c9edf0c1-dce3-4440-a828-fc63b4b5b453,1782297353.234663,1782297363.249660,10015.00,502,
cf8db512-a441-46f7-89a6-096efafc23c4,1782297353.236075,1782297363.251361,10015.29,502,
59ca76df-dbca-4d54-8c3b-776eb61da2e4,1782297353.332623,1782297355.383233,2050.61,200,0.10571832000096038
dcce8681-7b1b-4055-8445-4cf2c8e17284,1782297353.382321,1782297363.394870,10012.55,502,
9491bd36-bec0-47ce-891e-ed219f1c858c,1782297353.388908,1782297363.398479,10009.57,502,
981f916c-1dd7-4725-9b8d-a490913ed4af,1782297353.394380,1782297355.383549,1989.17,200,0.08077795799908927
9c3609ad-ff14-4812-9a54-b53974908b02,1782297353.400319,1782297355.568795,2168.48,200,0.08973244200024055
699ca9cc-e35e-45c4-891b-c39550e7b9b6,1782297353.410167,1782297363.418736,10008.57,502,
06b8983c-9c9b-46a6-a15d-aebfbec04bcc,1782297353.431469,1782297355.569366,2137.90,200,0.09160862600037945
31cb3eb4-4844-4a59-8efe-eea12f3988b9,1782297353.447483,1782297363.453907,10006.42,502,
8dde6561-b647-4bda-b061-4cf4f71d0f06,1782297353.456206,1782297355.638496,2182.29,200,0.06932265999967058
82e6217a-2f1a-4ddf-b92d-f57f981e5be2,1782297353.482688,1782297363.496748,10014.06,502,
aa62bf2a-f53c-4f46-850a-ec413a19101f,1782297353.486677,1782297363.500813,10014.14,502,
903ba9bd-c109-475c-a5ca-e5f3d90f9805,1782297353.496017,1782297355.814876,2318.86,200,0.07841728899984446
2a594aab-b36a-4e4c-9da2-cab2967a3a1b,1782297353.508632,1782297355.814344,2305.71,200,0.09220694699979504
b57a1417-9bfa-445b-a608-1aeec3927013,1782297353.525788,1782297363.534484,10008.70,502,
42fb7593-2c97-480d-83d3-fd43299cf67d,1782297353.569190,1782297363.579511,10010.32,502,
a93bdd11-2ea0-4e97-aedf-85e8959e5e47,1782297353.575219,1782297363.588811,10013.59,502,
480ea74a-85a9-4982-95db-12069abbdf2a,1782297353.595154,1782297356.006821,2411.67,200,0.10082951200092793
50b27123-7bde-4a04-8279-be2c26e322ba,1782297353.619419,1782297356.007200,2387.78,200,0.08878834299866867
f5da12c6-5a2c-4e8d-adf8-00ccb2830504,1782297353.621245,1782297356.084082,2462.84,200,0.07688440699894272
c3cb106c-14e6-440e-8fa8-1a700312ebe6,1782297353.646925,1782297356.168584,2521.66,200,0.08299507099945913
9906e4df-0d37-4a96-9668-b8dce5823741,1782297353.652389,1782297363.703646,10051.26,502,
243009cc-b6c3-4dc0-9af7-15bf3770d838,1782297353.653780,1782297363.662373,10008.59,502,
ececdc41-f9eb-41de-93d8-1f4787be1ff1,1782297353.737010,1782297356.238612,2501.60,200,0.06828023600064625
60ddafdf-14c6-46a2-a2f5-3ede2d345db4,1782297353.831292,1782297356.316372,2485.08,200,0.0767128520001279
e3bf3af1-6e94-4263-8702-62d98fdad44a,1782297353.876884,1782297356.394606,2517.72,200,0.07636929299951589
d5b6d792-5031-4b48-9caa-b15b2837e6de,1782297353.969329,1782297364.030963,10061.63,502,
5f386c36-c61c-46cd-937b-be65922aa619,1782297354.046061,1782297356.482205,2436.14,200,0.08544195399917953
ca2dd6cd-63b9-4dd6-b84f-31cb63ae8267,1782297354.081397,1782297356.573511,2492.11,200,0.0893461159994331
198842e7-0e36-4429-9acd-31da0effa78e,1782297354.105462,1782297356.670584,2565.12,200,0.0890505959996517
93ab7a8b-4241-45a9-bc1a-be5fc6173b25,1782297354.109077,1782297356.783654,2674.58,200,0.11485151099986979
94554363-5bdc-4f3d-bd77-b8febd9a96d8,1782297354.114295,1782297356.967752,2853.46,200,0.09679900599985558
7b50301e-c25c-491f-aefe-4e7f0c7122e9,1782297354.115678,1782297356.968199,2852.52,200,0.0844209309998405
5559ea59-164d-4c7a-a7ed-df9f3a0f2342,1782297354.168789,1782297357.038621,2869.83,200,0.07038545400064322
d75a7ace-c1bd-4256-bcf8-16aa20c031cf,1782297354.192292,1782297364.243369,10051.08,502,
39c02c61-5e32-4792-8f4a-f1505dda323c,1782297354.224920,1782297357.119809,2894.89,200,0.07931824600018444
57030ade-51f8-4e07-902e-e28afb3e1eb2,1782297354.225713,1782297364.234547,10008.83,502,
57333c12-0510-44a9-a3a3-c0b7c683ba7f,1782297354.317817,1782297364.326016,10008.20,502,
9abd9466-39e6-4f9e-8ca1-f82d636c8b44,1782297354.365148,1782297357.215677,2850.53,200,0.09419678899939754
aee50de1-c2c2-4083-ab05-d7912c381b78,1782297354.371161,1782297364.383278,10012.12,502,
db6da6b0-98d2-4287-a725-893a1e064d89,1782297354.376052,1782297364.387468,10011.42,502,
7e6fdd1e-c022-4782-a9c9-a37bd7e0f0ac,1782297354.381807,1782297364.436401,10054.59,502,
4b742062-a2fd-46b3-9e61-963bd04bf927,1782297354.391594,1782297357.305352,2913.76,200,0.08774905700011004
a4154911-d2c1-4974-91bb-ed3e5672b935,1782297354.410401,1782297364.418939,10008.54,502,
3278bc44-e78e-4be4-8c9a-a2b1f170a6af,1782297354.425871,1782297364.435005,10009.13,502,
e6b5ece6-8ed2-4e33-aff4-a859871eff4e,1782297354.435167,1782297357.491602,3056.44,200,0.09295930000007502
89b0db05-aa02-4746-aac0-8571b22d35b1,1782297354.459459,1782297357.492281,3032.82,200,0.08698126499984937
04b3fd00-d5b8-486e-b58d-3ce590750b89,1782297354.463890,1782297364.474401,10010.51,502,
809357de-8a93-4210-bcb4-cab1879e7f23,1782297354.472553,1782297364.480520,10007.97,502,
ae97c6c1-dd55-4f28-b4d8-13dcc821c4b4,1782297354.484944,1782297364.492530,10007.59,502,
81df9398-c7ce-4f54-8e43-33a109bb2eaa,1782297354.500912,1782297364.508873,10007.96,502,
574dbf3d-ea4e-49a9-aebc-9aa37d72f26f,1782297354.541784,1782297357.569915,3028.13,200,0.07809371999974246
1cf3c520-d566-455e-b5f6-96f7300cfe8e,1782297354.547142,1782297357.664047,3116.90,200,0.09262619699984498
56691489-e2b4-4264-a12e-89c72bf315f8,1782297354.566544,1782297364.579882,10013.34,502,
e86440d5-7810-43af-bd4a-58dc387208e9,1782297354.589421,1782297357.748519,3159.10,200,0.08296017499924346
42c91979-5e36-4c38-8249-56c237fa6f06,1782297354.590773,1782297364.642811,10052.04,502,
43d4724a-6aa8-4a00-82a0-be4a394a0c29,1782297354.615375,1782297357.840564,3225.19,200,0.08827727400057483
5838cf83-a51f-4841-8a01-72fd69632ce2,1782297354.620177,1782297357.936640,3316.46,200,0.09252752700012934
f53cfc36-42ab-4374-b42c-469b89d193dc,1782297354.653410,1782297364.665438,10012.03,502,
b7606064-9fcc-4641-b1e2-a9bc921c5f2b,1782297354.700517,1782297364.708928,10008.41,502,
d1c45901-5024-4e06-bfd9-d8a61a59b7e5,1782297354.753912,1782297446.015029,91261.12,200,0.06126250600027561
63b0f642-744b-4f32-b876-ebc9f827e721,1782297354.790269,1782297364.847956,10057.69,502,
06b89a80-ebd3-4b8f-96bf-671e72a9fbfa,1782297354.832913,1782297358.019787,3186.87,200,0.08156304800104408
b5a29f27-a2cb-4a70-a83c-03884095e507,1782297354.841989,1782297364.851301,10009.31,502,
4dd323d0-38a7-4dd0-ae35-b109768af68d,1782297354.844816,1782297364.852230,10007.41,502,
3a3d1af1-d9a7-40ef-9118-f6a04a815f2f,1782297354.969913,1782297364.987201,10017.29,502,
f4d84f5c-5884-4f53-8895-c08b04897b09,1782297355.052883,1782297365.059212,10006.33,502,
d3e4422d-113f-4fbf-a8a6-0cf62e45ecb9,1782297355.088681,1782297358.096135,3007.45,200,0.07512530500025605
aa947092-66c2-4c03-978e-09835bc4e86d,1782297355.113977,1782297365.125077,10011.10,502,
16c8d8ae-3407-497d-ad44-1c4a53cb55a3,1782297355.119371,1782297358.177180,3057.81,200,0.07853532300032384
2b52f917-6c03-4968-8794-8326bc51dda1,1782297355.123283,1782297358.271325,3148.04,200,0.09122632799881103
fe1bb749-4ac0-4188-9f25-c4a42503024c,1782297355.125286,1782297358.443119,3317.83,200,0.0903645280013734
fa04a393-50e7-4aae-b00c-4b0d8449aed4,1782297355.180999,1782297358.442895,3261.90,200,0.07433734700134664
c2f5787f-b688-4470-bccb-a52f1bb9d821,1782297355.206960,1782297358.526072,3319.11,200,0.08364599700144026
815f4a22-42a7-43bd-a31a-b13b53f85242,1782297355.240859,1782297365.254366,10013.51,502,
6c15f130-6e8f-4a12-b7f0-d3e4f5a5db33,1782297355.241723,1782297365.253024,10011.30,502,
42619479-6e16-4bed-bcc0-83e75438a2d3,1782297355.338809,1782297365.347153,10008.34,502,
a513f38d-ad2a-44fe-a7e6-2606ea63a630,1782297355.388800,1782297365.395569,10006.77,502,
39f4da70-6ed8-453a-9db1-cd3dd7ad0af5,1782297355.395208,1782297365.403671,10008.46,502,
0d77851f-296e-46e4-a84c-df420e708066,1782297355.400776,1782297358.712635,3311.86,200,0.09183991400095692
444d5b8b-05b6-4b2c-a9f7-9caaa458a997,1782297355.405950,1782297358.712240,3306.29,200,0.08639028600009624
703b428f-d8a5-47f6-8547-3ede580890a8,1782297355.417755,1782297365.426144,10008.39,502,
7f960c4e-a9e8-4225-956e-aee461322c41,1782297355.436982,1782297358.789143,3352.16,200,0.07959639000000607
7a254f16-1834-40c9-bca6-53fc8e3ff577,1782297355.452466,1782297365.459823,10007.36,502,
765731f8-08d9-4809-87f0-3967490cea65,1782297355.462026,1782297355.464873,2.85,503,
47a58acc-c0cf-458f-b672-bfe7de141921,1782297355.488541,1782297355.490563,2.02,503,
8ff31790-9243-428b-990c-002df1f437ff,1782297355.493018,1782297355.494302,1.28,503,
da84047e-997d-4f94-91f0-36ec3f52ad76,1782297355.502934,1782297355.505017,2.08,503,
ee3fb3cc-c4d0-40b5-b329-7f3b1c015b9b,1782297355.515437,1782297365.523238,10007.80,502,
a872e13e-4174-49ed-bbec-be38270ea934,1782297355.531636,1782297358.870962,3339.33,200,0.07965712599980179
e47d8dc2-d519-4772-8ca4-25ea7bb61218,1782297355.574933,1782297365.583025,10008.09,502,
2257541a-f815-485d-93bd-4526830c11f0,1782297355.580622,1782297358.966083,3385.46,200,0.09315068300020357
b57161b3-f6d5-45d8-b241-9f8bf741894c,1782297355.601112,1782297365.608128,10007.02,502,
5730d991-bac0-4fdf-9d21-6d7b880583b4,1782297355.626120,1782297355.629293,3.17,503,
c9f081b5-6588-410d-bfd6-f08704893e3f,1782297355.627402,1782297355.629601,2.20,503,
0dce36fd-6854-4a34-be16-27544d1d7f34,1782297355.652934,1782297365.658033,10005.10,502,
09638eb8-d650-4777-99c7-6d08f844f1d0,1782297355.658678,1782297355.660442,1.76,503,
2f5c91e8-5927-460e-bae4-37715e9cdf42,1782297355.659584,1782297355.661735,2.15,503,
42ee66a9-adda-4a02-9309-3dba03878740,1782297355.743267,1782297355.745423,2.16,503,
da7e5fe1-de31-4d6e-9676-66e6ee01bd54,1782297355.836022,1782297359.038529,3202.51,200,0.07043592099944362
cdad1cf1-9442-475f-aa07-8d290c8c3f96,1782297355.882021,1782297365.891045,10009.02,502,
b6efb739-c2bb-428f-8bf6-eba0f6664ea5,1782297355.973537,1782297365.993845,10020.31,502,
4705acad-eb99-4b03-8911-192a73499ffb,1782297356.066815,1782297366.075099,10008.28,502,
f117ffea-14ec-4544-8706-90a8306fc58e,1782297356.107902,1782297359.112962,3005.06,200,0.07298598299894365
70a14c5b-cfa1-439d-b8ae-50fbff35c3f6,1782297356.136553,1782297359.294021,3157.47,200,0.08941726700140862
67ec0f3f-fab8-4c2d-b87d-585598b7750c,1782297356.141813,1782297366.154321,10012.51,502,
34171d17-8922-4470-9e42-90147517e311,1782297356.146909,1782297359.293643,3146.73,200,0.08745848000035039
01f1bd0e-02fc-44a7-9a77-644c53ea2dad,1782297356.148582,1782297366.156799,10008.22,502,
1f1c9a3d-5b4c-442d-b2d4-8d989a813a68,1782297356.212146,1782297359.473392,3261.25,200,0.08243273599873646
489556a9-61f6-4618-bb5e-bf834afcd0f7,1782297356.241450,1782297359.472980,3231.53,200,0.09170848399844544
d3dbbf66-e1e7-42b8-ae5c-2bc3ec7d321d,1782297356.280232,1782297359.570391,3290.16,200,0.09736597600021923
d6e6fa58-7872-42ba-a8e6-7f9e0b8eda53,1782297356.281217,1782297366.291104,10009.89,502,
ab3fe523-5756-45c1-802f-8cad8304a2cf,1782297356.389718,1782297359.659948,3270.23,200,0.08828381100101979
fcaa4ae4-0ae4-4810-bec1-fff15417394a,1782297356.445483,1782297366.452549,10007.07,502,
83a10a96-d123-4738-939a-690fe1edfb62,1782297356.452587,1782297359.746917,3294.33,200,0.085743180999998
b5741ecd-e794-440e-a7cb-b39f16f1466e,1782297356.459287,1782297366.518903,10059.62,502,
9587300a-225b-4b24-9a23-e305885ba0a3,1782297356.464860,1782297359.831962,3367.10,200,0.08246724599848676
5e5084d6-8e4d-4c9e-8e9d-86fa2923140d,1782297356.476795,1782297356.479171,2.38,503,
c55e1fc5-c191-4367-a960-4582dd48b44c,1782297356.499908,1782297366.508235,10008.33,502,
4bcc237b-94dd-47e2-816e-1bc43a940b01,1782297356.517398,1782297356.520696,3.30,503,
fc673f41-1bd6-46f3-8f52-63a38639392f,1782297356.528422,1782297356.531873,3.45,503,
34e64bd0-27af-4a64-b995-4a579d25e0c6,1782297356.559504,1782297359.924624,3365.12,200,0.09216718400057289
96f413a5-6c2a-4c00-89ae-35bb670d8236,1782297356.562764,1782297366.614259,10051.49,502,
156f545c-37e5-479c-a186-17adc2029fbc,1782297356.573002,1782297360.031404,3458.40,200,0.10350276600001962
65d2be96-1e83-4de7-a03a-51f9142c809f,1782297356.588829,1782297356.591314,2.49,503,
1dac904a-d691-421c-a739-8da7a9d66a95,1782297356.606765,1782297356.608168,1.40,503,
ab42e30d-8692-4ac6-8751-f16bdafcd34d,1782297356.654614,1782297366.663145,10008.53,502,
0cd1be77-ab1a-429f-a30d-8fb0ba0a85f2,1782297356.661849,1782297360.128411,3466.56,200,0.09445143700031622
2fbc43e1-68c9-4067-bd1f-f74417067849,1782297356.684873,1782297356.687249,2.38,503,
5946b238-1bfa-4036-b2e9-d29bd646cd53,1782297356.712950,1782297356.716344,3.39,503,
a77695e2-2b32-4d53-a8e7-9d3e3fcc02a9,1782297356.714834,1782297356.718201,3.37,503,
74aa4cdd-aa20-4244-9291-066da616665a,1782297356.742854,1782297360.234766,3491.91,200,0.1036707210005261
41780305-ca2f-4a17-8ec3-58c2a2c137da,1782297356.749074,1782297356.752568,3.49,503,
b6c591c9-b0ab-4995-81a3-3ada80554d2c,1782297356.975294,1782297366.991858,10016.56,502,
b89278c1-35cd-4a89-8a60-e05d5d511660,1782297357.063565,1782297360.336079,3272.51,200,0.098194591999345
153928ea-465b-466a-ad4d-018e1e0f72a2,1782297357.102966,1782297360.439470,3336.50,200,0.09833807199902367
04672224-bb6a-4672-9425-047d6a140d5a,1782297357.129139,1782297360.613646,3484.51,200,0.08155978200011305
f3e785a8-c343-4f45-91f0-892a59b73499,1782297357.133511,1782297360.613091,3479.58,200,0.09057728700099688
f105ce32-ce90-4e63-9895-aa32322ea24d,1782297357.138753,1782297367.149676,10010.92,502,
00e47873-ede9-44ff-96ff-d62609402e8e,1782297357.140595,1782297360.792755,3652.16,200,0.09529924800153822
ae460111-c038-4453-856a-e66c63e712c4,1782297357.200144,1782297367.211416,10011.27,502,
1737cd7e-fb4a-40a5-b4e5-298ecf2eaeef,1782297357.226581,1782297360.793061,3566.48,200,0.07967969000128505
7665c985-572c-481f-9086-4682de22eff0,1782297357.262733,1782297361.048826,3786.09,200,0.08760132400129805
d69245f0-c1d3-4c83-8c7e-67355b01f48f,1782297357.263563,1782297360.873958,3610.39,200,0.08007496599930164
f093bfc3-2577-46f2-81af-2510c7c1c0fb,1782297357.367278,1782297367.376790,10009.51,502,
6285f0c6-5332-414b-aa32-afe048561616,1782297357.419627,1782297367.429686,10010.06,502,
d6d99405-ccc1-4b54-a20d-3be047d5d2b5,1782297357.425837,1782297367.434161,10008.32,502,
ee6eef12-fd70-4474-a016-1f438f9664e0,1782297357.432585,1782297367.443531,10010.95,502,
76e8b4d6-1d4c-4320-b49a-4a50ecdc0555,1782297357.437650,1782297357.440509,2.86,503,
c4f1169d-58b2-41d2-b0ac-40a71c7cc78f,1782297357.449276,1782297357.450674,1.40,503,
96b2aa74-086e-46c3-a649-fb2a90549980,1782297357.471071,1782297357.472493,1.42,503,
5616c52e-ec04-4e0c-97d0-32e46e666b40,1782297357.487005,1782297367.498168,10011.16,502,
4d95bb8f-c437-43f2-9ef7-247a74db1a6a,1782297357.498198,1782297361.049329,3551.13,200,0.07864180900105566
c6cff75f-d4e1-4724-876f-465de8f7ddf5,1782297357.526517,1782297361.139874,3613.36,200,0.0907334270013962
67819f05-69de-408a-900c-7255e50b7da5,1782297357.529831,1782297357.531540,1.71,503,
2fd62091-aa14-446d-9837-ecfea3633816,1782297357.540158,1782297357.541937,1.78,503,
e6d8eff3-d332-4b9c-b439-e14c510770a3,1782297357.553363,1782297357.554647,1.28,503,
c789478f-b62e-4bf5-b385-ba18eed32b24,1782297357.571114,1782297361.237137,3666.02,200,0.0948240910001914
214d211b-1560-44ab-a16e-4d49828c36e4,1782297357.616112,1782297361.422405,3806.29,200,0.09095967599932919
bacb0577-a524-4930-abec-cc9c18d544f8,1782297357.623210,1782297357.625260,2.05,503,
38facc9c-82a9-4b5a-bd60-b9879b4683d8,1782297357.644982,1782297367.653547,10008.57,502,
dabf7a44-524c-46c1-9d9f-703416659b25,1782297357.670367,1782297361.422939,3752.57,200,0.08929163299944776
d7a52e1f-f830-476a-9d2e-8cb9e092d4d9,1782297357.671745,1782297367.702909,10031.16,502,
74eb7478-41e3-4ec1-bcaa-b56392da1e18,1782297357.700887,1782297367.717188,10016.30,502,
0840555a-dcca-40ad-b6f6-2fefb5424a37,1782297357.705019,1782297367.719066,10014.05,502,
a8974e55-f5c2-4217-bd1f-bf5e4ad83389,1782297357.706832,1782297361.536891,3830.06,200,0.11269210699902033
8b0fac46-ecf0-4366-86fc-4ed0d1274280,1782297357.794430,1782297367.801824,10007.39,502,
5186d81b-de28-4cc3-a69b-b923b0c6889a,1782297357.980205,1782297361.633514,3653.31,200,0.09492848599984427
a066ae79-d384-42b3-9d26-6cee60c11252,1782297358.068282,1782297361.718509,3650.23,200,0.08460737599853019
7b441294-5825-4e48-aa83-3b7d941a3272,1782297358.106805,1782297361.799438,3692.63,200,0.07905355900038558
11ae68c5-c105-4478-8213-0e76b2b053f0,1782297358.134353,1782297368.146856,10012.50,502,
59fdc83d-7df8-4e1d-8c2c-fccf0492bd8c,1782297358.138481,1782297361.875370,3736.89,200,0.0746935660008603
8ba78a9a-f24f-427f-a9af-6dff2e4cc7d1,1782297358.143360,1782297361.944784,3801.42,200,0.06752480800059857
91295f78-fa10-4c26-9ace-9a56cbad0af2,1782297358.145310,1782297362.028989,3883.68,200,0.08234516199991049
8a63134b-fc6e-4999-af13-476d1859f669,1782297358.205106,1782297368.213393,10008.29,502,
14338b0b-31b5-4898-ac5c-485455ec62e3,1782297358.231749,1782297368.240149,10008.40,502,
1e845a8f-c595-4961-860a-e3f0d39d56d7,1782297358.268028,1782297362.320890,4052.86,200,0.12163486300050863
2dff16bb-8e3d-4d78-a0ea-30f8ba1dc3a8,1782297358.269057,1782297362.102594,3833.54,200,0.07195284500085108
5f74ee2e-dc17-4ba5-873c-137823498217,1782297358.372163,1782297368.380039,10007.88,502,
e88ac6d3-10d5-4ed9-82ba-f709ca6bb95a,1782297358.423965,1782297362.321266,3897.30,200,0.08989845399992191
6ae74334-277a-45fa-84f6-755122bcc330,1782297358.430893,1782297368.484560,10053.67,502,
aa2d0a20-db92-49ea-a66e-b2a0a3da5803,1782297358.437432,1782297362.472095,4034.66,200,0.08314499100015382
48758b6b-e065-40a5-b582-986e055486b7,1782297358.443330,1782297362.496234,4052.90,200,0.08658082700094383
d398b1f4-1c07-41fc-af0f-8f65f97e3dc2,1782297358.454631,1782297362.569500,4114.87,200,0.07360926699948322
780e3efe-734b-4407-8d0a-175310f7e7f4,1782297358.475999,1782297362.643140,4167.14,200,0.07083330400018895
82b54463-3252-4355-9bc7-72c9fa28cb80,1782297358.492862,1782297368.501348,10008.49,502,
7acb290d-0274-4ba7-97b2-e193903d04bc,1782297358.502267,1782297362.719487,4217.22,200,0.0765582620006171
f0effea7-ac4e-4b44-9eb4-518eb3ca953c,1782297358.531065,1782297368.544612,10013.55,502,
ee57ba2d-97e6-4037-affe-132a14f88dbd,1782297358.535261,1782297362.815390,4280.13,200,0.09064525800022238
a5cda4f3-5278-41f0-9264-7b4dfb4c0a0e,1782297358.544922,1782297363.005663,4460.74,200,0.0932604600002378
dbccf13a-671b-4585-a01b-b2fd864a761d,1782297358.558148,1782297363.006305,4448.16,200,0.09129943900006765
51e73279-ef1c-41e9-a984-925dbce5eaca,1782297358.575774,1782297363.221865,4646.09,200,0.08784215599916934
c97ff74d-dd53-4adb-a34c-766a18336342,1782297358.621871,1782297363.220614,4598.74,200,0.11751039900082105
64b681f5-5092-4c2d-9797-ea344b8d9f64,1782297358.628009,1782297363.402580,4774.57,200,0.09913454100023955
0a154d21-3e2a-4c67-aab3-d5e925477dd2,1782297358.648988,1782297368.656808,10007.82,502,
a34d39b2-6d85-40b3-8c6c-f2f03cfa8639,1782297358.676004,1782297368.683759,10007.76,502,
e1ebf710-9f96-4602-ba09-8a128af323ac,1782297358.677180,1782297363.403095,4725.91,200,0.08183242199993401
232cecad-6368-44a8-b7fa-3f89e5b51c15,1782297358.705935,1782297368.725139,10019.20,502,
7ba9ab90-1523-4bd0-a273-983d464117ca,1782297358.710327,1782297368.725454,10015.13,502,
b7246b63-57c2-4f8b-a100-de6e67eea8eb,1782297358.711831,1782297363.486934,4775.10,200,0.08264752899958694
cc654777-5ba2-41ea-a665-44faa7711bf9,1782297358.799693,1782297363.585816,4786.12,200,0.0976415419991099
7960c4d6-3bcb-4c33-8429-8f380119a7f6,1782297358.994434,1782297369.009008,10014.57,502,
416ce995-6bf9-414f-b3db-dce164f4f60a,1782297359.087977,1782297369.096208,10008.23,502,
9c3997f0-471e-400f-833c-6e55f70c88b4,1782297359.129281,1782297369.137487,10008.21,502,
ff229df8-96c4-4f2e-b799-c303c118702c,1782297359.157956,1782297369.167630,10009.67,502,
c094e5d2-88b5-4f04-a997-f2b63db97709,1782297359.163187,1782297363.679649,4516.46,200,0.09084325099865964
727cefea-c8b8-4ac5-ad6b-42ee1c2a37df,1782297359.167813,1782297369.211091,10043.28,502,
cc31fa4a-60a2-4593-b3b3-88384eae320e,1782297359.169868,1782297369.212096,10042.23,502,
6ddd0e11-40c3-458f-a3e7-81b6bca20a84,1782297359.232900,1782297369.239201,10006.30,502,
dcfbd3b4-43b6-4a65-bc33-4d500fa714b8,1782297359.261808,1782297363.767797,4505.99,200,0.08689186199990218
597aa0df-f378-40a5-ac40-25f6a7e57aad,1782297359.300905,1782297369.310688,10009.78,502,
3ce169f9-41b0-4de3-9037-35504c9c5fa9,1782297359.302083,1782297369.311501,10009.42,502,
fe8ded53-80bc-46ac-bfff-bcd08a6165d7,1782297359.410058,1782297363.924847,4514.79,200,0.07245816900103819
42b692d2-81f3-4552-87a4-e8a0fe3aef2c,1782297359.465892,1782297369.475501,10009.61,502,
8688ae21-dc8a-44bb-8924-c95e0248321b,1782297359.472938,1782297369.480204,10007.27,502,
2e4ef989-f502-4653-bcab-686e2ad93807,1782297359.480112,1782297369.489833,10009.72,502,
d86f0892-996d-4ae3-b8f6-bdfe4d17bb22,1782297359.486447,1782297363.925217,4438.77,200,0.0798933259993646
a401dda6-21c4-4a97-a37c-87379fb2221e,1782297359.498650,1782297364.007630,4508.98,200,0.08244021300015447
83100d7c-182d-4013-a9ad-36509eb59c25,1782297359.521016,1782297364.104820,4583.80,200,0.09525539500100422
a1cdb499-3930-4e8f-acdf-e8595c59d9f8,1782297359.538674,1782297364.193547,4654.87,200,0.08606190699902072
16d903ee-e119-431a-9b60-7a8687c0e671,1782297359.548902,1782297364.414724,4865.82,200,0.0958297790002689
052e31a0-5d63-4566-9837-037c6b86b9ca,1782297359.579211,1782297364.416140,4836.93,200,0.11818917900018278
4151b853-cf5f-4dea-94a0-8bac82558199,1782297359.583721,1782297364.607838,5024.12,200,0.11280210500081012
c2f31a5c-b871-4dc2-b1fa-c977a35d82eb,1782297359.594350,1782297364.608163,5013.81,200,0.07799715799956175
7f691436-04d0-41db-8e7b-5d9067de2ce8,1782297359.608234,1782297364.781167,5172.93,200,0.0859516540003824
5d6a6d9a-a41a-47e8-bf8c-61327903938b,1782297359.627351,1782297364.780842,5153.49,200,0.08394338200014317
26ffbfb6-fbca-4c8d-9422-9504ffc7de19,1782297359.675676,1782297364.867312,5191.64,200,0.08551596400138806
80b95e30-772e-4350-8334-f43103df9d72,1782297359.682999,1782297369.697175,10014.18,502,
3ebb8b3d-a299-4172-9b61-9c31235fd640,1782297359.705140,1782297364.946566,5241.43,200,0.07695944599981885
8acac54a-2a14-4a44-97b2-ca4f15edeae8,1782297359.733713,1782297365.040304,5306.59,200,0.0914766719997715
331cffdb-6d43-4f38-89c7-f409d60ddc19,1782297359.734800,1782297369.747648,10012.85,502,
e2d1e497-14ec-4f1b-b6c0-37868f1beebb,1782297359.764007,1782297365.132379,5368.37,200,0.09068554999976186
888d952e-b634-4e61-9a11-3ac0abd563e8,1782297359.769685,1782297369.819384,10049.70,502,
9e6a4241-4bad-4ea7-b1e1-5445efb27686,1782297359.989913,1782297365.239817,5249.90,200,0.10388890000103856
e94593aa-0f38-408d-a3d4-8e7affccc345,1782297360.074246,1782297370.083235,10008.99,502,
b66e0acd-34ec-46c8-abd8-fa09b0208f0d,1782297360.113611,1782297365.327929,5214.32,200,0.08645723299923702
2a4588bb-fb96-4bf2-8c95-56d11f821130,1782297360.138327,1782297370.148928,10010.60,502,
c4a331e9-c918-42a0-af79-2ae30753a121,1782297360.143022,1782297370.151636,10008.61,502,
27a1f14a-d3fd-49fc-8c71-5131459c7ac4,1782297360.147747,1782297370.159466,10011.72,502,
4e62b88a-4ab3-4f11-8928-3678e410598b,1782297360.149120,1782297365.530509,5381.39,200,0.10756454200054577
bf9b60fd-8ec9-4eb2-baa7-495a31368252,1782297360.207388,1782297370.217335,10009.95,502,
aba94c23-17fc-4c7c-829e-711070668001,1782297360.233661,1782297365.531222,5297.56,200,0.08656068699929165
37583924-8341-47c3-887b-0f94c17f6b6f,1782297360.269071,1782297365.738703,5469.63,200,0.09224525900026492
4591b1f7-9f22-430a-8efb-717247cb339b,1782297360.270109,1782297370.331820,10061.71,502,
04da0916-bbb9-4daa-931e-93d16e3597fa,1782297360.369512,1782297370.381905,10012.39,502,
fd535c64-2a6f-41ce-9760-8491b41c2a31,1782297360.420950,1782297370.432496,10011.55,502,
62e72f23-992b-4126-abcf-f40875a29afb,1782297360.427136,1782297370.446026,10018.89,502,
6f2b3c3d-e811-42f2-9a94-c930c4037a78,1782297360.433077,1782297365.738393,5305.32,200,0.10799477200089314
01d8e9c1-307e-47b3-aaa8-3f466a4218ed,1782297360.438313,1782297370.449568,10011.25,502,
601fef0a-3ab8-4867-b92a-a1f1d4dbf6e4,1782297360.450347,1782297365.832306,5381.96,200,0.0932093139999779
20344c89-a8b5-492d-b2a1-d5afb910c5f7,1782297360.471159,1782297365.963524,5492.37,200,0.12921836099849315
2fb06957-4fe8-4cbe-8d3d-c68e4c9a96d0,1782297360.487058,1782297370.494614,10007.56,502,
85d54f82-3c82-4c5f-94c4-c986a2be20af,1782297360.496048,1782297370.504398,10008.35,502,
639ef779-d9f8-4fc2-a260-3bb83181086f,1782297360.523668,1782297366.165810,5642.14,200,0.10569963300076779
c7fc5482-96df-4aac-8b48-35b9b60772b6,1782297360.527552,1782297366.165500,5637.95,200,0.08937083599994367
189ad257-afab-45d6-8bad-c5aff873a5aa,1782297360.537601,1782297370.551204,10013.60,502,
75426419-fbfe-4d13-b22f-a05da83df04b,1782297360.550569,1782297366.234969,5684.40,200,0.06977568499860354
a7855c92-99f8-4204-ab30-8e44e398ffa1,1782297360.568282,1782297366.308869,5740.59,200,0.07245167499968375
cbcfcd42-d6e5-4f89-a731-7a4c97d57fcb,1782297360.611510,1782297366.381797,5770.29,200,0.07185218299855478
d741f869-0ebd-4e50-8fca-6e4413df3613,1782297360.618651,1782297366.526903,5908.25,200,0.0775871530004224
9d9eba8d-676d-48cc-bedc-25d3881600cd,1782297360.639582,1782297366.527170,5887.59,200,0.06266711099851818
5b34499b-18ab-4eab-be67-b6930d1c8d45,1782297360.664193,1782297366.673407,6009.21,200,0.07851060800021514
e308372d-4044-455b-8a3f-60e05c774abb,1782297360.665630,1782297366.673177,6007.55,200,0.06681819199911843
b9b853cb-47eb-44f8-a5cf-51398f39bad4,1782297360.692454,1782297366.841535,6149.08,200,0.08885109899892996
8cad770d-4b98-4985-8d2b-9f05d65c5bc9,1782297360.697776,1782297370.708060,10010.28,502,
09c6cacf-b9ec-4d80-9671-8276f932ac9b,1782297360.700230,1782297366.841783,6141.55,200,0.07410524700026144
00641b9e-f14b-4a41-ab1f-0ad7af21fe37,1782297360.785293,1782297366.916439,6131.15,200,0.0738170849999733
03957398-8836-4eaa-87ee-80f47d18fd09,1782297360.882369,1782297367.110400,6228.03,200,0.10386633699999948
0ce8a565-eb9c-40dd-87e4-7836355f600e,1782297360.992168,1782297371.006564,10014.40,502,
b670656b-0690-44c4-aeb1-385ce592cd68,1782297361.077587,1782297371.088084,10010.50,502,
57cf45d1-ed91-4596-be69-e4261eaaac28,1782297361.114792,1782297371.123831,10009.04,502,
3a95d896-b997-4f41-bf8f-7be0777a524f,1782297361.140884,1782297367.110831,5969.95,200,0.08308016500086524
7fbc0404-1038-4bf7-95fd-5252f1909d30,1782297361.146104,1782297371.158871,10012.77,502,
bea41593-8505-4c4c-8011-954fa8b9bf3a,1782297361.150586,1782297367.199092,6048.51,200,0.08602012499977718
82198673-30e8-489c-962d-f41e057b2da1,1782297361.152577,1782297371.162243,10009.67,502,
ac2c0411-3838-4463-b06d-21391bea1935,1782297361.210111,1782297371.217018,10006.91,502,
12450f61-1cc3-4333-840d-a539e7cff3fc,1782297361.236909,1782297371.246451,10009.54,502,
a9887323-ddd3-4644-881d-b18145408eba,1782297361.271487,1782297367.300170,6028.68,200,0.09567518100084271
40e7bf38-9b37-4a14-acd8-299e4bc6c326,1782297361.272436,1782297367.507005,6234.57,200,0.0981096539999271
b18225c2-8655-486f-918b-e053cc276910,1782297361.372199,1782297371.380344,10008.15,502,
b5fd48f9-0b4c-4440-b9bb-9df148327987,1782297361.423337,1782297367.508292,6084.96,200,0.09848446199976024
bc64260a-0e04-401e-9e65-0a423572d178,1782297361.430047,1782297367.605068,6175.02,200,0.10057788199992501
8488b782-5130-4316-b646-bcdee82adbbe,1782297361.435675,1782297371.463034,10027.36,502,
ca592d34-42d5-4508-97ba-f957ab7ee8fd,1782297361.441918,1782297367.822817,6380.90,200,0.10174738600107958
2632cbc9-9ae5-4076-8b27-5e63b9022a77,1782297361.452065,1782297371.471439,10019.37,502,
af857a48-6228-430e-ace5-5ce78935b234,1782297361.473686,1782297367.823494,6349.81,200,0.10933706099967822
404ccedb-24bb-4508-a23a-599cd7613adc,1782297361.490375,1782297371.499631,10009.26,502,
daebb9df-55a7-43ce-9064-ce9b80a6cec8,1782297361.498952,1782297368.011741,6512.79,200,0.10114879499997187
c2cb7d62-a0ac-4688-a15d-46ed6e6ce49b,1782297361.526257,1782297371.538532,10012.28,502,
7bf0ca5f-7d86-4d24-aa79-bd41088f8da7,1782297361.530573,1782297368.012131,6481.56,200,0.08492723999916052
0850811e-142e-4a80-beae-13cd041dfc2b,1782297361.540941,1782297371.551101,10010.16,502,
71fdf526-f332-4230-9cc8-af477badc651,1782297361.553414,1782297371.561155,10007.74,502,
f8918852-beb5-4053-8910-c58eed973a96,1782297361.571154,1782297368.104374,6533.22,200,0.09204349399988132
e50d5240-84ef-4d07-8527-c838a336bb9c,1782297361.614448,1782297368.267330,6652.88,200,0.08213427400005457
1a108aa2-5218-4d34-a388-636a33b13deb,1782297361.621336,1782297368.266888,6645.55,200,0.07616350900025282
e8e0a0a5-d0a3-4e97-8ee8-9bb629041980,1782297361.642572,1782297371.649577,10007.00,502,
b76f98d8-4b59-4ea5-a847-a7806935579f,1782297361.667361,1782297368.338947,6671.59,200,0.07031473299866775
348295b1-4865-4517-9830-9add2285fe9b,1782297361.668469,1782297371.677876,10009.41,502,
07aeed63-0750-4421-8a05-2675eee504d0,1782297361.695862,1782297368.620213,6924.35,200,0.14670219300023746
395ab4ba-1932-46a8-af48-3a00f0a30f38,1782297361.700863,1782297368.627702,6926.84,200,0.12415303299894731
6482674b-e661-4a7d-82de-36ca7b30b768,1782297361.702331,1782297368.727297,7024.97,200,0.10689318700133299
b4758b69-a950-42ff-a77a-10ec60475918,1782297361.788001,1782297371.829171,10041.17,502,
218f8e4d-857f-49fe-8476-4a236fb523c4,1782297361.884125,1782297371.889625,10005.50,502,
c173670e-76e0-4b08-88d9-695093c1dc2c,1782297361.994242,1782297372.012929,10018.69,502,
09e8d248-a809-4d11-83cd-cd07fa28ee32,1782297362.070488,1782297368.811764,6741.28,200,0.08374958999957016
c84863ce-1490-4e49-ab3b-872b13f8ab34,1782297362.104159,1782297368.900254,6796.09,200,0.08355017900066741
cf4d3291-706d-4877-a044-a7cd5bd433e5,1782297362.128330,1782297369.062207,6933.88,200,0.07719843000086257
7d21dd06-aed0-4c99-9c30-bd79eb53f639,1782297362.132899,1782297369.062586,6929.69,200,0.0838815329989302
90f00d8c-4e7b-4f7a-9d87-cb10ee79c250,1782297362.136974,1782297372.156519,10019.55,502,
e83cec1a-ee30-44ed-876d-951a049c10fd,1782297362.138058,1782297372.156163,10018.10,502,
aad1741e-f80f-408e-a449-da9fd5a85b9a,1782297362.190252,1782297369.130444,6940.19,200,0.06746897300035926
d544f3ed-284b-4617-99ca-b34920cafa18,1782297362.213314,1782297369.229776,7016.46,200,0.09743112800060771
b5637054-7c1b-4b4e-b934-b28f00b6e7c1,1782297362.245310,1782297369.312959,7067.65,200,0.08214989800035255
4f62b075-ceb9-4f9a-99ec-0a5ae42f8d48,1782297362.246091,1782297369.386087,7140.00,200,0.07156675999976869
f55bab28-683c-404c-9f6a-bf98a0edb2a8,1782297362.335844,1782297369.450584,7114.74,200,0.061921282000184874
d470caf2-f9bd-4456-80e9-9ec9a5c0addd,1782297362.381247,1782297369.531946,7150.70,200,0.07782065900028101
c2c920e0-49c7-442e-a4d2-3572c6b76321,1782297362.387042,1782297369.649885,7262.84,200,0.1117373460001545
9338201f-88e9-48e9-b093-686bee4e328f,1782297362.392752,1782297372.486655,10093.90,502,
42b76f9a-21f0-4ebc-93e5-e2aea29d3d3a,1782297362.397310,1782297372.496540,10099.23,502,
7d8cad76-246e-4cda-a33c-eefc8aceea27,1782297362.407189,1782297372.499424,10092.23,502,
9381bf00-8630-424a-ba70-2a22988d6c35,1782297362.425631,1782297372.509012,10083.38,502,
f1d1b402-798c-4a6e-a4a8-0b4d5f7b87cc,1782297362.441723,1782297369.893403,7451.68,200,0.13278426400029275
e8346c04-2077-4e85-b342-3dad4dd39955,1782297362.449625,1782297372.512759,10063.13,502,
69c16edb-9c2f-4998-8ad1-589f6b94c6c7,1782297362.473989,1782297372.513186,10039.20,502,
8d984ce0-053d-496f-95ce-2ae54d29112d,1782297362.477303,1782297372.515909,10038.61,502,
94f0d624-fbc1-4c38-ac4b-f582ab1a2412,1782297362.486204,1782297372.515568,10029.36,502,
7ffdbbd2-bc92-45f4-8bbb-f3149ff589d9,1782297362.498394,1782297369.892949,7394.56,200,0.09333449800033122
cd221756-52bb-4218-8c69-13bea72368df,1782297362.514196,1782297370.131443,7617.25,200,0.12449542299873428
fbeddf17-d289-4e35-832c-cc6cad7b07a3,1782297362.553285,1782297372.559558,10006.27,502,
32166906-ca7d-4e87-a6a9-458645b4b50c,1782297362.558901,1782297372.567376,10008.47,502,
1265a9fe-3bbb-4797-9d7d-43740019abc2,1782297362.577348,1782297370.131918,7554.57,200,0.10586606000106258
a9939651-7538-4273-80c3-8e18b77839b3,1782297362.600133,1782297370.329518,7729.39,200,0.09734728600051312
1bac1adf-09f7-4a3f-b832-f04cab1dcc04,1782297362.601144,1782297372.608914,10007.77,502,
f1c31390-2832-43db-b504-6d4cd63dcce1,1782297362.625829,1782297372.634533,10008.70,502,
3f9a2c79-5454-4693-b992-023c0d0cba57,1782297362.630840,1782297372.645367,10014.53,502,
f6605ff6-ccd3-4ee0-9fc3-ad70a3604119,1782297362.631862,1782297372.645620,10013.76,502,
b398eff4-2d81-41fe-a558-d09d0647fc4d,1782297362.708270,1782297370.328855,7620.58,200,0.09573852900030033
9ace5b36-1c34-4d31-b453-bdf240f06831,1782297362.795276,1782297372.803295,10008.02,502,
be4299a7-63c1-4ed1-80b4-1ca6c70aeec1,1782297362.837391,1782297372.846108,10008.72,502,
0364dff9-a133-4d33-872e-bedfc737db6e,1782297362.846685,1782297372.853848,10007.16,502,
7aaa261b-f907-4e6d-bb72-d305d20bcaf3,1782297362.849221,1782297372.855002,10005.78,502,
654e79e1-8c81-4907-b2a9-bb23e8557dc4,1782297362.878680,1782297370.425660,7546.98,200,0.09682886399968993
39060fcc-ae1f-4d59-b072-8e4230a6aaae,1782297363.002481,1782297373.018477,10016.00,502,
bb79d4a1-d82c-4854-a9cd-aa68dd04382f,1782297363.095694,1782297370.550846,7455.15,200,0.11172134700063907
fc8b5846-27ff-497b-bc9d-e51db1e8862a,1782297363.136939,1782297370.734910,7597.97,200,0.09795320200100832
62952f0d-c01b-4522-80d2-4d64ed08a88a,1782297363.166683,1782297370.734418,7567.73,200,0.08706458199958433
476d034c-e2df-4b04-8ae8-5155f422ab16,1782297363.170557,1782297370.824140,7653.58,200,0.08736232699993707
29307953-1d7b-463c-a65d-ff3f9f701ec3,1782297363.176223,1782297370.979459,7803.24,200,0.07455982299870811
1b63dd1b-9679-45f8-aba4-a16ca160757e,1782297363.177970,1782297370.979876,7801.91,200,0.07799351200083038
143cd0b8-54fc-492d-a2fe-6e574a397c4d,1782297363.240931,1782297371.051838,7810.91,200,0.07204549800007953
3d040d4e-de73-46ee-9cc3-99a6cc968a74,1782297363.271164,1782297371.133861,7862.70,200,0.08011940299911657
b2b04682-720b-4984-bb72-0ef19cf2b819,1782297363.307727,1782297371.226569,7918.84,200,0.09074723400044604
e6b473db-a178-4b23-8fe8-8408678bf3a8,1782297363.308451,1782297371.398314,8089.86,200,0.08017291299984208
78a53c4a-e987-47f7-a952-bc456b0efe20,1782297363.418196,1782297371.398685,7980.49,200,0.08675624000170501
36aa273e-9f58-4629-8644-3a6ca573fb06,1782297363.473769,1782297371.582991,8109.22,200,0.08979303399974015
b458def3-b76a-4135-ad79-e8b2ccd9b2ff,1782297363.482002,1782297371.583497,8101.50,200,0.09033783099948778
a7b25af5-0fe4-4242-833e-c66137d8c22a,1782297363.488075,1782297371.672493,8184.42,200,0.08732215399868437
69d1dbaa-e926-49c5-aa66-3d286c51bcd7,1782297363.494725,1782297371.853724,8359.00,200,0.08856847199967888
c9bc18db-ad49-4b00-a361-c3c85d59c5a8,1782297363.506963,1782297371.853955,8346.99,200,0.08996339900113526
21f3fc39-f968-44e0-832a-6a9fc3d70a7f,1782297363.528620,1782297371.946655,8418.03,200,0.08837488400058646
ff4d11f9-d608-4777-8d92-b7146e18daf3,1782297363.547029,1782297372.157116,8610.09,200,0.12615581699901668
e65cdaa3-f21c-492d-8a0b-2198dae68f0c,1782297363.557596,1782297372.156963,8599.37,200,0.07697488899975724
611dc4c7-3316-47a1-96ed-e57440b665dc,1782297363.587270,1782297372.347081,8759.81,200,0.08300273399981961
232bec93-34d6-405d-af60-2b84bff50621,1782297363.591601,1782297372.346557,8754.96,200,0.09598490499956824
c4889a49-cd0b-4f58-98a3-1fd8dc63e36a,1782297363.602047,1782297372.430437,8828.39,200,0.0833075349983119
97e79ba4-5957-4d3e-a8d0-f892e0583c1b,1782297363.617743,1782297372.520080,8902.34,200,0.08724839400019846
aaffacb4-949c-4ffa-852d-01955e7f829f,1782297363.635631,1782297372.599543,8963.91,200,0.07721852400027274
744b8c4b-ff1f-42a8-ae67-b57f8110544b,1782297363.683666,1782297372.686122,9002.46,200,0.08450213499963866
2216c902-67ca-40cd-b2b5-f8f85ebdafe8,1782297363.690895,1782297372.839503,9148.61,200,0.07945530899996811
7783be43-d97f-48d3-8558-894e1d675b97,1782297363.713077,1782297372.840050,9126.97,200,0.07015874500029895
fe95b708-cd9e-41f3-9501-47e6ba9b9719,1782297363.741762,1782297372.928765,9187.00,200,0.08906604500043613
bb793155-7738-4f1b-b3e5-e72a6e172b06,1782297363.742854,1782297372.999815,9256.96,200,0.06808941999952367
3c9f5cb0-0d2d-486f-a204-fa11098249d7,1782297363.771699,1782297373.086474,9314.77,200,0.08317891700062319
a7bdf601-e638-4484-a320-31cfa38b2801,1782297363.777985,1782297373.169858,9391.87,200,0.08132988599936652
6810f772-23cc-4320-83b9-0ce37171c967,1782297364.005795,1782297373.328711,9322.92,200,0.07341343400003097
4ca24fe7-f6ce-4b6b-bbb6-bb5ff8217d60,1782297364.091563,1782297373.329461,9237.90,200,0.07787871700020332
5ca6332e-8b9e-42b5-b83c-6a23816a57ad,1782297364.128066,1782297373.402368,9274.30,200,0.07436536000022897
c2af1ef4-b54c-4b37-bda2-ac922d059726,1782297364.154150,1782297373.573471,9419.32,200,0.08544861699920148
79d5fdbf-19c0-4152-bcb6-0bd353a35634,1782297364.159496,1782297373.574017,9414.52,200,0.07941248300085135
c238c1c6-2b06-482d-9897-5dc087f8c2e6,1782297364.163983,1782297373.635062,9471.08,200,0.06069198099976347
6d64a4a9-9e12-4014-a9bb-9aebe3418523,1782297364.165746,1782297373.709245,9543.50,200,0.07312643300065247
380822ad-92f0-40ee-9f37-af7a796d5ef6,1782297364.223304,1782297373.775760,9552.46,200,0.06535478799924022
58fc1f48-046e-4416-829d-cffdd8b5aaef,1782297364.249414,1782297373.839700,9590.29,200,0.0624456019995705
6b62a749-ff7d-460f-b2da-7d359f8c553b,1782297364.284885,1782297373.915272,9630.39,200,0.07391017500049202
2ab73f6f-1164-4b62-b5fd-a121c95d795f,1782297364.286147,1782297373.999766,9713.62,200,0.08272219600075914
7279b31f-a1aa-4020-b6c2-995d00e5510c,1782297364.385973,1782297374.195786,9809.81,200,0.09761034199982532
6ed37ee0-71e4-46f2-85f3-1cf8e3792095,1782297364.436187,1782297374.194658,9758.47,200,0.08749024399912742
1e31e713-d460-435a-8d55-8905ec9a6831,1782297364.443246,1782297374.271980,9828.73,200,0.07855173999996623
917fb411-0a30-4057-b8f9-f2b85ff2e330,1782297364.449091,1782297374.349980,9900.89,200,0.07636588599962124
d3520096-01a4-4411-b9d5-4f12758790d2,1782297364.454303,1782297374.427876,9973.57,200,0.06650911500037182
186068a7-9c17-481a-9b31-dc8923c38cb0,1782297364.466219,1782297374.478945,10012.73,502,
eb1b1e04-5f12-4535-afb4-1b27744baa42,1782297364.486693,1782297374.495157,10008.46,502,
b4e5aed5-f67f-4d70-82f9-257952629803,1782297364.502934,1782297374.512907,10009.97,502,
8e54a699-7701-40fa-98bb-f8177003c817,1782297364.512886,1782297374.566468,10053.58,502,
14366117-13d1-45b0-a266-3ab7785c1b79,1782297364.538896,1782297374.590466,10051.57,502,
92f7fa58-e8c9-4d17-b42b-9a4577f4ffb5,1782297364.543442,1782297374.551328,10007.89,502,
6823a5cc-c5f5-47e9-b223-682f4d5a71ee,1782297364.553270,1782297374.570198,10016.93,502,
60206944-2093-4d5d-a3bc-4f4051b4dc58,1782297364.566776,1782297374.573712,10006.94,502,
ee5165d8-45d7-4294-a24b-bcde6f757157,1782297364.583884,1782297374.591783,10007.90,502,
3384cd9a-2490-44ae-a7b3-a43b7f649dc3,1782297364.627971,1782297374.635856,10007.89,502,
b0f35586-629f-4d4a-82e8-f7c1cf35c46e,1782297364.634635,1782297374.643188,10008.55,502,
c8a6e976-2197-427f-92b3-e4f94c818f0a,1782297364.655311,1782297374.663461,10008.15,502,
7595d524-f6a7-4d82-b1d5-bffa79327a86,1782297364.680913,1782297374.693291,10012.38,502,
8917e21f-949c-4ba9-bb76-9a74165cba41,1782297364.681855,1782297374.734086,10052.23,502,
bb655336-4802-43c9-9700-27e12044cec4,1782297364.708467,1782297374.716830,10008.36,502,
d378c180-db8c-4d96-85af-1f75a93b7887,1782297364.714272,1782297374.725084,10010.81,502,
8d7c06b7-bc69-4eae-bfbc-ca242d795dd1,1782297364.715970,1782297374.725527,10009.56,502,
3a1105c8-61bc-4c0f-9c38-d1773b8ff2a8,1782297364.800945,1782297374.845421,10044.48,502,
a5116e34-5ce0-4511-b2e5-c93a2f6ac3ef,1782297364.898554,1782297374.907645,10009.09,502,
6a4ab14e-4d3a-4a8e-bc23-02440a4f441f,1782297365.009098,1782297375.029505,10020.41,502,
1cabfe4d-434c-4d50-8365-6de551fbdb44,1782297365.085462,1782297375.094705,10009.24,502,
ad6125ac-ba28-4e16-bec9-5e75e5e1ec98,1782297365.118836,1782297375.129722,10010.89,502,
a16e374a-a443-48d0-b41c-62139eabc1ff,1782297365.142576,1782297365.149387,6.81,502,
74c6c0e4-edcc-4f51-9701-056af5e45b03,1782297365.146833,1782297365.156994,10.16,502,
48c7fc9d-ffdf-4f9e-a9b9-5e0775b65d31,1782297365.151013,1782297365.158714,7.70,502,
2499d042-ebf1-42f7-adcf-1dbf1d303a6e,1782297365.152152,1782297365.160957,8.80,502,
52f953ae-87b5-4a77-88ef-6614fe9266b2,1782297365.204699,1782297365.212298,7.60,502,
0524c2e1-76f0-44c1-aa08-1680b06ee8fc,1782297365.227844,1782297365.234595,6.75,502,
253c5ab5-bf0a-473d-8e83-dee6be4c03c5,1782297365.259079,1782297375.264111,10005.03,502,
92fbaef6-a53d-4488-948f-68883adef57d,1782297365.260093,1782297375.265312,10005.22,502,
42df8e53-0e7f-43ce-a04b-7a4a24cf793a,1782297365.350211,1782297375.354781,10004.57,502,
e3f2387d-9e27-4c59-a0ab-f566d42a9d14,1782297365.395376,1782297375.399276,10003.90,502,
bd62620e-f019-4b4f-af29-e97ae9235940,1782297365.401423,1782297375.407428,10006.01,502,
02f93e99-d097-4eb7-8dc8-33a0463fe07f,1782297365.407298,1782297375.411439,10004.14,502,
f8511fe1-69f9-4850-b34e-a05b25c5d27a,1782297365.412527,1782297375.420546,10008.02,502,
32f2fba5-7bf0-4455-9228-8ea620f5300b,1782297365.421665,1782297375.427985,10006.32,502,
5a0a3066-e74f-4305-a89f-701a71c67638,1782297365.440793,1782297375.445983,10005.19,502,
45d5a11c-7d6d-4442-b074-82f8c96b2464,1782297365.455214,1782297375.459467,10004.25,502,
4027693e-e655-4200-b5bf-1544edf93348,1782297365.463686,1782297375.468886,10005.20,502,
997e3b1b-9076-4569-b17c-426b413e409e,1782297365.487802,1782297375.492452,10004.65,502,
494908cb-7f48-4f8f-b3a9-689cf082a0ac,1782297365.491793,1782297375.496461,10004.67,502,
61634d4f-3214-4200-a132-b720e54c34e8,1782297365.500593,1782297375.504718,10004.13,502,
fba2cbc8-a33a-4cb6-916a-0e4ee1083ec2,1782297365.512648,1782297375.517823,10005.18,502,
7fd384aa-3f29-4189-ad2b-47e7d5d65e0a,1782297365.528578,1782297375.534574,10006.00,502,
6cf7b358-1f08-478e-b54d-53f9f06c1d60,1782297365.567730,1782297375.572142,10004.41,502,
c6fc985e-0cf4-47a9-9103-7e11740a6b0f,1782297365.573073,1782297375.576396,10003.32,502,
714a9a78-ad16-49af-98e7-f8a35a8782c9,1782297365.591518,1782297375.598341,10006.82,502,
b5f6c237-c984-41df-b1cc-a4eeacf52281,1782297365.615092,1782297375.623002,10007.91,502,
e649e1fb-cc3e-46e0-b01c-c6a69cd06e60,1782297365.616797,1782297375.625114,10008.32,502,
1d8eecb6-234b-49d1-9147-fea509c216f7,1782297365.640995,1782297375.647823,10006.83,502,
23d32bec-6459-4540-8531-56f55e1a248c,1782297365.645061,1782297375.648810,10003.75,502,
4a98da4e-f1c8-487c-b5e4-04524afb9bdc,1782297365.645829,1782297375.651464,10005.64,502,
99f96b95-4b5d-4489-8611-72da3647559b,1782297365.723074,1782297375.731187,10008.11,502,
8026dd34-1de9-4928-bcd7-ff32cba83a17,1782297365.893090,1782297378.595774,12702.68,502,
715be9a9-96a7-4dc9-add3-726bb20dc969,1782297366.013494,1782297378.724229,12710.73,502,
d9d1ea10-8743-4a2a-ba07-cdde97c4bb04,1782297366.111489,1782297378.815121,12703.63,502,
934486dd-c88c-4cfe-9c06-4b8c65f59624,1782297366.152635,1782297366.158507,5.87,502,
ba5a6585-4249-42da-be61-35c2f63e7963,1782297366.182103,1782297378.883421,12701.32,502,
07735fa9-999f-463d-b16a-e89837a66d24,1782297366.187247,1782297378.890565,12703.32,502,
da5efe42-d183-44e1-885b-247a899fc2ca,1782297366.193362,1782297378.897145,12703.78,502,
4f5d25a9-111b-414f-bee7-cea7bf9096f0,1782297366.194780,1782297378.898925,12704.14,502,
df135cc1-93d7-4192-9431-c08f515fd4f2,1782297366.260186,1782297378.961798,12701.61,502,
7ef40eee-4f1d-4700-9887-487d44f687df,1782297366.289381,1782297378.991577,12702.20,502,
1e8198a4-3b70-49f2-95aa-fda096a159b2,1782297366.329401,1782297379.030773,12701.37,502,
e2bffb10-6380-4df1-9a3f-759cf063b431,1782297366.330052,1782297379.031155,12701.10,502,
ea1da647-b8a7-4193-9091-eaa0ce5cfc34,1782297366.442904,1782297379.144270,12701.37,502,
23581af7-cc42-4bc3-9f47-6c19081af3cf,1782297366.500346,1782297379.201856,12701.51,502,
a9ae387f-12d8-447c-aad4-1ac99d788aa8,1782297366.508116,1782297379.209062,12700.95,502,
03295866-c80b-4535-b6af-5d55b025585e,1782297366.514530,1782297379.215606,12701.08,502,
72812218-97ed-4e76-9500-e1c40e257b52,1782297366.521240,1782297379.222774,12701.53,502,
2f2a1b5f-d8dc-496a-ab9f-15db1f5d1788,1782297366.533082,1782297379.233545,12700.46,502,
3447826c-2fef-49de-a78c-502624368242,1782297366.557636,1782297379.258031,12700.39,502,
a49be171-0d70-4af3-908a-850b2225616e,1782297366.575505,1782297379.276407,12700.90,502,
f42f9eb5-9ae1-4270-97cb-eeeac94c66e6,1782297366.587145,1782297379.288626,12701.48,502,
fdea0b6b-542d-4f37-bcae-24f3bae5b939,1782297366.617204,1782297379.317443,12700.24,502,
23f296f2-af3d-4e17-9568-4038321875fa,1782297366.621606,1782297379.322323,12700.72,502,
082c8f02-a1e9-4bab-bddf-831ea202c17b,1782297366.632859,1782297379.335032,12702.17,502,
5eab819a-53a7-4720-b484-1b117e2ff75d,1782297366.647383,1782297366.649226,1.84,503,
8715b545-483b-4807-a3a1-1858789e1046,1782297366.666941,1782297379.368837,12701.90,502,
839b4348-ce3b-45eb-8cba-df743c9dadec,1782297366.717371,1782297379.419285,12701.91,502,
6a7efbd1-2eb0-4924-af4c-282e7002828a,1782297366.724761,1782297379.427107,12702.35,502,
f6e1abc4-a0b8-4646-b04b-3b0cdb4f6e24,1782297366.747432,1782297366.749392,1.96,503,
0d963cca-878f-4f39-bd7d-97d8db145959,1782297366.777076,1782297366.779378,2.30,503,
8f9619ff-8ee6-4986-9666-5f4413af6fe7,1782297366.778395,1782297366.780528,2.13,503,
aae74a57-2d1b-4a38-9024-e49753df9fd1,1782297366.807900,1782297366.809255,1.35,503,
f09f0e1c-149d-400b-8ee0-dd36fa5e77dc,1782297367.017339,1782297379.725627,12708.29,502,
831362c7-82d7-4e41-bbf9-b867a4d5e985,1782297367.099334,1782297379.801353,12702.02,502,
9384725f-ee41-4c9d-827d-3b2114d17e8b,1782297367.135774,1782297379.837687,12701.91,502,
3e58ac07-6540-4d74-ae68-3f325605c5ce,1782297367.160713,1782297367.167978,7.26,502,
8d223087-a124-4a11-bc83-085a670388d8,1782297367.166062,1782297379.871442,12705.38,502,
2f46728a-8f1f-4b15-9f0c-903fe2cba332,1782297367.170820,1782297379.872814,12701.99,502,
1248391c-12f1-476d-b4d0-39583d1e809c,1782297367.171973,1782297379.892351,12720.38,502,
5a26fe88-919c-4de7-9158-3bf0c7ca16ea,1782297367.228538,1782297379.931487,12702.95,502,
5a9841c5-895c-4396-8184-b54796e48986,1782297367.253292,1782297379.955683,12702.39,502,
d93cbfb7-30b4-42f7-a7d9-87e0158e665f,1782297367.287637,1782297379.999219,12711.58,502,
15311afe-7a52-477a-b094-8d6c711c285c,1782297367.289027,1782297379.992989,12703.96,502,
b3ca2420-c307-4dd6-bda1-a85d07d0cc97,1782297367.386203,1782297380.089226,12703.02,502,
6685500f-ee1a-4d1c-8fc8-a761066fc48a,1782297367.435164,1782297380.135746,12700.58,502,
255809ba-d819-487e-a2ec-3ee908a91284,1782297367.441600,1782297380.142878,12701.28,502,
4e7a0856-6034-452e-97b4-c6840f03cd1a,1782297367.447375,1782297380.148420,12701.04,502,
2047013d-dfba-4b81-aaca-164311d22df4,1782297367.452814,1782297367.454305,1.49,503,
cf32df6a-04dc-41f5-933d-d833a8265926,1782297367.464898,1782297367.466766,1.87,503,
f28d92dc-2a85-4250-be1e-09d44726dd82,1782297367.484510,1782297367.486785,2.27,503,
f64a8427-c72f-4d03-86cf-bac5e9a27d14,1782297367.499382,1782297380.205220,12705.84,502,
ec6fa8f4-33ed-41fa-9cb3-98f8b4f4befb,1782297367.510493,1782297380.213308,12702.81,502,
bb999deb-b3ca-45cd-a986-823d9dc52ade,1782297367.535172,1782297380.235993,12700.82,502,
0ae541ac-795e-49d6-a3c7-1d70e146d9b0,1782297367.539540,1782297367.543964,4.42,503,
3aa6b7eb-15d0-4dee-a40e-1e590b62c862,1782297367.549703,1782297367.550942,1.24,503,
1f8a535e-edf2-4455-9b05-9bcc50a2f92e,1782297367.562464,1782297367.564302,1.84,503,
9add6dbd-0aed-4e4d-82bb-fb6f4d340702,1782297367.579033,1782297367.581034,2.00,503,
af15dfaa-30df-4e8c-93f6-78b6330857eb,1782297367.621600,1782297380.322988,12701.39,502,
3d9531cf-c37f-49fe-9884-dc5ff30957aa,1782297367.627895,1782297367.631202,3.31,503,
c88c50cf-1229-491b-b3fa-de6fe52996c2,1782297367.647830,1782297367.649907,2.08,503,
a7cd8a0b-19c8-4baf-abf0-03df892a0b97,1782297367.673393,1782297380.375648,12702.25,502,
b69786b5-199f-47f2-b67a-8274523b4609,1782297367.674670,1782297367.678834,4.16,503,
a2574f80-bc94-4ee5-9081-f78d2cc70faf,1782297367.700528,1782297380.403264,12702.74,502,
9ee0c1cd-4547-4943-878d-c5c7ed2756eb,1782297367.705885,1782297367.709835,3.95,503,
7ba06978-e842-4590-9074-90fee4db1ab9,1782297367.706978,1782297367.714015,7.04,503,
04aa1655-501a-4538-bf3b-29c6c560d2d5,1782297367.789603,1782297380.491857,12702.25,502,
41619800-2acf-4b68-8db8-bc0157944dd7,1782297367.884029,1782297380.585117,12701.09,502,
1b112b1b-cf2d-4978-afe9-160bbf0b5d67,1782297367.929224,1782297380.632922,12703.70,502,
3fea44d6-f1b2-451a-870b-e8d8e342d6f8,1782297368.018071,1782297380.726668,12708.60,502,
427f3723-6494-49e3-96ec-7d8cc385b5f6,1782297368.097512,1782297370.150398,2052.89,502,
6828ef62-b84a-4a69-91af-180568fc7e96,1782297368.131545,1782297369.158197,1026.65,502,
185cd4b4-0d4b-4afa-b095-0404b6c32cff,1782297368.156158,1782297368.168280,12.12,502,
a6d16bf7-ca71-4d36-97c6-f1a118b34a24,1782297368.160164,1782297380.865283,12705.12,502,
3f0703b6-0168-4509-b1ab-aa1cdb59c1f8,1782297368.165141,1782297380.870706,12705.57,502,
9e483502-0f66-4f34-a21a-ffda861b4bfe,1782297368.166060,1782297380.873533,12707.47,502,
93ee8ebb-f0c6-4bbb-a437-a85e20974b78,1782297368.219076,1782297380.922476,12703.40,502,
4e18a51e-e8f1-4b57-8b6b-097fb0edf410,1782297368.243239,1782297380.946177,12702.94,502,
96c36d3d-f955-48a7-bbed-fe764358f18d,1782297368.275526,1782297380.978590,12703.06,502,
624f6e0b-3a84-496e-9d34-ff05217063e0,1782297368.276241,1782297380.980247,12704.01,502,
48d5cf75-b54e-4a9c-a624-2943c064a0fb,1782297368.368445,1782297381.072777,12704.33,502,
ce4f498e-7aea-4e22-a9bf-d4ac104aef82,1782297368.415811,1782297381.118963,12703.15,502,
5067dac5-28d9-44ac-8e6e-5e7636422ee5,1782297368.422447,1782297368.428571,6.12,503,
6ec2e92f-36a8-4613-a426-c3be30b49271,1782297368.427372,1782297368.432740,5.37,503,
4dc91e01-f350-4d59-a320-5dc31db897ff,1782297368.433118,1782297368.435254,2.14,503,
a5024f4c-f18b-4f8d-9930-95dfb162564a,1782297368.441841,1782297368.444036,2.19,503,
a80ca037-74f5-4967-8252-3a7c393aedd3,1782297368.461730,1782297368.463791,2.06,503,
506e4e9d-d6f4-4ce8-9f1e-1bdbeec8882f,1782297368.476376,1782297368.478753,2.38,503,
13379c9c-40a6-4929-99c8-29cb0a27464a,1782297368.485554,1782297381.186813,12701.26,502,
515a1ba6-2c93-4d7f-a3da-8669e7368249,1782297368.510891,1782297381.212834,12701.94,502,
5552e359-78a5-4692-957c-12c1cedc943c,1782297368.514843,1782297368.517669,2.83,503,
7e863436-1253-4dd5-9be5-920a84eabb7e,1782297368.524264,1782297368.526322,2.06,503,
6dd85d54-2f45-40e9-9106-640a3922eeee,1782297368.537016,1782297368.538594,1.58,503,
ba68ebc4-ddac-4250-a708-1927c39f10f5,1782297368.553111,1782297381.254236,12701.12,502,
9f647c37-989d-4f02-b628-7b41797cdee1,1782297368.592481,1782297368.602288,9.81,503,
c13b5d96-0883-48cc-b2e6-db900d6806b4,1782297368.598772,1782297368.603377,4.60,503,
e0e0d63c-0bbe-48d7-ba9a-b2822b1fe6b2,1782297368.618086,1782297381.324992,12706.91,502,
92efb66e-7e65-4c5b-932e-f106080d05dd,1782297368.640600,1782297381.342814,12702.21,502,
247ecc47-24f5-40e8-88ba-91fc9d76747a,1782297368.641705,1782297368.645426,3.72,503,
f57d6a5b-ce67-4b75-ae5c-588e875ec981,1782297368.666962,1782297381.369758,12702.80,502,
4c3cd069-2da9-46a5-aace-018c5ace879e,1782297368.672075,1782297368.677099,5.02,503,
5694fdd0-6866-4c46-bf08-1fb3a801519a,1782297368.673594,1782297368.678087,4.49,503,
4a1910a1-6ad1-4c1c-9689-d014b8a5c7bd,1782297368.751624,1782297381.455652,12704.03,502,
00e33845-c3fb-47d5-824e-effd79090391,1782297368.841825,1782297381.543878,12702.05,502,
e0e0e3e4-bd9e-4388-a473-109b1b952066,1782297368.883844,1782297381.585783,12701.94,502,
f23dd101-8b9a-4927-b977-76c32c93cd11,1782297368.892945,1782297381.595068,12702.12,502,
88a12e11-c1a4-4deb-b5bc-4dc6d2c886fc,1782297368.896147,1782297381.598268,12702.12,502,
2fcf4881-110e-40f2-b435-2632a2c60572,1782297369.022970,1782297381.732916,12709.95,502,
74c041a0-a31e-4e07-b494-54efba6a8b62,1782297369.102562,1782297381.804789,12702.23,502,
cd98c8d7-a584-4f1b-af92-c584264e0b96,1782297369.138555,1782297381.841206,12702.65,502,
9899b6a5-0b7f-4644-bc6e-7b35605d102c,1782297369.162321,1782297381.866090,12703.77,502,
792560aa-b8c4-44b2-8f2d-81ada6563186,1782297369.167765,1782297381.869689,12701.92,502,
daad7dcd-2524-443d-9896-b0b74bda8f0f,1782297369.172199,1782297381.879098,12706.90,502,
0b9010ae-efba-44a6-a85b-20aaaa89a4e3,1782297369.173446,1782297381.882890,12709.44,502,
30b157b2-dd72-42c2-b5a8-be294329be8b,1782297369.227836,1782297381.929979,12702.14,502,
8b86142d-6693-47e6-8828-4c334467e1b2,1782297369.252609,1782297381.952821,12700.21,502,
c98f6ccf-fdd1-402d-a117-9532e1806041,1782297369.285930,1782297381.992783,12706.85,502,
b14f11df-5e75-4fa5-89ad-5f0b4b2f312b,1782297369.286477,1782297381.990348,12703.87,502,
c5782c1f-f7ff-4668-ac32-7b44806125d0,1782297369.381587,1782297382.082117,12700.53,502,
b06ee059-dce6-4d70-b474-fc1f55be2560,1782297369.429406,1782297382.131827,12702.42,502,
6bbf8361-704c-4a5b-ba35-ea445928c4ae,1782297369.435748,1782297382.136670,12700.92,502,
5552e13d-0261-45dd-b121-425cfa386d47,1782297369.441221,1782297382.141866,12700.64,502,
8ebd9695-b905-432a-ab64-6c111145551b,1782297369.446916,1782297382.148258,12701.34,502,
b655398c-de76-4ecf-8196-5a254906e1bb,1782297369.456267,1782297382.156797,12700.53,502,
e02c8020-f90b-4a63-9153-36a40353973d,1782297369.476620,1782297382.176942,12700.32,502,
ff7fe753-e908-47c2-bdf9-43f60354557f,1782297369.492193,1782297382.194598,12702.41,502,
fdbaa40d-ae52-4564-a3e0-e27122a3547f,1782297369.501680,1782297382.203143,12701.46,502,
63b447dc-6eee-4f3a-b4bc-425326a3bcaa,1782297369.526723,1782297382.230496,12703.77,502,
62766bdb-1db6-4214-8b2c-b45db4295301,1782297369.530934,1782297382.233539,12702.61,502,
abea2495-355d-4e4b-bd4a-d57b35f050f6,1782297369.540396,1782297369.543065,2.67,503,
dee74a80-8aa8-47d9-a442-cb5542e9dc7f,1782297369.554063,1782297369.555306,1.24,503,
4c637eef-5081-4fb1-99cf-1ec06d25813d,1782297369.569777,1782297369.571371,1.59,503,
c87d0e9c-0e78-4f01-b622-0986e2bec33c,1782297369.610923,1782297369.612732,1.81,503,
dee09e07-f1f3-4ab3-aef2-34e9b560b18a,1782297369.616244,1782297369.618362,2.12,503,
73331cb9-1ce3-45e2-929b-15ea465d65b6,1782297369.636011,1782297369.638324,2.31,503,
96982c06-2d05-4493-b6e7-6eadc12efb1c,1782297369.661143,1782297382.366046,12704.90,502,
3a79a726-6083-439c-9082-29fe190fbc5d,1782297369.662674,1782297369.670696,8.02,503,
13f169df-d03e-4582-95b2-0aeba836474f,1782297369.687337,1782297369.690792,3.46,503,
75f5dabd-ba65-431f-80dd-6dbc3c42b6be,1782297369.692609,1782297369.696568,3.96,503,
e8365857-9ca8-44b4-83db-5187a727634b,1782297369.694894,1782297382.399027,12704.13,502,
84b73066-c593-487a-b5f4-8159d4f112ab,1782297369.774888,1782297382.477272,12702.38,502,
529484cc-0297-42a4-9eb4-326794f9cec5,1782297369.865396,1782297382.567542,12702.15,502,
93e6ccbb-b393-4744-9a36-8ce9b6ceda0c,1782297369.910284,1782297382.612111,12701.83,502,
fac5e5d8-2ee3-44aa-9c9e-98d362659b2d,1782297369.920337,1782297382.621643,12701.31,502,
f57ce8ff-0e74-4c8e-8269-cec9e51bffea,1782297370.029667,1782297370.046050,16.38,503,
297bd878-956d-4feb-8201-7506213dcf6d,1782297370.117345,1782297375.239329,5121.98,502,
507bb112-efea-44f2-acd9-d64532938546,1782297370.156885,1782297374.246497,4089.61,502,
03823fbf-fa87-4f77-843d-d00febb6ba9d,1782297370.183076,1782297382.887625,12704.55,502,
144f487a-cc02-467f-a80e-d6b5f3f0b0a1,1782297370.187486,1782297382.890670,12703.18,502,
16c8ac5b-4657-4107-a09d-7fc1777783e9,1782297370.192519,1782297382.901135,12708.62,502,
23abc60e-4488-4df5-b038-ddf923a62d31,1782297370.194419,1782297382.902901,12708.48,502,
c8b54bb8-f6f1-4bd7-bd76-f9df404462ca,1782297370.253342,1782297382.955732,12702.39,502,
a813f304-79bc-4f72-95f6-cbc2632db986,1782297370.282863,1782297382.989133,12706.27,502,
cdb9716d-03c2-4222-b609-26c3e07214df,1782297370.316960,1782297370.320976,4.02,503,
d88f22ea-561a-437b-96d4-08ef30d0bfaf,1782297370.318278,1782297370.321554,3.28,503,
55f623d8-45c0-4a24-ae00-ef0912822631,1782297370.421169,1782297383.142306,12721.14,502,
9b362ef3-e08e-4342-b8bb-5fb4b274e136,1782297370.473409,1782297383.176947,12703.54,502,
8c14706b-2e42-4a06-8228-47696de6a5da,1782297370.479710,1782297383.185807,12706.10,502,
4273d34c-0893-48a7-a4ee-d2dcdd9d048f,1782297370.486382,1782297383.189145,12702.76,502,
c7596d03-ddd4-4961-919d-f9e2ac76ed68,1782297370.491650,1782297383.198820,12707.17,502,
89415454-b962-4118-bbc6-f82b1f9277a0,1782297370.503636,1782297383.206077,12702.44,502,
2f03c388-2545-4c62-9933-b4804c305e75,1782297370.524441,1782297383.269744,12745.30,502,
a459506c-85a6-4ef2-940e-c169cf4dd560,1782297370.542242,1782297383.270076,12727.83,502,
451438b7-8eee-4f80-9e10-8d1aa50c1977,1782297370.551019,1782297383.271494,12720.48,502,
e0bb304d-536c-4ecf-af17-2b004a4f1716,1782297370.579549,1782297383.298675,12719.13,502,
ce5aa8b3-9ff8-4250-a756-389488d8d924,1782297370.583682,1782297383.303212,12719.53,502,
ba22efd5-e434-4bb5-9b8e-95fe57adc14d,1782297370.593560,1782297383.310018,12716.46,502,
b40313bb-d6ca-465a-8208-cb10baff38d2,1782297370.606868,1782297370.609513,2.64,503,
a8c4c79c-c330-4538-b5a2-a89547941798,1782297370.625075,1782297370.626855,1.78,503,
0f980236-2f26-44c6-9bc9-c0a9905677af,1782297370.670504,1782297370.672553,2.05,503,
7a08bb21-9f1e-40e8-a442-f5ebcabb07c2,1782297370.677165,1782297370.678514,1.35,503,
5eb02588-7300-49df-9f70-61f78fe6bb8b,1782297370.698057,1782297370.699667,1.61,503,
dec88466-4890-42d0-8cff-cf9485ad3278,1782297370.724226,1782297383.426054,12701.83,502,
cb4cc1a4-90f9-4545-b51b-3285d116cfe5,1782297370.725432,1782297370.728647,3.22,503,
218417ea-cf15-4e06-bd88-69f7c3272751,1782297370.753304,1782297383.455695,12702.39,502,
7f69badd-6a6c-462b-baf9-ffd99ce9dd84,1782297370.759077,1782297383.461374,12702.30,502,
e5cc6a7d-1cd0-45fe-8533-09aa17f36b7e,1782297370.760730,1782297370.764970,4.24,503,
de248d25-5c02-4e9e-b3b5-d9ce13aa3d92,1782297370.848773,1782297383.550182,12701.41,502,
a3e2fa58-81f2-4eb7-a338-3e6631a87d04,1782297371.029353,1782297383.738676,12709.32,502,
7b419341-7364-4a23-a762-ad0c65a79512,1782297371.112372,1782297383.814445,12702.07,502,
ca216d2d-0dc3-4c6c-a41c-9c306856aa33,1782297371.148516,1782297383.850251,12701.74,502,
5b586ce6-bffa-4d26-aca5-1b329565a8a0,1782297371.173972,1782297383.876765,12702.79,502,
36db02a3-1d7f-4c55-ac35-99830418ac45,1782297371.178155,1782297383.881074,12702.92,502,
efa81668-17bf-4597-b7bb-b131acaad680,1782297371.183405,1782297371.198363,14.96,502,
1c7ec2d8-1434-4dde-92ec-2881432387b3,1782297371.184544,1782297383.894800,12710.26,502,
58fbd28c-f5d9-408e-94b4-2932c7e8c76f,1782297371.240206,1782297383.947714,12707.51,502,
7dad77b9-a91c-4e0c-8956-a6121570c1f1,1782297371.265872,1782297383.967954,12702.08,502,
b34ee92c-b07a-4534-9519-c626a8266f90,1782297371.300133,1782297381.135378,9835.24,502,
58e33ca0-b2e1-46eb-9546-caa81c4add93,1782297371.301560,1782297384.004488,12702.93,502,
b112d862-e02a-4282-89c4-13936bbadb43,1782297371.397999,1782297384.100055,12702.06,502,
f159afee-bc1c-4b94-bde3-5639407ec525,1782297371.448026,1782297384.149904,12701.88,502,
97bf27d9-ffeb-4962-9414-2dd425a7c0b9,1782297371.454170,1782297384.156481,12702.31,502,
447db010-4633-446c-9029-fde2c0facab9,1782297371.460088,1782297384.163413,12703.32,502,
75f32699-483c-413c-a3a0-3e2915b4bbb0,1782297371.466316,1782297384.167888,12701.57,502,
91c592bd-4f22-41d0-ac04-8cec1dabec46,1782297371.475475,1782297384.178204,12702.73,502,
5cc995c3-110c-4bb1-afe8-6aba933f8ef1,1782297371.497152,1782297384.199448,12702.30,502,
f94abe8a-0852-4b36-8949-ff76ae2ba559,1782297371.513551,1782297384.216014,12702.46,502,
70d6cffa-09fa-4c5d-9712-566a00a4c629,1782297371.521780,1782297371.524084,2.30,503,
537f3746-c0e0-40fb-a4b9-db7c4433378d,1782297371.547657,1782297384.249975,12702.32,502,
eb274c30-aec5-4257-83a6-ad020fb49cd2,1782297371.551844,1782297384.252960,12701.12,502,
d0def005-39f4-47aa-a1e8-d597dd7fe9b9,1782297371.561308,1782297384.262791,12701.48,502,
a7b38d16-991e-4632-bc8f-9c09e63ee947,1782297371.574843,1782297371.577281,2.44,503,
6283bb3f-65e2-4a35-9b79-e8f5c5ced217,1782297371.591939,1782297384.293776,12701.84,502,
2a9044f2-2ce4-4155-af0f-9bf73ac967ea,1782297371.634450,1782297384.338221,12703.77,502,
275365d5-ee6e-4a20-8a6d-473306dd10d8,1782297371.640761,1782297371.643057,2.30,503,
582112ae-7b54-40b4-93bc-eaae958e1c91,1782297371.659848,1782297384.360921,12701.07,502,
b49cf4b1-823f-48de-9137-79f987bc7b01,1782297371.685401,1782297384.395840,12710.44,502,
1501aac2-03a5-4dbd-baf7-1eb9630de104,1782297371.686777,1782297384.395986,12709.21,502,
9ee7dff5-75fa-4bb5-a9b2-4498dc7c1169,1782297371.712234,1782297371.714367,2.13,503,
267e587c-6826-403f-aed6-ab6d28ffd74d,1782297371.717912,1782297371.721133,3.22,503,
a657529d-8c7f-4137-b665-a1f4b8abd5b6,1782297371.719530,1782297371.722865,3.33,503,
f3a67786-b168-48d1-98ef-effeecaf4184,1782297371.802396,1782297371.804317,1.92,503,
a3dbb7d7-eb88-4096-8dd2-f4c6bbfbe8d8,1782297371.896011,1782297384.596685,12700.67,502,
78ea7c2a-a11b-4671-8017-a1aeebe7ac64,1782297371.942219,1782297384.644892,12702.67,502,
19e1245b-ec4a-42ba-855a-3c67a5fe4bb8,1782297372.035696,1782297384.747363,12711.67,502,
16b22923-16b9-403d-a2a2-1e015e3a6941,1782297372.115201,1782297384.818107,12702.91,502,
763ac244-4eaf-463f-bd8f-2f78df400553,1782297372.150409,1782297373.190743,1040.33,502,
2c125c3a-5383-4799-a469-5338556690f1,1782297372.175420,1782297384.877961,12702.54,502,
5d47599a-af79-4f5b-b699-98d02e07d445,1782297372.179429,1782297384.883896,12704.47,502,
0a7fd8fd-2a53-49a5-9a00-ad5103d1597a,1782297372.184238,1782297372.192526,8.29,502,
04ac8396-2a5a-462a-9a1a-b7e933d8ef74,1782297372.185692,1782297378.991645,6805.95,502,
305e9117-662c-4064-be43-1c6e52e6ed4d,1782297372.240396,1782297384.941852,12701.46,502,
c6d95be5-cb6e-4d0c-9318-8bae1050e0a5,1782297372.265799,1782297384.969064,12703.26,502,
6864bba9-5a27-4897-ac7a-70dbf57aadb2,1782297372.299088,1782297372.303088,4.00,503,
be9351c5-5ce5-4ad3-9847-07cdb1af1310,1782297372.299906,1782297372.304016,4.11,503,
fecbbf0a-4db6-4513-8d0d-1984563761e9,1782297372.393556,1782297385.095680,12702.12,502,
406e0f3b-6a96-4461-8ba8-7ccc666c1c8e,1782297372.441593,1782297385.143966,12702.37,502,
5c368950-94da-4917-ba03-e68e34bbc0e5,1782297372.448203,1782297385.149686,12701.48,502,
dfc83a61-2c0e-4dc9-a908-50cce1bdbea5,1782297372.454006,1782297372.455683,1.68,503,
a64eefa6-35ec-4263-89b1-3a0457d59ef4,1782297372.459161,1782297372.460970,1.81,503,
f37521eb-2801-4f8c-924f-0410c24b0287,1782297372.469631,1782297372.471114,1.48,503,
d7df7348-dc6d-459c-9994-d84f728bae33,1782297372.490883,1782297385.192414,12701.53,502,
b77fa69c-3277-4195-abcc-a876aba05492,1782297372.505031,1782297385.208804,12703.77,502,
e94f06ea-c679-4c1c-adae-7724850a3967,1782297372.513748,1782297385.215363,12701.62,502,
3134f2c3-13d5-4b81-84c2-d5eea6c9edb0,1782297372.539781,1782297385.240368,12700.59,502,
c69def59-c18b-404b-a384-ce46453ff213,1782297372.543345,1782297385.244796,12701.45,502,
d82fec39-aa23-4749-b161-1b6cbfa2a6b1,1782297372.552562,1782297385.252702,12700.14,502,
3d577905-ab69-4700-973b-d69107b30b0d,1782297372.565024,1782297385.267091,12702.07,502,
d38f4878-edff-4b4c-8495-9d645eabf1f3,1782297372.581747,1782297385.282315,12700.57,502,
99c1d996-6898-4d70-abb3-77b4f71598cf,1782297372.623158,1782297385.325127,12701.97,502,
fa00a5e9-8c4b-4ec7-852a-1f127ebcf6a3,1782297372.629488,1782297385.330724,12701.24,502,
7ed11af2-84dd-4b48-9dfe-f5b0931d3aa5,1782297372.648437,1782297385.348951,12700.51,502,
a1e293b2-57ec-4a22-ab24-00652f1848d4,1782297372.672953,1782297385.377398,12704.44,502,
b46e2c46-ac02-4c31-8f76-e38434f17a61,1782297372.674180,1782297385.378585,12704.41,502,
2ffbe883-9074-487a-b9a5-782953252993,1782297372.699888,1782297385.400866,12700.98,502,
9ae96d68-02c6-45dd-8ea2-0df72c721616,1782297372.704597,1782297385.405579,12700.98,502,
e97f1606-4540-4ef1-a92c-6e83cad63bfd,1782297372.705895,1782297385.406248,12700.35,502,
d5fc7513-85b4-42db-abaa-6217083dae04,1782297372.787038,1782297385.490200,12703.16,502,
5c8a83cd-fbcf-430e-8395-b4e088658c2d,1782297372.877940,1782297385.580097,12702.16,502,
49e6032a-d7cb-435f-ac8b-181523d1ef35,1782297372.923078,1782297385.624068,12700.99,502,
03db8242-9ca6-4cb2-ab36-22021f3ab12e,1782297372.932786,1782297385.633875,12701.09,502,
b5e1cc61-8cc2-40e4-8529-6121d09faf7e,1782297373.037021,1782297383.472031,10435.01,200,0.11139618100060034
7a17cb73-4f8d-4c43-bd8a-c6c155787e28,1782297373.128776,1782297385.151731,12022.96,200,0.07682345600005647
2cb8d0c8-e2d5-4497-9c64-40a1bc5702fe,1782297373.168484,1782297385.292794,12124.31,200,0.06646631199873809
8493d99a-0531-49b7-8ff6-6e9c44ccff59,1782297373.196169,1782297375.239340,2043.17,502,
f6ecd992-122d-43e6-b9df-746034b36a36,1782297373.201296,1782297373.206703,5.41,502,
f18bad15-c857-4d45-90ad-dfcba5a6774f,1782297373.207392,1782297386.085971,12878.58,200,0.07530584199957957
d4e98084-f5ac-424e-933a-628d8fe37eb9,1782297373.208117,1782297386.156249,12948.13,200,0.06908278300033999
8aecccf3-56a0-4934-a1e4-7a163db9a2f5,1782297373.269633,1782297387.626998,14357.37,200,0.0944506520008872
cc06517f-11fd-4689-85a0-a88ad54ee754,1782297373.296868,1782297387.628450,14331.58,200,0.08335997100039094
ef837070-226f-450c-a6cd-75877967cd9e,1782297373.335497,1782297388.188824,14853.33,200,0.06960797700048715
0fefe52f-6a7c-4ab6-831b-4c379aa393a7,1782297373.336117,1782297388.042898,14706.78,200,0.08592151099946932
34752465-a4bf-4eb7-aae7-9392ec08c9d8,1782297373.441792,1782297389.655996,16214.20,200,0.06991101099993102
2962a482-a8d1-40d6-b58c-ecff7c66804a,1782297373.496300,1782297390.728047,17231.75,200,0.07862786199984839
d732cb8c-7b9b-4849-b5a0-1a1f5b67a89c,1782297373.501716,1782297373.503736,2.02,503,
5b40c719-9b44-4f47-8b7d-c249b8987496,1782297373.508217,1782297373.509606,1.39,503,
2946afd6-f7f0-4341-abc0-78c8c8079d63,1782297373.514018,1782297373.515331,1.31,503,
fa717bfa-8dbb-4559-91c0-a114c3b81e32,1782297373.525760,1782297373.527282,1.52,503,
0a3bc3b1-97e7-47f0-9bc6-8960f8f11194,1782297373.547785,1782297373.549413,1.63,503,
4990b18d-9471-4e7e-9ca8-1e643ed7eedb,1782297373.564993,1782297373.567032,2.04,503,
84e20ccc-5f81-4f4f-b370-dd2b89b87e6f,1782297373.575598,1782297393.213386,19637.79,200,0.06910207200053264
53e843ed-b946-4ced-8613-5e1ec801f03a,1782297373.604378,1782297393.493869,19889.49,502,
d89e4a56-d568-40d2-8bb4-6dbb4f67f81b,1782297373.608912,1782297373.610532,1.62,503,
d1419709-49c9-411d-8000-c2518d4ea2de,1782297373.618958,1782297373.620229,1.27,503,
749880c6-0e1b-4fe2-84e9-f7e4fb77a8c9,1782297373.632624,1782297373.634717,2.09,503,
615688a6-8f4e-4f3e-89fd-54a0c7663aca,1782297373.651104,1782297393.480197,19829.09,502,
8e4849d6-bcc7-4388-b20a-52d473c33bea,1782297373.697873,1782297373.700082,2.21,503,
0bada3c9-9519-488d-bd7a-701f73bac1ac,1782297373.704551,1782297373.706465,1.91,503,
1f4e29ff-1577-4fcc-90d7-d57ced2a2885,1782297373.727021,1782297393.616902,19889.88,502,
b63f4c28-68f3-4da5-9ddd-4983a3e9047c,1782297373.755376,1782297373.757892,2.52,503,
c6d1a180-db0f-45f7-9c38-29520ddec424,1782297373.755871,1782297373.758403,2.53,503,
b8d6dea7-64a6-4837-8dee-6be0a31535bc,1782297373.783860,1782297393.611213,19827.35,502,
bcfcd4b9-bded-422b-91c5-6e093c03d21d,1782297373.789180,1782297373.790486,1.31,503,
7590aa4f-f399-4513-adab-ae4978ddb622,1782297373.791838,1782297373.793094,1.26,503,
1fb8195f-96ce-48e6-8d83-a9f6b3e1819b,1782297374.039923,1782297393.889242,19849.32,502,
d21e6102-82d9-455a-8af7-e2306cb67673,1782297374.125384,1782297393.955207,19829.82,502,
2fc2e614-b39f-4411-8e44-4e7786866859,1782297374.164201,1782297393.984620,19820.42,502,
cdf3c8b0-8a08-4618-9719-3d80745d60f2,1782297374.188826,1782297394.020291,19831.46,502,
07a2bb5c-8c5e-4976-8d48-3d4a249a846e,1782297374.193992,1782297394.020658,19826.67,502,
568b000d-a50a-400c-b04d-b800457f13ee,1782297374.198528,1782297374.204027,5.50,503,
ad6723cf-9340-4e30-a72f-8c793881e8b8,1782297374.199760,1782297374.204868,5.11,503,
4f6e7bc4-196e-4286-b8a0-d2a343bf9d97,1782297374.258351,1782297394.080981,19822.63,502,
e8250132-3baf-4f0a-bdb6-2e671d21865a,1782297374.284232,1782297394.114096,19829.86,502,
c87aea89-fd76-4468-99d5-317167629ff2,1782297374.319407,1782297374.322783,3.38,503,
763584d6-546a-41eb-a1f8-cda8ded1b943,1782297374.320230,1782297374.323186,2.96,503,
fb735d9b-7838-4739-a35d-8d02806322e3,1782297374.419609,1782297394.283704,19864.09,502,
6371d6fb-b06b-4e54-bb00-ee43dfdc46db,1782297374.470980,1782297394.306796,19835.82,502,
7ec91fad-253c-4fa6-81c2-2803e5f593bb,1782297374.478033,1782297394.306587,19828.55,502,
89f67b96-51b0-4553-8182-245400b2e44f,1782297374.483536,1782297374.485620,2.08,503,
33e4cf41-b01f-4969-8c9b-72790c8722fc,1782297374.489239,1782297374.490937,1.70,503,
3e2b305a-37dc-4d5a-9ff3-f4e46df5ae5e,1782297374.499461,1782297394.338729,19839.27,502,
ab7364bb-2b0b-4d3b-bbc7-57ec18fc68f8,1782297374.520377,1782297394.338493,19818.12,502,
19496e5d-41ce-408a-97af-9cc298a22b4c,1782297374.537128,1782297374.540088,2.96,503,
d5cbc819-6155-4f2e-990f-0a15ce327928,1782297374.546569,1782297374.548386,1.82,503,
1d426fcb-280b-4607-8880-f2bdf642fad2,1782297374.573868,1782297394.402370,19828.50,502,
2c5d1678-2738-47ed-9c11-ceac6fb337ab,1782297374.578002,1782297394.402214,19824.21,502,
e433a335-b0e5-4402-8dfd-eb65c87c475f,1782297374.589460,1782297394.475526,19886.07,502,
0ecf42d0-37cf-4bfb-ac6a-a6321a02ccd2,1782297374.601387,1782297394.434591,19833.20,502,
015dd132-1319-4607-abad-179a93119f6f,1782297374.618925,1782297394.464502,19845.58,502,
ca1f169b-e87a-46c1-bfd4-476f2a54de7f,1782297374.662737,1782297394.539600,19876.86,502,
8684c012-1582-4ea8-b3e4-6e14871b79f9,1782297374.668514,1782297394.498242,19829.73,502,
978a964a-80c2-4a5b-af2f-17c10cb2523c,1782297374.689835,1782297394.530886,19841.05,502,
4edf1eb8-af52-44e8-a02a-b6269f931d09,1782297374.715346,1782297394.561634,19846.29,502,
b3a0d262-cdf7-4a9a-8358-5e7cdee87c2b,1782297374.715996,1782297394.562349,19846.35,502,
f724f377-d1ee-4b9a-8452-f214ccf34346,1782297374.744408,1782297394.603717,19859.31,502,
9844df4f-29f3-4ab5-a828-a52aaafe9550,1782297374.748048,1782297394.593615,19845.57,502,
0c9e64f0-753c-4a9e-80a8-fedbdd8e765a,1782297374.750414,1782297394.593919,19843.51,502,
4e721907-b94a-4e29-be32-5f0354b4673a,1782297374.835851,1782297394.656419,19820.57,502,
eb85adfc-c49f-46b4-bb3d-550934f2933b,1782297374.932068,1782297394.753371,19821.30,502,
d04a956a-7c41-4b5c-a49c-6ae6c715b527,1782297375.046912,1782297383.062401,8015.49,200,0.11358960299912724
5b6d96a8-275d-4367-a71e-a706dad9f673,1782297375.134653,1782297384.254428,9119.77,200,0.06870187500135216
4dd44e98-e947-406a-8aea-acf79f114e0f,1782297375.173539,1782297385.224868,10051.33,200,0.07167402999948536
d0869528-0dd7-4f33-af86-0bc0f44870ca,1782297375.200473,1782297386.009325,10808.85,200,0.09710037100012414
5bf0bd2c-f8b0-4e35-bac7-a8a834fbc126,1782297375.204874,1782297375.207393,2.52,503,
f93b00eb-8823-4674-b2da-283325674792,1782297375.210307,1782297375.213460,3.15,503,
3b1e829d-295f-447a-adbc-b24e6515b76b,1782297375.211610,1782297375.216848,5.24,503,
e6dec27c-3166-45f2-bc9a-e1c51008fe20,1782297375.271340,1782297386.923325,11651.98,200,0.0790682540009584
cfad7548-9a05-4173-aced-b437e5fbb7d5,1782297375.299231,1782297387.349437,12050.21,200,0.07034185500015155
b3cb6180-47cb-4569-ae48-e16b02f165f0,1782297375.334828,1782297387.957433,12622.61,200,0.1185038319999876
20f54601-43b5-4a31-9b27-4ae93885bfbe,1782297375.335437,1782297387.957972,12622.53,200,0.10312802099906548
c4fa84f5-6ad1-4f9d-b034-d81068f19b90,1782297375.438488,1782297389.367878,13929.39,200,0.07331797999904666
4aa69680-9a85-4b2d-8cd1-ade380215ae0,1782297375.490280,1782297390.571976,15081.70,200,0.07009273999938159
8b5fb1cd-7d1d-445e-a072-0ca1817bd9a3,1782297375.497760,1782297390.500478,15002.72,200,0.08466249699995387
ffddf207-b450-4c01-bb59-21140a0df1f8,1782297375.503399,1782297390.415591,14912.19,200,0.07273777899899869
e51fd9f4-f424-4d18-863c-3d20fcefdb2f,1782297375.509093,1782297390.341191,14832.10,200,0.07523095900069166
f59d4c54-0464-4a4b-b418-bd78bb4fa287,1782297375.520461,1782297391.210469,15690.01,200,0.08041093199972238
ee10f66c-84e0-4e53-bbb7-c73150cd7f7c,1782297375.542029,1782297391.211122,15669.09,200,0.08173914600047283
1e6067ed-0a25-48ac-877b-dd78243ca27a,1782297375.558833,1782297392.191130,16632.30,200,0.07637345100010862
bc24cef5-a1d4-433c-9488-e036f01dae5b,1782297375.568841,1782297392.044153,16475.31,200,0.06672330499895907
be885bbf-dd20-4ff2-b33a-bf75e003cee3,1782297375.597248,1782297393.054206,17456.96,200,0.10492781799985096
991b4d88-c206-4c93-8e66-6f0793bbb3b1,1782297375.601480,1782297392.947521,17346.04,200,0.08558276899930206
c0ce3037-cc48-47d3-8bc9-9290b69d01f5,1782297375.612621,1782297393.450116,17837.50,502,
3baabf3e-1918-4c10-8d11-80924e9a4164,1782297375.624209,1782297393.448352,17824.14,502,
95bc9af4-4b5a-441f-9346-78e705a4ce83,1782297375.642925,1782297393.480116,17837.19,502,
89bb23c8-e61f-464f-823e-ddbe4b4ae497,1782297375.687551,1782297393.513037,17825.49,502,
e21afd31-d532-4815-b514-c4eed6996c14,1782297375.694626,1782297393.553726,17859.10,502,
cd8886ce-159d-4fd4-add9-b2e2b7799d4d,1782297375.715971,1782297393.539932,17823.96,502,
4051c5c7-f4f2-47b0-91ea-1363a45d5b98,1782297375.742245,1782297393.616989,17874.74,502,
f016b605-258a-494b-984b-3ac2565241dd,1782297375.742983,1782297393.570947,17827.96,502,
d31f2510-db67-4ae0-b389-e2b75e0ad5bb,1782297375.771563,1782297393.611135,17839.57,502,
3769763a-8b9b-4fca-a70b-bdf1a5840d8e,1782297375.776510,1782297393.611653,17835.14,502,
92c7399f-fc8a-45c9-8845-117a47d8550e,1782297378.785105,1782297383.634573,4849.47,200,0.07677394199890841
565ad5e2-2667-47c4-8c6d-da41b0ad0d96,1782297378.873934,1782297384.612180,5738.25,200,0.06917915200028801
4b9e2172-3671-4d31-8cba-b8e5e599e3b1,1782297378.913704,1782297385.662050,6748.35,200,0.07761230399955821
c860b12c-88c3-4c5c-9499-e39b082fbc92,1782297378.940361,1782297385.582288,6641.93,200,0.06990792999931728
786a37cf-5016-41be-bb0b-cef83a4f0312,1782297378.945093,1782297386.376881,7431.79,200,0.07415699299963308
9efd99c6-71a7-4326-b908-7dc03adf3166,1782297378.950998,1782297386.520562,7569.56,200,0.07205501800126513
ca974001-0f8d-40a8-ab0a-fae337f4762e,1782297378.952142,1782297386.520295,7568.15,200,0.06863516900011746
81f1e537-56d3-4352-a74f-6222666f0e7f,1782297379.013765,1782297380.047092,1033.33,502,
2eaf6cbd-7f40-4177-8af7-e639b5a35366,1782297379.041070,1782297387.728342,8687.27,200,0.09955503400124144
0b4ceea1-e91b-4f07-bb9c-0adf1b2f4f65,1782297379.078701,1782297388.257878,9179.18,200,0.0680252769998333
82ddc8b0-5ffc-4719-81b7-18ea68dc89d5,1782297379.079325,1782297388.336430,9257.10,200,0.07672576699951605
72165ccf-bdb9-457a-b73c-8877155afc3a,1782297379.185943,1782297389.896739,10710.80,200,0.07929957800115517
f26c893a-e905-4fd2-b6a1-d5a1cee64602,1782297379.240651,1782297391.419393,12178.74,200,0.06864888000018254
6419ef05-ebd4-4615-b087-24b77bfd043a,1782297379.246792,1782297391.486893,12240.10,200,0.06823091799924441
8c15da79-8f78-49da-aebb-b66aec707b22,1782297379.253141,1782297391.579111,12325.97,200,0.08903969200036954
ce4151f1-854a-4f4c-8141-5d975b1c805a,1782297379.258526,1782297391.661067,12402.54,200,0.08069704399895272
fff6fbe2-cab4-4327-a6f4-8ac58b0b36cb,1782297379.269891,1782297392.332227,13062.34,200,0.06844193299912149
67c158fd-854c-4494-916c-d42e999e5d74,1782297379.292181,1782297392.262254,12970.07,200,0.06967981300113024
fdacd59f-4698-4c6c-a658-f49c74a37790,1782297379.309310,1782297392.770449,13461.14,200,0.09296268099933513
53f84558-5298-4d75-81c7-5d7644cfc561,1782297379.321140,1782297392.946841,13625.70,200,0.08567325900003198
dba60110-bd5a-461d-bae2-1734df91b728,1782297379.348505,1782297393.448325,14099.82,502,
6ffd5429-0f85-4fa9-bed8-d41f44ca812b,1782297379.353360,1782297393.450137,14096.78,502,
7f5f97de-8543-4351-a9d9-2f33952cbc85,1782297379.364964,1782297393.480113,14115.15,502,
66d20187-e741-49a4-bcfc-7f4b06abbcac,1782297379.377744,1782297393.481781,14104.04,502,
744250a4-e1f2-47d4-ada9-98bb779ea26a,1782297379.396323,1782297393.510472,14114.15,502,
b917faa3-46b1-4f8c-af25-f595f7b74a27,1782297379.442976,1782297393.541594,14098.62,502,
b2002e55-7a63-4d6b-a985-496359d9fd6a,1782297379.449397,1782297393.539889,14090.49,502,
e2894db0-2a18-4142-a72b-01959ea2e731,1782297379.470950,1782297393.570978,14100.03,502,
60d991fc-295a-4d6f-b250-2f75cdeb8e6e,1782297379.499426,1782297393.611415,14111.99,502,
9ca07e4c-d619-492e-9057-c9765330e683,1782297379.500163,1782297393.616951,14116.79,502,
a490000a-8463-44ca-9e98-b901c69452f2,1782297379.528648,1782297393.635871,14107.22,502,
7135f557-2dc8-4444-ade9-f14c1c30fee9,1782297379.534440,1782297379.537681,3.24,503,
25282e4b-8869-4663-a2b9-8919a3de27cf,1782297379.536838,1782297379.539271,2.43,503,
87bed447-23e2-45f9-a1c4-4d9499e7d066,1782297379.749438,1782297382.948775,3199.34,200,0.10792471599961573
a986c0c8-d9e5-42de-92e1-b024618a773d,1782297379.834651,1782297383.556372,3721.72,200,0.08261187699827133
97426192-66f4-46da-b797-e152d4713069,1782297379.872548,1782297384.541760,4669.21,200,0.07397919100003492
31b3b63f-3589-48eb-a386-a8dcf5245a75,1782297379.898609,1782297385.072591,5173.98,200,0.07089558100051363
65d5a9c1-ac6c-4553-8d8c-62531602bbdd,1782297379.903356,1782297385.003509,5100.15,200,0.07319930499943439
0195d039-772c-4db8-8daa-82917b94d4ff,1782297379.908318,1782297385.437179,5528.86,200,0.07200271299916494
f2598b36-5ff2-4fe4-851e-da96bb93e9a1,1782297379.909148,1782297385.439108,5529.96,200,0.0681294899986824
864bd44e-d685-4b3f-b610-42d93edfe0ea,1782297379.967516,1782297385.738644,5771.13,200,0.07416088100035267
7b4e91d4-862d-4ced-985f-d095587e3dd3,1782297379.993285,1782297386.599867,6606.58,200,0.0784782089995133
3473c3a3-bc9f-4138-8f01-8e4f35c9c4e4,1782297380.028458,1782297387.443227,7414.77,200,0.09003755199955776
90c43329-7647-47da-800c-b5f1fe1153af,1782297380.029096,1782297386.990866,6961.77,200,0.06659184900127002
e09296d7-76d2-4337-8889-3dbbe58316e6,1782297380.129066,1782297388.419543,8290.48,200,0.08161950300018361
20ac058a-1523-4f4d-b08b-140d3323ef9f,1782297380.180658,1782297389.218522,9037.86,200,0.07250910999937332
dc30ef4b-318c-4508-bca8-7313950966ef,1782297380.187389,1782297389.143908,8956.52,200,0.07279498300158593
0ddd81b3-a7fb-434a-9688-437e4e4d5cef,1782297380.192834,1782297389.068964,8876.13,200,0.06982468300157052
99a7de76-af6b-4252-884a-63eb182e7636,1782297380.198264,1782297380.200501,2.24,503,
f351e559-a8d0-4480-8e85-ebd65b8186a9,1782297380.209189,1782297389.446444,9237.25,200,0.07984290000058536
d26ca5ca-5396-4353-8ace-0b852b92e3ff,1782297380.230391,1782297390.647782,10417.39,200,0.07363887999963481
5a3ecc67-fac5-4728-983b-830b9ca608a9,1782297380.246052,1782297390.341658,10095.61,200,0.07579431599879172
9e51f105-6213-4c60-bce6-6d7311fb01db,1782297380.257664,1782297380.259469,1.80,503,
9e698dd1-535c-48ab-9f74-3ba1343b2f36,1782297380.283016,1782297380.284832,1.82,503,
09c56a1b-13b8-4066-927c-2404d6a1ba4f,1782297380.287290,1782297380.288716,1.43,503,
58deb455-4566-4aeb-9f0d-f9551cf8265f,1782297380.297173,1782297380.298572,1.40,503,
f83f426e-ca9e-49f4-84f0-cceb5f261d38,1782297380.311040,1782297380.312320,1.28,503,
e51b4247-e37f-4c7a-8d4f-6fb4bea89c64,1782297380.327765,1782297393.213867,12886.10,200,0.0870169559984788
e2543606-c408-475c-9f6c-ac587838b9e3,1782297380.371794,1782297380.373574,1.78,503,
2c6371ed-f77e-4e6c-b7df-27b1b2eea8ca,1782297380.377982,1782297393.441581,13063.60,200,0.08385808300045028
20cd8fab-1f76-4be6-93ad-0689cd1f1eb5,1782297380.399066,1782297380.402205,3.14,503,
4fef29c6-0e26-470e-860b-0b0d3b2b3172,1782297380.424770,1782297393.553767,13129.00,502,
ebb9d1a7-f4b3-4c4b-9091-5b01230ca04e,1782297380.425687,1782297380.429442,3.75,503,
cedacf89-1425-4b18-a209-7a151248fb68,1782297380.453001,1782297380.454234,1.23,503,
be29af4b-0e71-4b2a-aa27-19ca25253fe2,1782297380.457632,1782297380.458938,1.31,503,
cd49d94e-1817-4697-a787-ad8d59eb1505,1782297380.460434,1782297380.461714,1.28,503,
9ae1309c-8550-4631-99dd-41886ca521aa,1782297380.545328,1782297393.611143,13065.81,502,
4dc3c6de-5ba8-4ef2-b512-e56a5317bed2,1782297380.640865,1782297393.700536,13059.67,502,
edfa87bb-795d-4925-82d8-a9afbcbb49a3,1782297380.754296,1782297390.769394,10015.10,502,
00dbd4ae-980a-452f-ae9c-06a64c9b0dd6,1782297380.842452,1782297383.716817,2874.37,200,0.0809405730014987
dc1693aa-6f2c-4e70-93d6-e1cdeab656e2,1782297380.881739,1782297383.874161,2992.42,200,0.07640294900011213
0f20a4c5-5a3f-4e40-bc23-e2dad1940ffb,1782297380.907629,1782297384.765246,3857.62,200,0.07621496599858801
dc2190e3-f55d-41dd-bc87-a5b283a3872a,1782297380.912758,1782297384.844605,3931.85,200,0.07909288599876163
8b044728-a60d-4bf2-8d47-aa012f8ec99f,1782297380.917733,1782297380.921328,3.59,503,
f5c02ef6-56de-4adc-9037-cc00c50dc602,1782297380.919008,1782297385.004059,4085.05,200,0.07845403300052567
acf593ee-e428-43d4-9f23-39cb0aac6154,1782297380.978230,1782297385.833308,4855.08,200,0.0903016980009852
ae372d66-4f54-4fdb-8662-347b5d3da26c,1782297381.006692,1782297386.675150,5668.46,200,0.07389301900002465
4e927e30-a625-4cab-943c-c466ad317d55,1782297381.042351,1782297387.202976,6160.63,200,0.07030149899946991
4c693c59-de0b-4e81-af86-113f69e5d85f,1782297381.043189,1782297387.275975,6232.79,200,0.07209441299892205
c3aacb68-c4e2-4eb3-8b0b-b1ee362aff5d,1782297381.145740,1782297382.158692,1012.95,502,
636eed6d-0117-403b-8910-d4e0eed5818c,1782297381.198094,1782297388.844271,7646.18,200,0.08054582000113442
af233113-d11a-42d6-b63b-56b54075f624,1782297381.204969,1782297388.926127,7721.16,200,0.08081757000036305
a4ad0e71-9855-4442-b4c3-b12fa331db2c,1782297381.210873,1782297388.996932,7786.06,200,0.06993140099984885
8c391a23-8427-4a2e-b3fe-b78f83542c14,1782297381.217341,1782297381.219484,2.14,503,
8765d8b4-0d2c-4dc5-a507-ca4f48438df7,1782297381.228116,1782297381.229621,1.51,503,
48a22f13-de58-43e4-afa6-ddd6fae54f86,1782297381.249108,1782297381.250863,1.75,503,
8df7365a-afa8-4240-bd25-457a26d77d0c,1782297381.266332,1782297390.043201,8776.87,200,0.06972034400132543
5ea41e22-965f-4e85-b042-7932ba0cdf38,1782297381.277226,1782297381.278898,1.67,503,
823e9374-4bec-45bd-8d43-a40be49bb0bf,1782297381.304302,1782297381.305640,1.34,503,
c3daf256-e82b-4594-b90c-3e66001f2683,1782297381.308141,1782297381.309893,1.75,503,
649f240d-18c3-4fc6-87c1-1772c3cab375,1782297381.318377,1782297381.319840,1.46,503,
e4593389-8845-4455-b58f-4de4308a035b,1782297381.332237,1782297391.899075,10566.84,200,0.08096329699947091
660f62a9-d6ee-42bf-9c3d-8e66e65ab9be,1782297381.350067,1782297392.673552,11323.49,200,0.09903119599948695
e10c02e2-7b16-4c43-8544-e32932624d43,1782297381.395467,1782297393.493833,12098.37,502,
24851173-4537-4f9d-91d7-08ad0b809346,1782297381.401568,1782297381.404507,2.94,503,
4cc03403-b0d1-46f8-ad0e-dd67dc183085,1782297381.424102,1782297381.425820,1.72,503,
b4e47de2-a808-4306-92d7-02e231114aef,1782297381.449524,1782297381.451749,2.22,503,
39ca47ee-4622-4c14-92a8-a160e28d9ba8,1782297381.450725,1782297393.513145,12062.42,502,
6b4aed1a-37bf-4467-a7a0-b8f4ce04caf8,1782297381.478594,1782297381.480514,1.92,503,
0494e807-9dc5-40f4-a1dc-0334340116c5,1782297381.484037,1782297381.485418,1.38,503,
28a85b52-de2f-4e93-84a3-2fb43e137691,1782297381.485722,1782297381.486604,0.88,503,
8649fe30-a0af-4c56-a891-6d5e5cd4f018,1782297381.573092,1782297393.635918,12062.83,502,
e1cdb958-0f56-4c78-a526-ee08ae7cdfdd,1782297381.758525,1782297391.771689,10013.16,502,
4a2fc75d-73cc-4dcc-b534-463bd4fc6428,1782297381.854840,1782297383.472844,1618.00,200,0.131436573999963
056429ba-ac47-4a84-b3c2-61bde419a53c,1782297381.897581,1782297383.956226,2058.65,200,0.08138850400064257
4888a75e-02ac-4dc0-92b0-4976bf5ad4db,1782297381.927543,1782297384.321513,2393.97,200,0.06625205399905099
a229d68f-110a-4020-b280-01b6c9634c79,1782297381.932131,1782297384.394638,2462.51,200,0.07052633399871411
ee94890d-073d-4218-a4c8-01c67ecd0837,1782297381.938529,1782297384.764612,2826.08,200,0.07296561700059101
049a6e42-5e41-48bb-b9a2-bcb8bdf0198e,1782297381.939819,1782297384.541426,2601.61,200,0.0695597350004391
1b35dc55-8281-4cfc-b107-9ee751204749,1782297382.004428,1782297386.009959,4005.53,200,0.07472565900025074
9560b9b7-e46a-4d79-8474-3af00025abac,1782297382.034314,1782297386.377284,4342.97,200,0.06573854399903212
0953648a-1806-4862-b434-d51412f8615e,1782297382.073948,1782297387.202414,5128.47,200,0.07323713599907933
53139b63-ed3b-45aa-a592-aefc75b715b5,1782297382.074806,1782297387.054214,4979.41,200,0.061045955000736285
2ae3e038-2669-4ae6-883c-aed0d7464e4e,1782297382.188131,1782297388.501187,6313.06,200,0.0806213169998955
c5062c47-a71d-45d8-ac90-e51cc2955e6e,1782297382.245980,1782297389.815617,7569.64,200,0.08291317899966089
793f0217-63f6-4415-b287-7027199b7ef3,1782297382.253596,1782297389.730617,7477.02,200,0.07324252299986256
e769d595-ae7d-4107-91ae-7646303e4ba3,1782297382.260135,1782297389.584825,7324.69,200,0.06752789100028167
41ac767f-17f7-4588-a191-5d94cb7eaf6b,1782297382.265884,1782297389.585127,7319.24,200,0.06681534400013334
076c56e8-41a3-467a-9f26-0c0b35773e92,1782297382.277661,1782297390.189717,7912.06,200,0.07361097200009681
b3829dda-6e2c-4ef1-afc5-8064a7fdfc2d,1782297382.302310,1782297390.111220,7808.91,200,0.06623311800103693
e2404413-87e6-4e39-a0a2-15655b1a79d2,1782297382.319984,1782297391.347224,9027.24,200,0.06866323199938051
975ea589-7b96-483b-a1e9-2b580a46e8f5,1782297382.331636,1782297392.491112,10159.48,200,0.0775853429986455
1f010901-9a32-41bf-bd1b-aff39a5279df,1782297382.361438,1782297392.112310,9750.87,200,0.06708810100099072
4ff010a9-6c93-4188-9721-aebf13114704,1782297382.366038,1782297391.976862,9610.82,200,0.07529641600012837
1a07aafa-58cf-4f18-b6b0-3478e11c9311,1782297382.377266,1782297392.490642,10113.38,200,0.07542084799933946
e8b872f1-01da-43fe-82a6-3eabc817abc6,1782297382.392892,1782297392.576545,10183.65,200,0.08134336399962194
f7eb0297-6b85-42bd-b947-96f9582fa2e5,1782297382.412197,1782297393.442067,11029.87,200,0.06958965199919476
aa04561a-0af4-4c91-939a-3ea8abf49c45,1782297382.461729,1782297393.476347,11014.62,502,
fa727a62-a17e-4c65-84af-7d2355d0000d,1782297382.468446,1782297393.514692,11046.25,502,
e60a22ff-6ca6-44e2-b6ae-7bbca1359e79,1782297382.492260,1782297393.559632,11067.37,502,
a23f8590-624d-4f97-b674-d7c4b1a8c17d,1782297382.522292,1782297393.541601,11019.31,502,
273f7b12-6c0c-44ee-8429-f617e7957571,1782297382.523399,1782297393.603821,11080.42,502,
499d6477-0ab1-465c-9fdd-d21bd1770c49,1782297382.554350,1782297382.556735,2.39,503,
1b9b5228-c120-4cc4-9fcb-0bcbbcd38a5b,1782297382.764168,1782297393.792912,11028.74,502,
9ed89a7b-d530-4932-9136-6174718caacd,1782297382.854799,1782297383.225028,370.23,200,0.15941930400003912
73835080-3354-4e50-b3c7-9d1b6e0227ee,1782297382.895264,1782297383.795887,900.62,200,0.07725131899860571
e0318837-c225-4242-aba6-2d7335161c8e,1782297382.921952,1782297384.026533,1104.58,200,0.06812683799944352
913e351b-bf41-4fb0-b11b-0af70f99225b,1782297382.927536,1782297384.111709,1184.17,200,0.0834195709994674
d84d468e-4c3f-4a86-b5ab-2794cf608e76,1782297382.932333,1782297384.184082,1251.75,200,0.07139672300036182
e571c825-e1d5-40f0-b91e-74df0f91f349,1782297382.936749,1782297382.947200,10.45,503,
e6f4c43b-ee93-4751-92ea-8bb3c5788ed5,1782297382.995215,1782297385.511291,2516.08,200,0.07372873699932825
d1484a11-6a0a-4612-a31f-9232b44582ec,1782297383.023923,1782297386.232991,3209.07,200,0.0747744860000239
657828e9-a556-4758-8efb-56e829bd4898,1782297383.059962,1782297386.749309,3689.35,200,0.07279765699968266
745596f8-dd87-48f7-9157-e4f381ed33c5,1782297383.061208,1782297386.923668,3862.46,200,0.08841853699959756
bf629484-32d6-4323-b70c-c21e8aa07b95,1782297383.166971,1782297388.117258,4950.29,200,0.07351602500057197
cfaf342c-1cfb-44bd-98bd-7eeb003da012,1782297383.222581,1782297388.568614,5346.03,200,0.06555193400163262
bb26319f-c311-4fd5-96b8-6e0190e24ee1,1782297383.228204,1782297388.764057,5535.85,200,0.09337523000067449
a243b249-ef1a-4f12-866f-531c40a55199,1782297383.234388,1782297388.763521,5529.13,200,0.09247981400039862
d9f1957f-a320-4b57-9c39-168bb80a182e,1782297383.240739,1782297389.367917,6127.18,200,0.07068836299913528
1f141f97-5b55-4aed-b1c6-22e37faf3bf6,1782297383.253522,1782297389.971838,6718.32,200,0.07327510899995104
3b643104-1bdc-49ba-a70a-8ec8c61bee89,1782297383.275072,1782297390.879084,7604.01,200,0.07222320599976229
78b33185-1078-4a70-8b2f-47ef2c7896ec,1782297383.291390,1782297390.879577,7588.19,200,0.07439690499995777
f3f96968-0e9c-4262-93da-a82d1ab71a88,1782297383.302093,1782297391.044336,7742.24,200,0.08482766899942362
e1efdb1f-daab-40da-b749-cf1610bf362e,1782297383.330640,1782297391.045429,7714.79,200,0.07272288499916613
3266be1c-4517-4e01-83a2-bd2fe9e92bab,1782297383.335505,1782297391.276984,7941.48,200,0.0657237659997918
0ac6611a-a168-48ef-a5a5-822104ffab86,1782297383.347132,1782297391.740605,8393.47,200,0.07852034899951832
424e9571-579a-4319-badd-69d21f8c507b,1782297383.359592,1782297391.815151,8455.56,200,0.0727367769995908
d9e17aff-3d90-4021-bb2d-dc7bafd692f5,1782297383.378600,1782297383.394091,15.49,503,
68698f92-3a54-4116-bf31-5327a2dbfd36,1782297383.424168,1782297393.283859,9859.69,200,0.06985919299950183
28454d11-47f4-47f2-960d-767422521e86,1782297383.431422,1782297383.434374,2.95,503,
de10353a-78c4-4f09-bce9-86a12439082c,1782297383.454074,1782297393.461768,10007.69,502,
a17f8e63-88d8-4ffc-adfa-546a83fb21d3,1782297383.480574,1782297393.488585,10008.01,502,
2f7aee12-b525-4644-9c26-f6dc8662f4a7,1782297383.481893,1782297393.492397,10010.50,502,
79da238d-5859-40d8-876e-91845b402b29,1782297383.510852,1782297393.519315,10008.46,502,
38c1fd6c-d7cf-4a35-9cbc-92ce0f65ddef,1782297383.515770,1782297383.518180,2.41,503,
b6181296-79a1-4f46-87f9-d92d7069f685,1782297383.517354,1782297383.520379,3.02,503,
17a6927e-3766-4979-8f5a-17d71cacbf4e,1782297383.767246,1782297393.786024,10018.78,502,
d5cbe944-5908-464a-a7a4-cdbe1ef505e5,1782297383.857298,1782297393.866990,10009.69,502,
c81c0f69-c18f-4599-ab2d-cbd2ae7c9db3,1782297383.896766,1782297393.905905,10009.14,502,
146c0460-a059-4686-b970-51e6666d757e,1782297383.924719,1782297393.933576,10008.86,502,
190347e4-f2cf-4298-ac6f-082b042c55a9,1782297383.929635,1782297393.938377,10008.74,502,
a1ecbcf1-5a54-46d4-8458-c4007dd59b52,1782297383.935275,1782297393.953660,10018.38,502,
e2d228e7-f9fd-4d5f-ac36-bcb083b9c20e,1782297383.936372,1782297393.954062,10017.69,502,
d83cb3d1-f8d7-41f2-a74a-b6fb3f634b5a,1782297383.997700,1782297394.048664,10050.96,502,
f9308bfa-c106-4925-8a8a-2cfa22957c94,1782297384.025550,1782297394.035246,10009.70,502,
16d3a6f7-fd28-4865-aec8-aed229a3ed71,1782297384.062902,1782297394.119657,10056.75,502,
6ed7c929-5649-4c5e-95b8-2a6953826f50,1782297384.064147,1782297394.076249,10012.10,502,
f2b428ed-1fb3-4191-8264-c6d3cba065cd,1782297384.169708,1782297394.219790,10050.08,502,
e2ee2916-2ade-4978-8696-2b635a541421,1782297384.225270,1782297394.231572,10006.30,502,
607950ca-ba2b-4c39-bfe5-de23c39b64e1,1782297384.231282,1782297394.240256,10008.97,502,
2bd9a818-a1a8-43a3-9d51-04306b50b777,1782297384.237379,1782297394.246518,10009.14,502,
aa30602d-4b4f-4c70-9ebe-1744d547ade1,1782297384.243068,1782297394.251933,10008.87,502,
b089b376-d877-41ad-a448-48a20ad13fa2,1782297384.254496,1782297394.303951,10049.45,502,
849f633c-9103-4d69-8795-1314380f94ff,1782297384.276777,1782297394.283832,10007.05,502,
dc3b8ad9-8b5b-4577-b4cb-387f6bdc33d0,1782297384.293751,1782297394.300233,10006.48,502,
7ccd1e75-e3de-4e93-9ca0-234d67c68f21,1782297384.305323,1782297394.313373,10008.05,502,
bfa0bc2a-3c4a-4e02-a77f-84721a093278,1782297384.334027,1782297394.343154,10009.13,502,
8fc56ac2-524f-4354-9582-c80478a09ee7,1782297384.337550,1782297394.343863,10006.31,502,
d4544e12-6878-4062-befc-2c530a0411fb,1782297384.349133,1782297394.400502,10051.37,502,
3daf604e-73a4-4584-a2c6-d9cc90ec684d,1782297384.362348,1782297394.371284,10008.94,502,
0c1f2957-aea1-4cee-9fb8-d132a961afc5,1782297384.380270,1782297394.390182,10009.91,502,
ba420d15-7da7-4cf7-88fd-102293c31182,1782297384.427315,1782297394.435685,10008.37,502,
18f73736-f62e-456a-b4ee-ba227ba4bab8,1782297384.433977,1782297394.483869,10049.89,502,
0e4758c4-d8fa-4a33-b328-deed3bd0bbfb,1782297384.455800,1782297394.463542,10007.74,502,
3584e8ab-545e-4f39-86db-c7c30cdb8bad,1782297384.482730,1782297394.490659,10007.93,502,
4c6f016a-999e-42fc-83db-6d3b209a865d,1782297384.484013,1782297394.492622,10008.61,502,
55e0bb76-2cea-4d85-b869-6846e96ad980,1782297384.512335,1782297394.563056,10050.72,502,
60c31538-ceed-44b0-8941-02cc6b954d17,1782297384.518022,1782297394.527292,10009.27,502,
da9cc716-5c62-4ec3-99fe-8393c673a234,1782297384.520756,1782297394.529037,10008.28,502,
22db462e-3881-4dc0-aa13-a39efff9ad1a,1782297384.772934,1782297394.791691,10018.76,502,
3264a24a-a565-4b53-9be8-78a44c03be31,1782297384.875997,1782297394.886676,10010.68,502,
a6df82ef-8d05-4aff-89ef-0afdaa785439,1782297384.920648,1782297394.929804,10009.16,502,
4becfb2f-b695-432b-a848-116ca9706f24,1782297384.952186,1782297395.007506,10055.32,502,
704058bd-4876-4372-8bf9-7cb4fbad8902,1782297384.957948,1782297394.965554,10007.61,502,
8dc20177-86fc-4f2f-ab0d-fcca46f19921,1782297384.963774,1782297394.973883,10010.11,502,
f34e3a99-9786-4379-b321-60cbe3044246,1782297384.965792,1782297395.015844,10050.05,502,
e60bb8e7-b2ef-4647-a3d2-7bf996531aeb,1782297385.035592,1782297395.087030,10051.44,502,
e9ea004d-855c-40f6-af85-864c338ad231,1782297385.067181,1782297395.075706,10008.53,502,
32a57b0e-c53b-425d-bca1-756f7a574894,1782297385.109947,1782297395.117707,10007.76,502,
13aa4687-5db0-4be1-b433-131cfbc3c7c4,1782297385.110725,1782297395.119750,10009.03,502,
b1a00ef6-a991-44af-9063-ec899c1b2689,1782297385.231901,1782297395.239025,10007.12,502,
7d9246e5-32c8-4957-bd92-44c1dc99e144,1782297385.293587,1782297395.303076,10009.49,502,
19765208-2cdb-4cb3-a7c1-00892236f0bf,1782297385.300516,1782297395.308123,10007.61,502,
e151a8a1-d809-4879-9191-594ad5f3a896,1782297385.308083,1782297395.315146,10007.06,502,
ddc99579-1ea6-4aa3-920c-9aef04b619a9,1782297385.314924,1782297395.322918,10007.99,502,
cf7e9c66-dd73-47b0-871d-3542c66c2a5d,1782297385.326921,1782297395.333713,10006.79,502,
52687f69-659c-482c-b7d7-37f67a9d94df,1782297385.352735,1782297395.402951,10050.22,502,
87b12af6-19b4-4a85-9720-c715412925f7,1782297385.372739,1782297395.381661,10008.92,502,
e4b372bc-2214-43d8-9b5e-1450962b7310,1782297385.384882,1782297395.393051,10008.17,502,
047201a9-3799-4666-a7d3-05e17cb689d5,1782297385.416927,1782297395.424688,10007.76,502,
45a31dbd-3179-470b-b31f-54522e4881ac,1782297385.422362,1782297395.475278,10052.92,502,
fdd7b185-0777-464b-9917-12880763cbca,1782297385.433896,1782297395.444533,10010.64,502,
df5f0e37-acc3-40db-a13a-58c08570f070,1782297385.449439,1782297395.456877,10007.44,502,
6800b9e1-acd4-4c06-a028-7289478dca17,1782297385.470288,1782297395.477885,10007.60,502,
6bd95d81-c244-4444-b960-f6109e025303,1782297385.524914,1782297395.575775,10050.86,502,
8eec2e64-996f-471c-ab1a-a8a0f1cb3037,1782297385.531609,1782297395.539271,10007.66,502,
abc29c02-880b-42df-8f84-c7478390c9ce,1782297385.556177,1782297395.563265,10007.09,502,
48202135-ea7e-48b9-a4da-f79dde55cad1,1782297385.587293,1782297395.595369,10008.08,502,
6130b479-b110-44dd-9ea2-aee6be0476fe,1782297385.777403,1782297385.871250,93.85,200,0.0750965780007391
c331acb1-eda5-456e-91a9-d998d69d1a11,1782297385.896437,1782297395.904000,10007.56,502,
cb804d81-d4f1-4d37-b798-dddd0adb1911,1782297385.948769,1782297386.034057,85.29,200,0.07729761000155122
bb30c324-d139-4bb1-bcc3-f3e65ad913e9,1782297385.985755,1782297386.108091,122.34,200,0.07297220899999957
da5aa268-4620-433d-b278-0c89477839fe,1782297385.992890,1782297386.280448,287.56,200,0.08589189000122133
98d035b3-8781-44c7-9365-2602f19305f9,1782297385.999206,1782297396.007561,10008.36,502,
69df8eec-1f92-4085-90dd-c653b1ea2197,1782297386.001989,1782297386.280081,278.09,200,0.07837152600041009
5a727b4c-8c0e-4504-b323-b085dcfd22cc,1782297386.081728,1782297386.350812,269.08,200,0.07107897999958368
5aa886d4-758f-4fd6-bb64-1e59334893ee,1782297386.118756,1782297386.421078,302.32,200,0.06882728399978078
7d8aae8b-dd6a-496e-83d3-ea8266eb1dda,1782297386.168016,1782297396.176923,10008.91,502,
0c293be5-9db5-4a25-9794-f0aadbf0c552,1782297386.168988,1782297396.177764,10008.78,502,
42fd8d0d-7131-4344-bc9f-f26a27a07f75,1782297386.308894,1782297386.492234,183.34,200,0.07007123600124032
9aa468e3-7d82-41ce-9f95-e45a77137f22,1782297386.380364,1782297386.569747,189.38,200,0.07605709100062086
329c6437-4cf5-45cc-ac53-e9073a8cfdc7,1782297386.389739,1782297386.721071,331.33,200,0.07491908100018918
f7622c65-25a4-48f5-9674-52b7fe730a7d,1782297386.397855,1782297396.404361,10006.51,502,
4c255978-0058-46a6-8356-6ffc8b54dedc,1782297386.406497,1782297386.721331,314.83,200,0.07261198999913177
b7827ad4-7892-4c1a-b431-113e5b13ea0c,1782297386.421317,1782297396.447330,10026.01,502,
ee1542ce-e2fb-4c23-8196-e22f381bc808,1782297386.450316,1782297396.457944,10007.63,502,
74cdb2a1-df59-42a9-af93-fc6613185e42,1782297386.473286,1782297396.482653,10009.37,502,
27e79511-49b6-4548-99bd-460858d1448f,1782297386.486880,1782297386.793344,306.46,200,0.07029244099976495
cfefef85-b80c-41b0-a0da-078f6b49e2a2,1782297386.524914,1782297396.531938,10007.02,502,
4bd08109-84f7-4c53-8c04-3db1c2615081,1782297386.530921,1782297396.537344,10006.42,502,
ae0c755c-d769-494e-8ef0-fe4deb251f1b,1782297386.544402,1782297396.551672,10007.27,502,
23fddaba-b153-4f63-a3ae-c651f5f80dde,1782297386.563064,1782297396.572320,10009.26,502,
fa09ed62-1245-4cc7-8661-4971f482020f,1782297386.587362,1782297396.594431,10007.07,502,
aad3cba3-c073-4540-be22-c864145d6692,1782297386.779339,1782297386.872348,93.01,200,0.07458754099934595
df0ae3af-2139-4188-b82f-aca9be0b4fc8,1782297386.889126,1782297386.965384,76.26,200,0.06852083200101333
08f5d892-8cdc-44f0-bd65-408fe6ba1ebc,1782297386.937389,1782297396.944661,10007.27,502,
8393fb19-11d4-4c14-baaa-01623d3dc763,1782297386.971102,1782297396.978994,10007.89,502,
4ac9bb3f-ea08-45fe-9148-92f0b3abb3f5,1782297386.977233,1782297397.037701,10060.47,502,
254bfd91-4b64-4333-b9f4-2f1fc6ca1c5f,1782297386.984200,1782297396.994732,10010.53,502,
82e1768a-ee17-4d87-8e42-741589268c01,1782297386.985426,1782297396.994922,10009.50,502,
a01e837c-a256-42fd-888c-376fcffda1c1,1782297387.060808,1782297397.068263,10007.45,502,
615bcbe4-aac1-4440-8e89-3dc3172c6e4e,1782297387.094500,1782297397.100238,10005.74,502,
95037028-34fb-4ec2-9b51-8d77aedf210c,1782297387.140023,1782297387.214742,74.72,200,0.06545520100007707
99058fa6-461c-4ab8-b817-f19473715de7,1782297387.140785,1782297387.293747,152.96,200,0.07679580900003202
1438d68b-5c18-403f-91ab-d13b59cce2fe,1782297387.270377,1782297397.279840,10009.46,502,
eccb4602-c3d9-4bf4-b9b7-148b3ad44b29,1782297387.337390,1782297387.423784,86.39,200,0.07636655399983283
1cd370a4-4f38-4bbb-9824-2700035ed693,1782297387.345796,1782297387.507046,161.25,200,0.08205902699955914
cd219a00-0174-4a5f-bf36-98ce895be85f,1782297387.353191,1782297387.580357,227.17,200,0.07189285000094969
386a4596-054f-49d8-bf83-b8e1bfbdcbb2,1782297387.360283,1782297397.368793,10008.51,502,
5f0e2f62-474d-4c16-b70c-f7915bb287da,1782297387.374197,1782297397.381068,10006.87,502,
98194f93-981b-4d40-82fb-88087aa9f28a,1782297387.401292,1782297397.409750,10008.46,502,
6fa00e6f-efd4-4468-9b93-59e8d5281fc4,1782297387.422725,1782297387.801748,379.02,200,0.11885607499971229
e4db1c07-3772-488d-8656-36c49da29996,1782297387.435926,1782297397.483025,10047.10,502,
707119e7-0124-4928-9783-70f771d895e8,1782297387.470055,1782297397.477751,10007.70,502,
f1f66837-2089-40b2-9e39-ad0bbfdd5c07,1782297387.475819,1782297387.802257,326.44,200,0.09425390199976391
4a865765-7cd0-4010-8a26-b5953ae1797b,1782297387.489355,1782297397.498722,10009.37,502,
c7e83afa-fea5-4a86-bc6b-ea005ab417d4,1782297387.505937,1782297387.897978,392.04,200,0.09492872800001351
00ef4236-3ab7-46ba-861f-16bce82631c6,1782297387.516637,1782297472.996834,85480.20,200,0.10072690999913902
c63a905a-bea0-482e-9613-060c6948590a,1782297387.528334,1782297388.002822,474.49,200,0.09902826700090372
6fecf0a1-330e-40da-857f-dde02833bdaa,1782297387.585106,1782297397.636837,10051.73,502,
33736416-219f-4a03-9160-db267feb7dee,1782297387.593864,1782297388.082943,489.08,200,0.0789210639995872
76f95a94-d974-4299-961a-88c9af4c3f37,1782297387.783911,1782297397.804960,10021.05,502,
2a563c56-f99e-4a15-a888-1ca856759b8b,1782297387.890688,1782297397.901826,10011.14,502,
5719660a-5e6f-43f3-8b08-e159795e296a,1782297387.937423,1782297397.944928,10007.51,502,
32440c9e-4a4a-42d8-a509-3315ae1eb251,1782297387.970503,1782297397.985901,10015.40,502,
8f6734e8-709a-4c26-b925-d0fbff5cc677,1782297387.976607,1782297397.988743,10012.14,502,
379c47d4-a4c6-4302-bf4a-f3d7eda98cdb,1782297387.982266,1782297388.154391,172.12,200,0.06959457599987218
3a9c4bf0-5da9-460f-800e-c45cb67bc342,1782297387.983778,1782297388.299413,315.63,200,0.07475895599964133
60e597e6-430b-4a31-91e7-40510e5353f2,1782297388.056662,1782297388.299735,243.07,200,0.06696265899881837
5d40cbe2-2789-4771-810f-326cd4cd196f,1782297388.088782,1782297398.097044,10008.26,502,
96613566-5447-4ff9-b3a6-181f34775893,1782297388.133030,1782297388.389760,256.73,200,0.08697802599999704
f84ee007-033b-4d82-8d16-294a713d4231,1782297388.133969,1782297398.144140,10010.17,502,
ee3e4ba6-2294-4d30-8ea4-439cd9d3d8c9,1782297388.260275,1782297398.268082,10007.81,502,
42cbbb87-bc7b-4ec7-8ac3-5654513ae067,1782297388.323153,1782297398.331700,10008.55,502,
51eb303d-7213-4b45-be74-92e2c2c38e31,1782297388.331493,1782297398.338493,10007.00,502,
40ffcb65-b75c-41a0-b4a8-cdb839a91b8d,1782297388.337884,1782297398.388770,10050.89,502,
908d203b-c49a-48ec-a59e-9927c1469ccd,1782297388.346117,1782297388.468392,122.28,200,0.07849121400067816
181f80b8-9a36-4a6a-8ecb-5f569ad3a253,1782297388.358923,1782297398.369138,10010.22,502,
4389ebfd-3680-4852-9971-92941a5dd934,1782297388.384730,1782297388.538831,154.10,200,0.06904517800103349
ea893acd-b233-4d84-9f7f-eb6400eb82f7,1782297388.405684,1782297388.608965,203.28,200,0.06861037700036832
f7d45266-ecd7-4a29-bba3-50a21e927965,1782297388.418041,1782297398.424645,10006.60,502,
a5b437da-1850-4b62-be2d-9daf35eaa604,1782297388.451977,1782297398.461548,10009.57,502,
26867eda-89fb-48d1-97cd-a392cbcfea54,1782297388.456466,1782297398.463356,10006.89,502,
3d769153-5d40-48d3-96ba-0e6dc73b5cf0,1782297388.468694,1782297388.699904,231.21,200,0.08859752299940737
b41a74e2-8b8e-4aaa-a506-6c9d05911ebe,1782297388.485812,1782297398.493649,10007.84,502,
c6350745-3c34-48eb-9cc4-ef78e6c8f81e,1782297388.507560,1782297398.515093,10007.53,502,
001e6733-1475-467e-bc37-971620a51a7d,1782297388.562428,1782297388.867032,304.60,200,0.08008899699962058
24f21609-339a-48ad-842d-8d5b3c199567,1782297388.569903,1782297388.867507,297.60,200,0.08233992799978296
51a70761-5725-4219-add7-3a3e75afcd98,1782297388.596488,1782297388.962687,366.20,200,0.09278012399954605
6a42d269-6f54-4a7d-a3d9-e884a6ac709b,1782297388.785753,1782297389.056104,270.35,200,0.08893468199858034
8af5674c-efac-4e1c-b1ac-b29a3d18d86c,1782297388.892451,1782297398.900407,10007.96,502,
d9567db6-919f-48f9-bdb9-16be1ba0e955,1782297388.939496,1782297398.946444,10006.95,502,
edaca9c5-fa4f-461f-a980-c025e5aa2798,1782297388.972065,1782297389.136279,164.21,200,0.07831534900105908
58e2180f-958a-4889-a1ba-764687a35cea,1782297388.978311,1782297398.985382,10007.07,502,
e560f703-fd07-491b-99fb-1a04d9366330,1782297388.984624,1782297399.039833,10055.21,502,
cd89a59a-fe5d-46d4-af52-6cde1134f054,1782297388.985795,1782297389.214376,228.58,200,0.07522376899942174
c12d6def-caa7-49f6-8e39-b091e39a3b00,1782297389.058084,1782297389.303371,245.29,200,0.0862109909994615
a13b22ff-4b6c-4a6c-97bc-d7d491d363ac,1782297389.091274,1782297399.098268,10006.99,502,
c23de725-ebe0-4325-94ca-be76df76f823,1782297389.135133,1782297399.146987,10011.85,502,
ce47753b-2cb4-4580-b032-1127bb98728f,1782297389.136688,1782297389.384171,247.48,200,0.07864300099936372
120837f9-3b7b-4ba7-89e2-50efe96606a8,1782297389.260964,1782297389.464439,203.47,200,0.07753837400014163
9e7f50a5-254f-43bb-af25-afe95b2c5ae2,1782297389.324975,1782297389.533667,208.69,200,0.06924480599991512
0b300643-21ba-45e1-bc86-19712dd8c8f8,1782297389.333071,1782297389.620441,287.37,200,0.08217801300088468
eb9bf069-44ba-465a-ac5f-0619c98a1ff5,1782297389.340260,1782297389.703193,362.93,200,0.08090814199931629
3f321a2e-4b92-4778-9eb0-8e61d7a63fb3,1782297389.347625,1782297389.860904,513.28,200,0.07556908399965323
9101c037-e107-4d88-9290-ba93f2b488b2,1782297389.360593,1782297389.860407,499.81,200,0.07751513000039267
70854f44-52a8-4857-9f8d-7c8c35e41d86,1782297389.386737,1782297389.939129,552.39,200,0.07891329099948052
b9985be5-8eec-4345-890e-b5a5550e1cfe,1782297389.407903,1782297399.417002,10009.10,502,
149bb462-179b-499b-a0f8-5b0a9575afe7,1782297389.420043,1782297390.081326,661.28,200,0.07236648900106957
c80e1e18-a5db-4db7-be79-f3a7c619153f,1782297389.453895,1782297390.081705,627.81,200,0.06608995599890477
e8ceeb88-d489-4b41-9cd5-e556f2848450,1782297389.459265,1782297390.154899,695.63,200,0.07281895199957944
b9b0fa6f-3121-4a1a-8bbb-fcb8a239327c,1782297389.470962,1782297399.477910,10006.95,502,
110c6c26-aed5-42d4-8266-2076f783a428,1782297389.487088,1782297390.231040,743.95,200,0.07448366400058148
235119ec-b2fc-40fa-81ea-55e9851c93b6,1782297389.509006,1782297390.307597,798.59,200,0.07486050899933616
dbfb72e6-8dee-423c-b524-c5414c293cf3,1782297389.564267,1782297399.572561,10008.29,502,
03078f0e-a3da-4ea2-8c61-dd82a4ad0203,1782297389.572523,1782297390.379807,807.28,200,0.07045558199934021
5a007230-537f-4db7-aa05-38945bf8a2b1,1782297389.598475,1782297390.540564,942.09,200,0.07543493000048329
4677b515-2ab2-4f22-ac78-911fd2d084c2,1782297389.791501,1782297399.811351,10019.85,502,
5f0c5c04-d764-4546-92d5-9198373bac46,1782297389.910942,1782297399.919111,10008.17,502,
163c11fd-4fd5-45b4-8184-c26295dbe654,1782297389.964099,1782297400.015934,10051.84,502,
f024f72e-c4b3-4e03-8a3c-10b133e78d85,1782297390.000473,1782297400.009163,10008.69,502,
c4002e38-8767-4c8a-bbb0-466c491d7f85,1782297390.006788,1782297400.013588,10006.80,502,
4ad555b3-3046-4342-9711-3a8f4437d95d,1782297390.014050,1782297390.540558,526.51,200,0.08100552700125263
eefcc96c-b32b-4b13-89f1-0026302194d5,1782297390.015493,1782297400.067358,10051.86,502,
1387f7b3-d257-4e75-96bf-fbc39359595d,1782297390.097170,1782297390.610111,512.94,200,0.06877848199837899
f1610374-6c5e-4c50-a437-284c983f07dc,1782297390.132949,1782297390.769383,636.43,200,0.07524158399974112
82c8e112-749a-4e2b-b5ed-c64238448123,1782297390.183005,1782297390.767599,584.59,200,0.07636914300019271
b3a63164-7b47-4647-a2e0-ff2feeb7bdc5,1782297390.183873,1782297400.194236,10010.36,502,
f5d6d677-b00b-43f6-aa52-98b633200f7f,1782297390.323609,1782297390.844932,521.32,200,0.07806988400079717
923c09ae-72ed-43f7-85ac-8fd17bdb4ff2,1782297390.394722,1782297390.922858,528.14,200,0.07627686900013941
698a05c5-f4d1-4256-9c43-b8e1ea2922ff,1782297390.404915,1782297400.413071,10008.16,502,
01c5dca0-dc15-4494-be87-21129bc47b28,1782297390.412158,1782297390.990585,578.43,200,0.06594739499996649
458eeed5-1d1a-4469-9fb9-a3f0e40b383c,1782297390.420602,1782297400.475326,10054.72,502,
e2edf7bb-f835-4f08-9bdc-fd95d1fc2304,1782297390.434982,1782297400.445365,10010.38,502,
3d5c5067-3c2d-4726-810e-0065a008986d,1782297390.465236,1782297400.474070,10008.83,502,
05381a65-ae0d-42c5-b38b-a3c0a1c123f7,1782297390.487917,1782297391.062450,574.53,200,0.07016670700068062
4751eb5c-3e0e-4eeb-91f3-8290c89340af,1782297390.501404,1782297391.128807,627.40,200,0.06554670600053214
13767950-0ca4-4ddc-990e-9a75c81b556e,1782297390.540938,1782297391.205208,664.27,200,0.07421234899993578
852d637f-92be-417b-a475-fd07103766b5,1782297390.545067,1782297391.273313,728.25,200,0.0665744559992163
08395fda-70b9-4686-98fa-a91422851ca3,1782297390.558849,1782297391.342726,783.88,200,0.06769073699979344
042be55c-6f6a-4e48-85bb-b2d7b769ee55,1782297390.577219,1782297391.433146,855.93,200,0.08596173699879728
5e6ac318-a373-4da8-b297-5c62cf9a8afb,1782297390.601415,1782297400.608515,10007.10,502,
c5c25673-0561-4edd-a81c-1cbab550d8de,1782297390.795185,1782297400.810273,10015.09,502,
b0a3a245-2b5c-41d3-a7e0-d1029825fc4d,1782297390.910299,1782297391.509988,599.69,200,0.07479658300144365
4689ee66-9330-4d5f-b258-61361a06f617,1782297390.960686,1782297400.967431,10006.74,502,
d694136d-ed52-4d6e-9d3a-7bdae68b8926,1782297390.995717,1782297401.003812,10008.10,502,
6c6810d4-dd9c-4ff9-894f-9996c2673ad2,1782297391.002025,1782297401.007812,10005.79,502,
ff3010c5-8132-4650-81e8-4428d45249dc,1782297391.008625,1782297391.606308,597.68,200,0.09222892800062255
137bf423-2bf8-4582-adb9-21b6ffb59289,1782297391.011107,1782297401.017842,10006.73,502,
ed3fd0a9-4a77-4f9e-8f72-4add8ffb4c11,1782297391.087884,1782297401.095227,10007.34,502,
ef0fcff0-8f5f-4216-976d-52ce5fd5e6d9,1782297391.123234,1782297391.686442,563.21,200,0.08036575299956894
f48fcdbc-1a91-4acf-9e64-510f20b62b81,1782297391.170874,1782297391.767124,596.25,200,0.07895222900151566
a4b3a020-3fb5-4966-98f7-77e859a00c05,1782297391.171805,1782297391.936292,764.49,200,0.07953671199902601
1f443039-7c3a-4a88-bbdb-d2d9e0fe8fdf,1782297391.306050,1782297391.936669,630.62,200,0.08597758300129499
6b70faf8-42ff-4735-a2b0-a958561fa6fb,1782297391.375958,1782297401.421404,10045.45,502,
0648c39d-9afc-4ed1-9bb3-a9edc52d9534,1782297391.383964,1782297401.421149,10037.18,502,
7bd88963-0c84-44ed-aec6-32fad9f7768c,1782297391.392209,1782297401.424393,10032.18,502,
0c38364a-1412-4ade-800a-d86c5f1a75ad,1782297391.399516,1782297401.424150,10024.63,502,
e579854a-cf68-4899-ae9f-2f4248eded12,1782297391.413716,1782297392.007677,593.96,200,0.07078853900020476
45f9d2ca-0509-4db3-821f-be0986ed78d2,1782297391.442338,1782297392.080377,638.04,200,0.07084553999993659
8726441c-3798-41c6-917d-980affb4303c,1782297391.464043,1782297401.514943,10050.90,502,
1bc3f330-96da-474e-a04b-b7689aff1d26,1782297391.477895,1782297392.227283,749.39,200,0.0711930420002318
724d00b2-1f62-42a4-aa15-e2b4639fd4e6,1782297391.513916,1782297392.226967,713.05,200,0.07150890499906382
28f68084-7e14-4ef9-b2ae-d8fed0adc320,1782297391.519368,1782297401.575913,10056.55,502,
e64b9d36-b4f6-4c01-8ae1-1d1e85f84797,1782297391.533997,1782297401.542904,10008.91,502,
2c70ae91-b0ee-46b6-8c33-506fec283021,1782297391.550169,1782297401.560469,10010.30,502,
a98f3f07-835e-4c49-aadb-46871653d2ad,1782297391.573713,1782297392.400168,826.46,200,0.08596478400068008
1dc20591-8209-4dd5-8950-dfa3d76eb534,1782297391.633533,1782297392.400649,767.12,200,0.08076320200052578
cac2c120-d40e-40d9-bd44-1b3c003c9338,1782297391.795805,1782297392.486311,690.51,200,0.0753532599992468
ea589ed7-53cc-41ba-9950-331b5e2f6630,1782297391.895710,1782297401.907252,10011.54,502,
0e53b63b-6efa-4acd-b2a6-e51cc3dbd768,1782297391.938977,1782297401.946809,10007.83,502,
f9ea3952-fa18-4a5a-b8cb-827aa4da8384,1782297391.970191,1782297401.981754,10011.56,502,
f4345588-b5ce-47f2-9738-e71c50821248,1782297391.975431,1782297401.982384,10006.95,502,
7f049a0f-9b1b-46fa-89af-6b55ce82f7d4,1782297391.980969,1782297401.992311,10011.34,502,
c6433bf7-407d-442d-b65d-fd555affd096,1782297391.983513,1782297401.993349,10009.84,502,
35fc54e6-728a-4c56-a40f-f35c3fd93f0f,1782297392.050459,1782297392.554025,503.57,200,0.07498961500095902
c05e8d37-17c8-4bc4-a933-67d9f9ba433e,1782297392.080870,1782297392.657946,577.08,200,0.10182326100039063
b8bb653b-f098-43df-92ee-20f73aff8830,1782297392.121443,1782297402.129976,10008.53,502,
971cea8d-9a5b-4262-b0b3-f3731c000ff7,1782297392.122249,1782297392.874932,752.68,200,0.11343176399896038
189a5cee-e177-4e87-ac10-5aad6043cf11,1782297392.239134,1782297402.250533,10011.40,502,
a52a9dea-3737-4622-bdbc-9f318a21540b,1782297392.298916,1782297392.875343,576.43,200,0.09570110400090925
96f45307-2f4e-4951-8731-7406a713db4c,1782297392.306824,1782297392.960453,653.63,200,0.08427696400030982
df0c6d68-e091-4cd2-a2d3-f88127378799,1782297392.313806,1782297402.322406,10008.60,502,
6b9ab84e-c718-4e45-afc0-dd4206fb71a8,1782297392.320573,1782297402.327264,10006.69,502,
dd1e9cb7-25d2-466c-b610-fa1d7862b5ec,1782297392.332380,1782297402.338382,10006.00,502,
0e787a0c-f911-4a46-b519-8689a8dd4bdb,1782297392.356921,1782297402.364974,10008.05,502,
f2cad77c-df8c-45dc-ac84-7140e1f565af,1782297392.376056,1782297393.037121,661.06,200,0.07520936200126016
767c76c4-44d6-4f79-ae3c-f14f402ee1e2,1782297392.388216,1782297402.397516,10009.30,502,
b113968d-dc86-4238-8445-81183455b493,1782297392.419706,1782297402.426563,10006.86,502,
4a4f127a-3398-4620-93fc-157fbbd5012c,1782297392.423896,1782297402.492011,10068.11,502,
cb888dec-8b65-4c4d-9a8b-e48375315a65,1782297392.462471,1782297402.489149,10026.68,502,
9ad365fb-8fd4-4a0c-bee0-bf6e3052103c,1782297392.463532,1782297393.120014,656.48,200,0.08209823200013489
3af755b3-ef51-4b9b-aba2-b02e9cc85fb0,1782297392.470751,1782297393.261771,791.02,200,0.0675169559999631
4ecf7087-6ca9-416e-93b2-4d0412f6e19b,1782297392.522030,1782297393.261054,739.02,200,0.06950972899903718
9bd0f5e1-24b3-4569-9544-697fb03ac204,1782297392.529591,1782297393.330986,801.40,200,0.06852907700158539
27bf338a-aed6-41a9-9c6b-5a608dbd2ea8,1782297392.554775,1782297393.410234,855.46,200,0.07851544400000421
293d40b2-c877-4fa1-b431-202e3479cb95,1782297392.583569,1782297393.492340,908.77,200,0.07835261499894841
cfad770a-abfe-4117-93bc-c9a9fbb02427,1782297392.585516,1782297393.564289,978.77,200,0.07273778899980243
5937e9e9-d46d-405c-a8b1-a635fb0a22aa,1782297392.802099,1782297393.741153,939.05,200,0.08104337899931124
507ba89d-bbf7-48fe-a07c-9aa2a2aac9a5,1782297392.909306,1782297393.740655,831.35,200,0.09035770900118223
8c64dc75-9d08-4215-bafe-5b28a1bdc0e2,1782297392.955403,1782297402.963842,10008.44,502,
a9df7376-f9e4-42eb-a2a8-148bfa7b9439,1782297392.988470,1782297402.995212,10006.74,502,
59364c88-652c-402c-98bd-437b443056ff,1782297392.994588,1782297393.896121,901.53,200,0.07256357400001434
12b5743a-b8fa-470e-8010-219af2ebee2f,1782297393.000116,1782297393.895816,895.70,200,0.07980649499950232
a5fb8e0b-515b-46b0-89b0-f32aaf2e0ef1,1782297393.002298,1782297393.967542,965.24,200,0.07086993700067978
dfeae896-0a32-4bef-853c-947759903104,1782297393.074147,1782297403.127080,10052.93,502,
b5659efb-37af-4ed6-9e02-89f26e2c058c,1782297393.107408,1782297394.041305,933.90,200,0.07257100899914803
b15a6923-b7ee-46ee-8c2a-bdef9d9998b4,1782297393.151174,1782297403.157567,10006.39,502,
bb56d8fd-01f8-4f22-8f99-e73f710e0924,1782297393.151871,1782297394.111956,960.09,200,0.06915105799998855
e991c90b-4b43-42c5-8dd0-c3777d187145,1782297393.277753,1782297394.183100,905.35,200,0.06958245299938426
53900c4d-a219-4494-a41b-1eb7df2bc5f1,1782297393.340605,1782297403.348942,10008.34,502,
fa0cd594-9a81-4f13-a507-c89f8be7e071,1782297393.349832,1782297394.251242,901.41,200,0.06677673600097478
f971d41c-5a37-43db-910b-3a5aa30d8ad3,1782297393.356751,1782297403.365429,10008.68,502,
f37a8f5d-6366-479d-81e6-ad8d6534017c,1782297393.364030,1782297403.372539,10008.51,502,
2f456846-7bd3-4789-b4af-3b70da2593d7,1782297393.376904,1782297394.323286,946.38,200,0.07091566899907775
671628bf-bd52-4f2f-93ca-7a42df27a3bb,1782297393.403554,1782297403.409641,10006.09,502,
7628a974-7d16-4ded-866b-515b99bb5cc0,1782297393.424199,1782297403.430982,10006.78,502,
61f41305-b741-4aa4-b2a3-acb38c62df9b,1782297393.435897,1782297403.474697,10038.80,502,
0ab4a1cb-8e76-48b6-8109-5c6d7b9b056a,1782297393.469797,1782297394.396435,926.64,200,0.0714887579997594
affed006-b044-4ab2-a3d7-dc173ffa58b6,1782297393.475401,1782297394.468790,993.39,200,0.07133715000054508
ffa9973d-678d-48cd-a18b-15f3f07146e9,1782297393.487645,1782297403.497020,10009.37,502,
7f868c4e-31a5-447c-9623-c94ab43c186b,1782297393.503231,1782297394.542087,1038.86,200,0.07164888199986308
324a5ce5-6b75-4b69-9db4-7de28e9c556e,1782297393.525770,1782297394.619449,1093.68,200,0.0752346099998249
c9229ff5-0653-43b0-8a93-9b9035a7bff0,1782297393.580374,1782297394.702790,1122.42,200,0.08156834500005061
1bc37a70-469f-4fc0-b2ba-471736325c0c,1782297393.587900,1782297394.891527,1303.63,200,0.10179569300089497
65ebe7c6-159c-4bca-b02f-75ebbe363321,1782297393.613736,1782297394.891137,1277.40,200,0.08180485500088253
834ebe3e-d386-411c-9c76-ac351f815395,1782297393.807879,1782297403.823661,10015.78,502,
10bd38a1-05d3-4b57-b7cf-c88c79c94ecc,1782297393.914330,1782297394.968298,1053.97,200,0.07670467099887901
71f82fce-a78a-4476-a410-da19c91becb2,1782297393.961694,1782297404.012899,10051.21,502,
cbb50e9a-1425-4fe7-bd1c-97bdf3a3e238,1782297393.994292,1782297395.116415,1122.12,200,0.07168802100022731
8d395b81-d2fd-4b5a-b4d0-19255a285b66,1782297393.999629,1782297395.116805,1117.18,200,0.07276493000063056
575166aa-5378-4351-924f-10f727256798,1782297394.006628,1782297404.018931,10012.30,502,
b4c532b3-bd1c-4416-91bb-62430ab36fff,1782297394.007824,1782297395.257354,1249.53,200,0.0707714260006469
67ac2708-d88e-42e6-af1d-f363fc71655e,1782297394.079910,1782297404.086309,10006.40,502,
ed91ebc9-2f53-4863-92d0-6b10354280c8,1782297394.113194,1782297395.257747,1144.55,200,0.06756680099897494
2f7d13a6-8a95-44d8-a581-57a05dfe3187,1782297394.157122,1782297395.331191,1174.07,200,0.0727397930004372
71cc6561-68ef-4796-a7f6-5083eb88dfcd,1782297394.158255,1782297395.501902,1343.65,200,0.08594678400004341
2fcc5e1a-ee99-49fb-aabc-4b93164e72b5,1782297394.283222,1782297404.289183,10005.96,502,
4f8f9722-e8a2-48ba-b950-8ec5eeeab73c,1782297394.347096,1782297404.354632,10007.54,502,
d60ed9d6-752d-483d-8abf-f025de6575c7,1782297394.355141,1782297395.501181,1146.04,200,0.07820221499969193
7e273623-d0eb-4c20-88b7-ac991cb3caab,1782297394.362112,1782297404.368335,10006.22,502,
93aabc93-b2a3-46df-903b-8aaf13ff2213,1782297394.370041,1782297395.681434,1311.39,200,0.0922466970005189
5241bdf5-5ef9-45e7-9f62-e5ad477f3422,1782297394.382692,1782297404.393882,10011.19,502,
940ec224-fa0d-412b-9d45-547c6d97f8c8,1782297394.408850,1782297404.459323,10050.47,502,
b3d83cd7-1e24-48db-9313-02bd4a1bfec3,1782297394.430049,1782297395.681149,1251.10,200,0.0808654110005591
851bc798-f913-45f3-88f6-be4884feaa14,1782297394.442112,1782297404.449274,10007.16,502,
99fa4e69-539e-4646-8947-4c0141ccbc47,1782297394.475822,1782297395.761587,1285.76,200,0.07984683700124151
f77fc00f-25ca-4176-8e47-3d8fb90a56b4,1782297394.480304,1782297404.487767,10007.46,502,
e05b92ef-7976-41ee-bdf7-4f83b4d719ac,1782297394.492925,1782297404.500774,10007.85,502,
08805f1a-6aec-4a8b-94a8-271e89ebef66,1782297394.509919,1782297395.840620,1330.70,200,0.07682098199984466
ed86a967-c4c6-4e78-aa6c-c721b8699358,1782297394.530830,1782297395.930269,1399.44,200,0.08775685100044939
fde850de-56f3-4c58-8762-07a89b92dc50,1782297394.585853,1782297395.998121,1412.27,200,0.06648029200005112
8db4af0e-09e2-46b7-a22a-92cb224c5814,1782297394.594598,1782297396.066700,1472.10,200,0.06650066099973628
f83a658a-50b3-4e8b-a581-344b48f7d686,1782297394.619977,1782297396.136564,1516.59,200,0.06838662800146267
6db010d6-8297-4bd3-9cff-13e4a8ed7382,1782297394.812271,1782297396.210696,1398.42,200,0.0711513019996346
65e62963-20fd-447f-a102-8258b5ea4134,1782297394.905227,1782297404.913137,10007.91,502,
b0b19927-2151-4dda-8741-f112ae0ea309,1782297394.946276,1782297404.953502,10007.23,502,
3f13c59d-046b-492e-a5c3-950f14590a20,1782297394.975254,1782297396.278201,1302.95,200,0.06710143700001936
99c61c81-d25d-4d03-be0d-844a9cb16883,1782297394.980372,1782297404.986570,10006.20,502,
4b089f35-e601-4d18-a6a1-1506b70274e2,1782297394.986138,1782297404.997251,10011.11,502,
a9045c95-1add-41ec-948b-80bd2820305b,1782297394.987161,1782297404.996620,10009.46,502,
1230d07f-2824-4537-81be-291d1d7a476b,1782297395.050895,1782297396.444726,1393.83,200,0.08496348200060311
388929bd-650b-42bf-bb7b-b151b19ab064,1782297395.080271,1782297396.444275,1364.00,200,0.07426372599911701
0f4070e4-dc81-474b-99ef-9d1b845059d5,1782297395.117558,1782297396.659735,1542.18,200,0.06933463799941819
60a050f2-5dc6-4bf2-989f-afa9c6f591a3,1782297395.118668,1782297396.517065,1398.40,200,0.07007121599963284
a956380e-21bb-4d54-8a59-e7549b215ff7,1782297395.228277,1782297405.234816,10006.54,502,
b3cb5f53-e936-4151-a7df-fb8fd34a6533,1782297395.283413,1782297396.659409,1376.00,200,0.07086979199993948
341449e5-60b4-4fa7-9bef-56d67deac69b,1782297395.291658,1782297405.300004,10008.35,502,
972f9b8c-26fb-4a72-9a44-28bc31424b7c,1782297395.297793,1782297405.306468,10008.67,502,
6792e8f1-ee14-4962-b12a-b77eaa5db799,1782297395.303970,1782297396.734232,1430.26,200,0.07391301499956171
d462e4d1-1aae-4a97-9ae0-8160a4264033,1782297395.315598,1782297396.891951,1576.35,200,0.07520767099958903
ae410b90-1b2c-4f97-bb41-16f6f2c987da,1782297395.338474,1782297405.344608,10006.13,502,
626c5d85-43a9-49f1-b40d-29b02f6c05ea,1782297395.356105,1782297405.365204,10009.10,502,
f0c5bb8a-2a10-48a7-aec1-71cddb0ac059,1782297395.366455,1782297396.892484,1526.03,200,0.07700470400050108
22562636-5fc0-4619-b172-f1ec2cc9620a,1782297395.396319,1782297405.402887,10006.57,502,
56ae8240-04c2-41b2-8932-b232194d36b3,1782297395.401060,1782297405.408166,10007.11,502,
9d322a33-8e66-4128-8bf6-c5ffcfc699f7,1782297395.412694,1782297405.421414,10008.72,502,
40c6a6a0-6617-4f94-a6d2-032bef5900b0,1782297395.426753,1782297396.986434,1559.68,200,0.09385855200162041
96c14510-f53d-4caf-ac77-96e910a86bbe,1782297395.445155,1782297405.452857,10007.70,502,
404abc53-a0cb-4d5b-87c2-fa108366b53f,1782297395.492922,1782297405.498754,10005.83,502,
27f5497a-1c1c-4759-8e97-9ad4f15feca4,1782297395.500482,1782297405.507152,10006.67,502,
a326a47f-231e-4172-97ce-7d95c312c249,1782297395.522700,1782297405.530008,10007.31,502,
689447da-9f91-420a-ad50-20b6fa09e28d,1782297395.551928,1782297397.063585,1511.66,200,0.07579552499919373
93850a35-5d25-4091-a1ee-fce0939a85a0,1782297395.552706,1782297397.142076,1589.37,200,0.07728698600112693
0ed118d5-1836-43d1-9f70-b6d3284a120a,1782297395.582512,1782297397.314935,1732.42,200,0.07098748499993235
62387cd6-4087-46a8-830e-2f208f0c1929,1782297395.588080,1782297397.314492,1726.41,200,0.0963398430012603
6e094ed1-dfcf-4955-a198-ca42ed347192,1782297395.813787,1782297397.390184,1576.40,200,0.07510988299873134
07a01f17-3c3e-4925-8536-ffc21fc3d328,1782297395.916382,1782297405.966946,10050.56,502,
dcdab741-241e-4750-a5a9-89b4208ea838,1782297395.961907,1782297397.549810,1587.90,200,0.07511650900050881
ff8fc8b7-8dbd-4034-bccc-e07dedc33143,1782297395.993046,1782297397.549219,1556.17,200,0.07940548899932764
88c7aad6-e5ae-4a0b-86b0-4083b1205192,1782297395.998773,1782297406.006833,10008.06,502,
787c0cfc-f278-4237-bc85-7f658b65dc27,1782297396.004955,1782297406.014172,10009.22,502,
6dd85327-2238-42f9-940e-ffdf28ae5f06,1782297396.006171,1782297406.017213,10011.04,502,
027640c5-a65c-44c6-84bc-ea3a979293a9,1782297396.076144,1782297406.083992,10007.85,502,
ce9c493c-fbd5-4ed9-9dea-4b93240ce221,1782297396.107623,1782297406.114862,10007.24,502,
58710c8e-618c-4897-92c6-bf6218257454,1782297396.150234,1782297397.655485,1505.25,200,0.0989940019990172
1828ec87-e285-4a0b-8607-4414bae026fd,1782297396.151061,1782297406.159377,10008.32,502,
cd2ac13b-b1c5-4a89-ab3b-40a196642f91,1782297396.272999,1782297397.834202,1561.20,200,0.09282716300003813
f67f04d0-81e4-47a2-9ae8-4d816dc05cb4,1782297396.333088,1782297397.833709,1500.62,200,0.08068018900121388
40a367ab-ca13-4fd5-aef1-2d5210612aa8,1782297396.341962,1782297397.921052,1579.09,200,0.08800682599940046
be11fdcf-40a2-4f3b-99fe-db3f0fd035c1,1782297396.348934,1782297398.009192,1660.26,200,0.08446624300086114
23786eee-cca0-4904-beea-cc2c11537f5b,1782297396.355513,1782297406.362971,10007.46,502,
7cd55cac-cae3-4411-8126-7bb404dff2a6,1782297396.368255,1782297406.373825,10005.57,502,
6c33e97e-d261-4dd9-8168-51ba0bcf7671,1782297396.393845,1782297406.400863,10007.02,502,
a7ebb3b3-013e-49c8-8ca2-979d5bfbdd88,1782297396.414471,1782297398.153986,1739.52,200,0.07607363699935377
497583e0-1352-4969-ba52-81f1a465e53f,1782297396.426434,1782297398.153686,1727.25,200,0.06552714300050866
cd67c1af-5f22-4fc9-a677-561f3761a02b,1782297396.457692,1782297398.228646,1770.95,200,0.07349055799932103
bf99bcda-a885-4f81-b1cd-d80f32420475,1782297396.463114,1782297398.313001,1849.89,200,0.08269044199914788
8e0018a1-eabb-4404-9d59-7afb4b7559e0,1782297396.474657,1782297406.481495,10006.84,502,
6cf6d76a-0fe9-452d-af54-a06afcbb5ccd,1782297396.490260,1782297398.473584,1983.32,200,0.0825308479998057
b7ea3007-0b9d-43e6-b53a-725d3038eef3,1782297396.512173,1782297406.520565,10008.39,502,
fcbe05b3-aaf8-47a6-92f2-600dec93742a,1782297396.564951,1782297406.575504,10010.55,502,
0356c40e-cba4-4a9b-89f5-1511d6e65a63,1782297396.572670,1782297406.624133,10051.46,502,
0deafe4b-0cdd-48b0-ad3f-23d8aae6acb6,1782297396.597690,1782297406.604911,10007.22,502,
267581ad-4ca2-4503-bcf7-6e281fb062e6,1782297396.628456,1782297406.635214,10006.76,502,
188a34f0-e7fe-485a-9fb0-69159dddc654,1782297396.819746,1782297406.832480,10012.73,502,
b31e78e5-9fca-4fa9-b354-ca560f736e44,1782297396.926893,1782297398.474507,1547.61,200,0.07286299700172094
d468b01a-c4d5-49ff-884a-dafde5a6e7c8,1782297396.973302,1782297398.544603,1571.30,200,0.07017368000015267
49ab2fda-60b2-4a7f-ac55-b7350249a47f,1782297397.005967,1782297398.617947,1611.98,200,0.07023237100111146
f4ce7e67-6c49-4551-88f7-1c368a24c905,1782297397.011974,1782297407.020103,10008.13,502,
afe73fd9-25e5-4abc-82d3-351963a634ff,1782297397.018514,1782297398.696712,1678.20,200,0.07859526999891386
35bb8b5c-f6a7-4671-af1c-a2603be805db,1782297397.020144,1782297398.774825,1754.68,200,0.07644199700007448
9d08c08e-37c9-4a07-b1a8-332376016016,1782297397.093820,1782297398.859509,1765.69,200,0.08346354700006486
0ebcf758-6f89-4eb2-a636-03a9feef5351,1782297397.124812,1782297407.131970,10007.16,502,
2464ffbf-bf13-4ba6-9ee3-c114996421f7,1782297397.168890,1782297407.178579,10009.69,502,
60da811b-d485-423c-aa65-018c0c06fa0f,1782297397.169924,1782297398.935759,1765.83,200,0.07468384499952663
0a51c2a7-5879-4484-bcfa-440714a5a38a,1782297397.295477,1782297399.012185,1716.71,200,0.07531167100023595
784964c2-c4b4-41b0-8cf7-2fabbd59d93f,1782297397.358694,1782297399.088927,1730.23,200,0.07509084699995583
9d1ca2d9-b8f1-4d67-887a-8000c758c24b,1782297397.367625,1782297407.373803,10006.18,502,
605ceb6e-23d4-45de-b952-62561d575c49,1782297397.374498,1782297399.166525,1792.03,200,0.07578043600005913
b6e76d55-bff8-4dd7-8504-aeb2142db094,1782297397.381781,1782297407.388896,10007.12,502,
97068f91-704a-4dfc-aea2-08f84ef84c8a,1782297397.394673,1782297399.240237,1845.56,200,0.07225072800065391
a0cbc9ce-35d1-44ee-9ce4-8b4da31add70,1782297397.421441,1782297407.470904,10049.46,502,
d37960d3-238f-4b5a-9548-a09a45f64df1,1782297397.441962,1782297407.492074,10050.11,502,
fa062d43-383b-4c8a-91a7-643687142347,1782297397.453988,1782297399.318695,1864.71,200,0.0767660520014033
cf65bee3-e27f-44c8-9504-4c6e8c7f1f41,1782297397.488097,1782297407.495049,10006.95,502,
7dcbaf3f-5592-415c-9e71-aba6ec9ea0d0,1782297397.492708,1782297407.543622,10050.91,502,
b92c2431-0499-408f-9756-e8eeeffd8e4a,1782297397.505715,1782297399.389583,1883.87,200,0.06924875900040206
45bd076b-d804-44a3-8871-952cc718f8c7,1782297397.521232,1782297399.546552,2025.32,200,0.0771693860006053
8900fe64-9c7b-4efc-af99-e36508dd24e7,1782297397.543174,1782297399.544827,2001.65,200,0.07294691000060993
d5e4610e-73f7-42bf-b8b2-7227cc3b7c33,1782297397.598804,1782297407.606320,10007.52,502,
842137fc-76cf-4bcc-9456-8e28e09eb8d9,1782297397.605949,1782297399.719940,2113.99,200,0.09320359200137318
c8225804-8d6a-4266-ade8-08040ca5ec9a,1782297397.632678,1782297399.720244,2087.57,200,0.0776439270011906
b3ef51f2-c1a3-4c28-99d3-81bb83c2acb2,1782297397.825654,1782297407.844827,10019.17,502,
ab866f8f-9511-4820-b4d2-4fae917c2b26,1782297397.950085,1782297407.957770,10007.68,502,
961ad4ad-facf-4487-80c7-1e95cb218c21,1782297398.005249,1782297408.015288,10010.04,502,
ea1c0aa3-6af2-42a9-86ad-a18aca6eef4a,1782297398.043443,1782297399.800302,1756.86,200,0.07695324799897207
50df3930-b551-48d7-8e71-d62405804037,1782297398.050091,1782297399.957062,1906.97,200,0.07864220899864449
6e200452-836c-4a27-949c-ee0e451d268b,1782297398.057444,1782297408.065962,10008.52,502,
adb980c4-dcd2-4c42-8aae-f72548452260,1782297398.059081,1782297408.066525,10007.44,502,
061bb003-f15a-46f9-a03e-b4250890aa77,1782297398.143386,1782297408.150267,10006.88,502,
eca971b2-86b9-4f9d-a4f8-d8531e63fa74,1782297398.182232,1782297399.957514,1775.28,200,0.07580208699982904
a8bf387a-040d-42a0-b01f-06f3b5344b74,1782297398.232929,1782297400.027393,1794.46,200,0.06963382300091325
9375969a-1daf-48c1-acd2-e48603fa39dd,1782297398.234375,1782297408.243470,10009.10,502,
49c8f9a2-4a47-482f-ab94-37144aa17acc,1782297398.380577,1782297400.111685,1731.11,200,0.08248279300096328
34a241dd-ba5b-4d31-8715-a277b67420bd,1782297398.455375,1782297400.249245,1793.87,200,0.06893199199839728
c5344958-a23a-4fb3-a0db-af7fabf08a45,1782297398.464254,1782297408.470815,10006.56,502,
5635c842-ea53-4dfe-b244-17ec76763b1d,1782297398.551331,1782297400.248906,1697.58,200,0.06524222700136306
6cd5eaee-faaa-4477-8831-b54326e89bb8,1782297398.604598,1782297409.525702,10921.10,502,
ef106765-ba76-4908-9724-d8788ba8b4cb,1782297398.611277,1782297400.339157,1727.88,200,0.08626331899904471
1b52d2e9-caa3-4cfc-9ee6-fc5c65627d77,1782297398.625572,1782297409.504978,10879.41,502,
1f5ad2d2-759a-4eed-8868-2c068cf2e117,1782297398.644462,1782297409.522680,10878.22,502,
9c97a22c-7ca8-4952-af60-1ee253de1279,1782297398.828837,1782297409.717540,10888.70,502,
a19773fa-a962-40dc-8a17-bcc9a29e02d9,1782297398.939528,1782297400.420210,1480.68,200,0.07828860599875043
6e779320-eab8-4b27-91f0-d8d74246afd4,1782297398.988356,1782297400.600070,1611.71,200,0.09189067799889017
b449d5be-ebf8-4464-8a5a-716f748e14a6,1782297399.023114,1782297400.601925,1578.81,200,0.08304139800020494
a1922c6c-513d-4470-8293-e89096f344e1,1782297399.028999,1782297400.681724,1652.72,200,0.0803426849997777
3b2b7054-b88e-446d-8170-dea51fca140e,1782297399.035581,1782297400.825951,1790.37,200,0.07208651600012672
8ab6f6e8-3c21-47e5-97d9-bdd1fd1fcf36,1782297399.037021,1782297400.826332,1789.31,200,0.06878160700034641
bc01718a-6ba3-45ea-a26e-6b41d714ce65,1782297399.112794,1782297400.896209,1783.42,200,0.0688350039999932
2357d734-f0ea-49bc-88e5-f52b4607bda9,1782297399.145737,1782297400.973283,1827.55,200,0.07580932599921653
addc179e-8a30-482a-884c-a8ed512287bd,1782297399.191180,1782297401.043159,1851.98,200,0.06887577599991346
0ca91914-451e-493d-a31a-8ded2f9469e9,1782297399.192354,1782297401.117425,1925.07,200,0.07285545600097976
76a7751d-844f-464c-a26e-7f1718169aa3,1782297399.322269,1782297401.200580,1878.31,200,0.08096176799881505
7f7eb781-1692-4add-aa1f-79ef18ee0375,1782297399.387972,1782297401.292573,1904.60,200,0.09073223199993663
cb75bfe6-add2-4c2a-afa9-116d263a10d7,1782297399.397429,1782297401.417209,2019.78,200,0.07827796200035664
249c8fe3-407c-42a1-ac2d-02a876dfeb26,1782297399.404053,1782297401.416856,2012.80,502,
a1be1496-5438-42d7-9202-2240d4c9aca5,1782297399.412333,1782297401.372759,1960.43,502,
312ed294-6da2-4a2f-bc78-8286aa2f7597,1782297399.425086,1782297401.379103,1954.02,502,
d4072e51-19ce-44a2-a33c-7f4a98c52859,1782297399.453954,1782297401.378755,1924.80,502,
2958e568-eacb-4189-b0cd-6076ffa4db3e,1782297399.475335,1782297401.379022,1903.69,502,
0200d76c-3b49-4fca-9bce-bd0653610cc7,1782297399.486683,1782297401.379165,1892.48,502,
eab0c137-1efc-4215-9283-2089c901cd9c,1782297399.521607,1782297401.394009,1872.40,502,
197da468-c472-4468-ab69-027acf434134,1782297399.527014,1782297401.393111,1866.10,502,
f24d437b-a293-4b77-a262-59b10781bc82,1782297399.540398,1782297401.393727,1853.33,502,
5e473bbe-637d-44cc-8c24-4ea1d2d5eb0a,1782297399.557782,1782297401.394335,1836.55,502,
baec49c2-cb5f-4940-90e4-c668149ea781,1782297399.579898,1782297401.395003,1815.10,502,
2a4a0ff2-0365-4892-92ba-56232adc8d7d,1782297399.636305,1782297401.394806,1758.50,502,
5d7d45e0-9da5-4bad-99b9-f5a12d78c5ad,1782297399.645189,1782297401.395141,1749.95,502,
d4df44d1-1a91-474f-a5b1-6535148b845f,1782297399.832239,1782297401.393585,1561.35,502,
1ec56c40-2855-4293-8632-44c6d1271c11,1782297399.967953,1782297401.394418,1426.46,502,
18dca151-bbbe-4ad8-a066-a733fbcca746,1782297400.028239,1782297401.394681,1366.44,502,
8f300d65-fc24-42a0-8fbf-69d73116b9f8,1782297400.069768,1782297401.395522,1325.75,502,
92c6fb0c-9b8b-40e3-aa79-fcad070ab7ea,1782297400.077179,1782297401.395175,1318.00,502,
b193cd89-1449-4b4d-bf79-b33e1ee59730,1782297400.085198,1782297401.394979,1309.78,502,
771c78b9-117e-4eb0-b626-8473bc2f6d58,1782297400.088036,1782297401.416779,1328.74,502,
59550d0d-566f-489f-b757-3c115b9301f9,1782297400.179228,1782297401.418022,1238.79,502,
52faf2b4-c049-446f-aae5-23c1d2065613,1782297400.221360,1782297401.419785,1198.42,502,
9f80f5eb-91cb-4f6e-8baa-1d42d38d6386,1782297400.277323,1782297401.419040,1141.72,502,
6addd5c2-61f5-44ee-84be-ca61169285ae,1782297400.278101,1782297401.419717,1141.62,502,
c462cc4b-1ddd-49d4-babf-19a9d778d1f2,1782297400.437588,1782297401.419607,982.02,502,
bf76403c-3ad4-4fc4-8ce2-db4ffb03350c,1782297400.517949,1782297401.418212,900.26,502,
d3fd8a7b-9017-427d-b2c4-2015c1890b7d,1782297400.529331,1782297401.417906,888.57,502,
df64ce2e-dc39-4655-8d59-3994a42b1d19,1782297400.538406,1782297401.418812,880.41,502,
bf64a384-f033-4ace-8687-b84fd5c872d9,1782297400.547661,1782297401.419855,872.19,502,
5eef4706-d485-4bbf-9af3-927c173487e6,1782297400.564456,1782297401.419495,855.04,502,
f199aa81-72d8-4bf1-9e85-313a99e7e71e,1782297400.597424,1782297401.419130,821.71,502,
b207cdf3-392d-4fce-a5aa-6d1dd30d9cac,1782297400.623960,1782297401.419245,795.28,502,
a91b05b6-bf73-4659-828a-a00245d2615e,1782297400.639389,1782297401.418929,779.54,502,
285a90cb-ecbe-4fd1-a689-d611a6478b8e,1782297400.681846,1782297401.417750,735.90,502,
2eafea08-fa29-4169-a00f-78fdbd4b91fa,1782297400.689174,1782297401.417410,728.24,502,
862dcdf6-a98f-4875-bc59-0e6eada87789,1782297400.834906,1782297401.417392,582.49,502,
4d6daea6-f314-43f6-babd-1716043374c3,1782297400.959142,1782297401.419011,459.87,502,
7f4677ea-8433-47b0-9406-3cb547a07dc6,1782297401.014133,1782297401.419527,405.39,502,
71e60c02-6c92-4ed7-a202-3e04f00da951,1782297401.052756,1782297401.419673,366.92,502,
3759f2e6-f743-4d50-8025-29b957d6fe0b,1782297401.058795,1782297401.419411,360.62,502,
f9f0f66e-9984-42ea-87b7-aeffb83e0cd3,1782297401.066328,1782297401.418206,351.88,502,
857b8419-a043-45bd-b193-24548c07e42e,1782297401.068241,1782297401.419298,351.06,502,
21dee5c4-6e58-416a-980c-24abfae5fa8d,1782297401.152740,1782297401.419791,267.05,502,
70ac959e-50ee-425b-ae37-48c6bd51ebb3,1782297401.192415,1782297401.418062,225.65,502,
bacc365c-6ed7-40cf-a021-bb01f24171b6,1782297401.242043,1782297401.419861,177.82,502,
ab95b1f1-afc0-4a08-ac74-06e7fcf3df2c,1782297401.243425,1782297401.419175,175.75,502,
5ad8c87b-b980-46ef-a1c1-a411b8ad0e2e,1782297401.391932,1782297401.426699,34.77,502,
42ea385a-b9da-4b1b-a72b-9f614dea121f,1782297401.464280,1782297401.468362,4.08,502,
8de5412f-7bdd-480f-bc56-42c32b874114,1782297401.473824,1782297401.479175,5.35,502,
ce179bcd-3476-491d-8dbe-dba4ae94873a,1782297401.481746,1782297401.486774,5.03,502,
7a69cbe1-c9b4-47ca-bad0-758115a9d230,1782297401.490158,1782297401.494013,3.86,502,
4ea25422-3417-461c-896e-706bc6729426,1782297401.505635,1782297401.509770,4.13,502,
1536eadc-ac2b-424d-925a-8978e12c1bd2,1782297401.537239,1782297401.543821,6.58,502,
d51eca3c-586a-478d-bfd9-8320cfb12a81,1782297401.560404,1782297412.434004,10873.60,502,
dc9cc350-9b0e-488f-aae3-facd38782c12,1782297401.575448,1782297412.449507,10874.06,502,
befe8664-86d9-4fa1-9ea8-5578859f30e6,1782297401.613908,1782297412.487933,10874.02,502,
b4048e3b-80e1-4be3-86ca-398fdc55d671,1782297401.620259,1782297412.495450,10875.19,502,
a536821d-4385-4d68-8382-fe6a3de0c88c,1782297401.635625,1782297412.510606,10874.98,502,
edc1780e-5e0f-4a34-9ffa-e567087f5697,1782297401.653651,1782297412.528176,10874.53,502,
fbfbd217-fb19-4de2-a3f3-77bcaae2650d,1782297401.836489,1782297412.721272,10884.78,502,
ca7b0e9a-d8fe-421a-a3db-2b9861cf9118,1782297401.947173,1782297412.821071,10873.90,502,
6bcf9342-aa67-4a9b-b349-d78d05ff7dfe,1782297401.996725,1782297412.871243,10874.52,502,
9858fd39-472b-40c3-9e3d-2dc992f19289,1782297402.030786,1782297412.906362,10875.58,502,
1b26d15e-f2d3-4e27-b07f-bc235904f41c,1782297402.036806,1782297412.911360,10874.55,502,
0bdc5393-dc20-4b94-b7ba-8a352e7950e3,1782297402.042791,1782297412.924224,10881.43,502,
f4d03c1a-c978-42e6-9adb-bb20842a348f,1782297402.045342,1782297412.923913,10878.57,502,
8b7c33b6-f025-4ae4-947e-c0bec9df1e31,1782297402.120035,1782297412.995906,10875.87,502,
1f46c06b-893e-43ec-8bcf-cfd8ddda4722,1782297402.154075,1782297413.028186,10874.11,502,
a7b659f6-a327-498d-8641-4eaa8d25f796,1782297402.199608,1782297413.121409,10921.80,502,
9c91e949-e13d-4387-9b78-f75eaca25c63,1782297402.200539,1782297413.121959,10921.42,502,
c61b0f72-9368-4fa5-b390-ddf46d19318e,1782297402.330197,1782297413.204337,10874.14,502,
d4bf1f4a-21c1-4aa0-83e9-0cf505dc4817,1782297402.395558,1782297410.652057,8256.50,200,0.08844409199991787
81e8801b-94f6-420b-b79a-ea55fcaa93cb,1782297402.404915,1782297410.978851,8573.94,200,0.06841926599918224
d00a846a-6162-467e-98b3-33c9c5cbf7cc,1782297402.411944,1782297411.135602,8723.66,200,0.07918286799940688
3cc6e7e6-25b4-4308-896f-6c109559e9f2,1782297402.420341,1782297411.135179,8714.84,200,0.07080393800060847
b2f2fb3f-5c5c-45e4-ac58-766093776d0b,1782297402.433142,1782297407.539365,5106.22,502,
320f18ae-d3fb-4045-9395-1d78dd0cbdda,1782297402.461827,1782297403.471226,1009.40,502,
d7e6bfdc-d841-4950-a7f5-67aead84d639,1782297402.482163,1782297402.486642,4.48,502,
17bae5b7-9272-4600-82a2-a06f10461e87,1782297402.494111,1782297404.526795,2032.68,502,
d05cae39-58a0-42ab-a639-c0108ab9ed7f,1782297402.530019,1782297412.007094,9477.08,200,0.06670683899938012
ab1779dc-fad2-4501-b9e8-8baa56a7c65f,1782297402.535555,1782297412.212068,9676.51,200,0.06787810800051375
c6764354-fa1b-42f5-8260-bee75be7951d,1782297402.548122,1782297412.435151,9887.03,200,0.07915814099942509
5605d907-25e0-47da-a82c-b56741dd49fa,1782297402.565391,1782297412.921811,10356.42,200,0.11916333000044688
56e103b0-f080-488a-9e2a-546a696af414,1782297402.587987,1782297413.146462,10558.48,200,0.06918344199948478
874c3252-208d-4213-b793-05b2424e1e0b,1782297402.644250,1782297413.889404,11245.15,200,0.08393348799836531
a21776e9-d2d4-43bd-8a8d-d8e73d34c652,1782297402.652768,1782297414.053737,11400.97,200,0.07602154399864958
81cc4489-9e1d-4e60-9f95-9d1283fa12a4,1782297402.845148,1782297415.989657,13144.51,200,0.0807381409995287
5a3330bd-a722-4dac-b0bc-78e68aa5c6d4,1782297402.994583,1782297416.478661,13484.08,200,0.06493623700043827
7b04853b-07dc-4444-b50f-45f1820f71cd,1782297403.060585,1782297417.438522,14377.94,200,0.08567895099986345
5761fea8-5cec-4134-9a9d-31f0dc5cb863,1782297403.105962,1782297418.766541,15660.58,200,0.08025022799847648
e645dfa7-f700-413f-8738-1c5d3c20d613,1782297403.115126,1782297419.073585,15958.46,200,0.0702183960002003
ec6c7f0a-1e48-4af9-9933-b6caec8f949a,1782297403.122817,1782297419.279630,16156.81,200,0.0638295160006237
dbf9641b-4e17-4cb5-8f37-d1cb9ca852fd,1782297403.126481,1782297419.339911,16213.43,200,0.06016221299978497
6339ca9e-6375-4f5e-b221-b2344de67cff,1782297403.226996,1782297420.148676,16921.68,200,0.08681920599883597
a467e6e0-64a4-4a15-a74b-52fc4c4e20f2,1782297403.274466,1782297420.640230,17365.76,200,0.07400066800073546
8dfcd4d6-e1d6-492a-b7c2-2b07084cd63a,1782297403.335159,1782297421.307237,17972.08,200,0.08133444300074189
03b76b85-d0e3-40c4-8e9a-61202c12b1ce,1782297403.336071,1782297421.393971,18057.90,200,0.08194600300157617
0aae7273-10ad-40d0-891a-581c0a91c0e8,1782297403.510921,1782297406.575781,3064.86,502,
d93fe7de-125c-49e9-849f-7133414393c6,1782297403.600476,1782297421.609059,18008.58,502,
ceb5ae2a-2333-4314-9aa1-e4b06656df08,1782297403.611961,1782297421.650468,18038.51,502,
92478d0b-0d4c-454d-a12b-1241791dbc0b,1782297403.621877,1782297421.682813,18060.94,502,
9f7f21f1-faf1-4a2b-bc88-7369bda8b9b3,1782297403.632385,1782297421.640770,18008.38,502,
520c5582-74a0-409f-a523-d4faa9fd9b58,1782297403.650281,1782297421.641738,17991.46,502,
26359cbf-0360-412a-8909-d55ff6c669a4,1782297403.688625,1782297421.705192,18016.57,502,
c3a74b58-be1e-464d-9f58-497d04e6d8a8,1782297403.715188,1782297421.736480,18021.29,502,
4586acb5-b375-40f1-9149-8b88ee4fdad2,1782297403.732702,1782297421.736186,18003.48,502,
3638cf42-fec5-47c5-a38d-24a3f637358e,1782297403.849357,1782297421.864936,18015.58,502,
6242676f-ce35-4435-a0de-865fc1d9b6a2,1782297404.015588,1782297422.022541,18006.95,502,
28478c63-e74d-4866-92ce-8aa897cef15a,1782297404.089515,1782297422.086412,17996.90,502,
b6c9cc59-faf8-4721-bb64-98ccc4da6a83,1782297404.139368,1782297422.155818,18016.45,502,
65e49656-ac3b-43ac-8ff4-7a6ac433513c,1782297404.148915,1782297422.155491,18006.58,502,
24793536-8edd-47a6-90d0-a1606fe0b56c,1782297404.157804,1782297422.198542,18040.74,502,
bf20b1cc-ec8f-4ff3-8a20-d0333dfed3d1,1782297404.161910,1782297422.157315,17995.40,502,
1efc8ff8-453b-4548-a855-25325cd514f3,1782297404.273591,1782297422.322115,18048.52,502,
b6d71d27-d662-4cb4-a913-998f1fb771ec,1782297404.324359,1782297415.199999,10875.64,502,
ca776709-9119-4c94-9594-96914f981912,1782297404.394059,1782297410.836643,6442.58,200,0.09790047699971183
03ac0ffc-ba2b-4589-8ce3-7fd3f526a087,1782297404.394754,1782297410.836015,6441.26,200,0.08090975000050094
43ad808a-4c33-49e8-9feb-f9c37dc6cec9,1782297404.588252,1782297412.691374,8103.12,200,0.08731569400151784
86a967cf-aa5b-4f2c-b73d-50a4dc3ec1d9,1782297404.687595,1782297414.693716,10006.12,200,0.09738882999954512
ed481561-f5e9-416b-824b-2d51b880ecd4,1782297404.701521,1782297414.589224,9887.70,200,0.0677141069991194
917799b8-b448-4a31-bc38-a82905491df4,1782297404.712888,1782297415.279812,10566.92,200,0.07004533799954515
071f99af-1bed-4dd3-8c25-88009692e7b2,1782297404.724360,1782297415.280223,10555.86,200,0.07567848300095648
44199ae2-70ff-4ac6-9094-eacca3b38f93,1782297404.743428,1782297415.348038,10604.61,200,0.06806473699907656
9ed9e770-8dce-43af-af4c-c44cc3280551,1782297404.785000,1782297415.554822,10769.82,200,0.06813819099988905
37c8d4ee-3602-4f94-8b3c-845b3a1198db,1782297404.849236,1782297415.795643,10946.41,200,0.07906569499937177
b68ba472-e0ff-47a4-bbd3-1d5c19cc943c,1782297405.000572,1782297416.807834,11807.26,200,0.09118100799969397
dd79b7b6-3bc1-4234-83f3-f7b85dbf785e,1782297405.064482,1782297417.741606,12677.12,200,0.08857687499948952
d686b7c0-62e5-4779-a746-2bd3bccb3e6e,1782297405.110455,1782297418.683971,13573.52,200,0.07878881600117893
08edcb9f-80a4-45b4-885b-9bae79e1bd2c,1782297405.119207,1782297418.604742,13485.53,200,0.06739058299899625
83935b9c-c1a8-4b19-a16d-39c1f0a03d4b,1782297405.127777,1782297418.933059,13805.28,200,0.07651077999980771
bea29b9d-fce6-40ce-94e4-24200fa2e77e,1782297405.130373,1782297418.854895,13724.52,200,0.08655918300064513
6b8671c2-8eb6-4762-b387-ca49db66ac61,1782297405.231184,1782297419.978591,14747.41,200,0.06914776300072845
4daf2440-6ec3-4f2f-9f37-050a6eeae2c2,1782297405.277189,1782297420.149170,14871.98,200,0.07775927399961802
936d1f45-2123-4631-b26a-02ff038d7546,1782297405.339543,1782297421.229288,15889.74,200,0.08673693099990487
635bcf1e-8848-439b-9569-a5ded7a3946c,1782297405.340124,1782297421.226840,15886.72,200,0.08170802200038452
314ab40a-44d2-4b54-a4de-e9a6898be4df,1782297405.514865,1782297405.521266,6.40,502,
42972962-39b8-476c-a276-81c5fb0218ad,1782297405.604144,1782297413.076898,7472.75,200,0.06644075400072325
a68923b3-711c-42c0-ba97-15094f95372e,1782297405.616260,1782297413.213989,7597.73,200,0.06607118099964282
739a7169-2409-45e7-9c3c-52db195bbcbe,1782297405.625911,1782297413.288942,7663.03,200,0.07347410799957288
521fd9f8-2736-4841-9561-aad082c17c46,1782297405.637312,1782297413.595350,7958.04,200,0.08437370899991947
841d305c-9f95-486b-adea-b0aa0dd68fed,1782297405.654796,1782297413.695510,8040.71,200,0.09845774899986282
ec307bdb-dbb0-40e3-a39b-267644a47f8f,1782297405.691244,1782297413.976198,8284.95,200,0.08648136100055126
aac8e168-ffaa-4807-9600-7e48cc64ab8f,1782297405.719432,1782297414.448227,8728.80,200,0.07913551700039534
ee36e729-c5f5-49a9-8c26-d994352edf8c,1782297405.737072,1782297415.049797,9312.73,200,0.07733014400037064
3d7cfa2e-8d26-4c19-85bc-47a857ac68bb,1782297405.852323,1782297415.990076,10137.75,200,0.10424391200103855
073f38a4-23e4-4ce7-b9ec-ff605701c1dd,1782297405.994485,1782297416.340162,10345.68,200,0.06856664000042656
87b9ed21-e1ac-4d6c-85e5-96de289b2d77,1782297406.057608,1782297416.959710,10902.10,200,0.07456982900112052
4012867d-609b-4a1e-8a2e-364a1cf6e9a5,1782297406.101294,1782297417.742225,11640.93,200,0.11115172799873108
e2ed6a02-abf1-4aed-b91c-8a487ff2a2db,1782297406.109557,1782297417.880131,11770.57,200,0.13820243000009214
1f0b3632-49b2-49d3-91a9-ca3084835883,1782297406.116620,1782297418.604807,12488.19,200,0.07230199699915829
9046ea41-8e32-49bc-889f-d911d3c21ab4,1782297406.119829,1782297418.460270,12340.44,200,0.07076070599941886
3f5404f3-efb9-412a-8f80-63ac359508d2,1782297406.215999,1782297419.591334,13375.34,200,0.065935262999119
9cb36040-d384-4d72-861b-6077639bd5d2,1782297406.259093,1782297419.907665,13648.57,200,0.06586399799925857
71fec28d-5c53-4a23-935d-cd24004df37b,1782297406.319131,1782297420.812459,14493.33,200,0.08784041499893647
8c9d8b35-e142-4004-ae02-a7de7abb5d4c,1782297406.320229,1782297420.979167,14658.94,200,0.07223775599959481
403072b3-e61b-42e2-8dc5-c810643f49fd,1782297406.486310,1782297410.910408,4424.10,200,0.07387291899976844
ac926563-6d7d-4c93-ac74-ab719aba0dba,1782297406.571352,1782297411.695097,5123.75,200,0.0936500129992055
ac96fcee-1edc-4df2-b3b9-3345ed35207f,1782297406.582792,1782297411.695664,5112.87,200,0.07765229100004944
f19a5b87-b563-4150-9e65-a5a15d2af38e,1782297406.592209,1782297411.519313,4927.10,200,0.07487874500111502
96a715f8-325f-4152-bc38-d0127ce3f596,1782297406.601734,1782297412.280416,5678.68,200,0.06675838600131101
268b0267-cc62-4e30-9f47-0bfb90d207fe,1782297406.619262,1782297412.143178,5523.92,200,0.06572864199915784
e2f8c371-f1ac-4488-92cb-1f5c27902eac,1782297406.654507,1782297413.076835,6422.33,200,0.08569062300011865
fa81a3cf-9374-458f-bbf8-b490d8c9d705,1782297406.680973,1782297413.508126,6827.15,200,0.07641001699994376
b0a52910-ca1d-47a3-8c2f-58fb7721ec0c,1782297406.697673,1782297414.205002,7507.33,200,0.08007295300012629
ad24b70e-f5d0-4e53-be2e-88dc7f912b78,1782297406.742600,1782297414.448659,7706.06,200,0.08542610199947376
e1e4d06d-735a-4358-b49d-1892338d895b,1782297406.859141,1782297415.714358,8855.22,200,0.08137261500087334
906d33c8-8830-439f-88ae-36c2d093cef8,1782297407.036113,1782297416.270775,9234.66,200,0.06811378999918816
30b915b9-9489-40ff-9065-09af4c9f1653,1782297407.113050,1782297417.535119,10422.07,200,0.09453764099998807
957b15ee-ee70-4bc8-908b-addb5b2ee56e,1782297407.166371,1782297418.460577,11294.21,200,0.06961754500116513
5f109569-eb23-4105-b840-1eabc5204d66,1782297407.177806,1782297419.279281,12101.48,200,0.06089271900054882
46d74426-445b-4d29-89e5-8f72a485a5e1,1782297407.186248,1782297419.151316,11965.07,200,0.07580736899944895
50943e52-0a30-4c64-b321-0c5b01d6f4d0,1782297407.189856,1782297419.001934,11812.08,200,0.06721177800136502
0a8eafdf-1d4a-4fc5-8182-d8d826f5ddf8,1782297407.308539,1782297420.318771,13010.23,200,0.0924674159996357
66d60868-bdc2-46f9-aa78-42c269a5862a,1782297407.362100,1782297420.811566,13449.47,200,0.07977399000083096
d3d98720-6f6c-4394-a678-a89ebce26f2a,1782297407.435645,1782297410.455577,3019.93,200,0.09383974699994724
b9718b6a-f2f5-48f3-95e1-55337b33179a,1782297407.436315,1782297410.569149,3132.83,200,0.09949525599949993
7ca71997-3814-4af0-85cc-8df05e2ca047,1782297407.642206,1782297411.938535,4296.33,200,0.07425200500074425
2d0cc62a-2053-4649-a719-38802855e1c7,1782297407.748715,1782297414.520888,6772.17,200,0.07083797800078173
960237ae-2389-4215-8b5d-53b9e7447f04,1782297407.761292,1782297414.899161,7137.87,200,0.10745682200104056
69a78e18-54ae-498f-8c43-819c2ffe810a,1782297407.773227,1782297414.898829,7125.60,200,0.09192701500069234
c1ac5d2e-5b5a-4d80-953f-8628fe72da1a,1782297407.785589,1782297415.129875,7344.29,200,0.07864435500050604
a3007f36-70de-4a87-82a1-e72ed11a2b30,1782297407.806133,1782297414.969592,7163.46,200,0.06980251200002385
0f4033c7-9d66-4747-b8a7-bc4fcce934ea,1782297407.857865,1782297415.555546,7697.68,200,0.06577062100041076
0b1de8fe-bb25-44b4-be07-236999780cda,1782297408.007911,1782297416.271108,8263.20,200,0.07020330799969088
01158f06-7a49-4fb0-94fc-1b85a34bad7e,1782297408.073382,1782297416.545221,8471.84,200,0.06487727500098117
4bdfe5b5-d98d-4894-bd00-bb131ac3e6da,1782297408.119080,1782297417.194088,9075.01,200,0.06898466299935535
5aade155-385d-46e9-ab50-b95516ca9120,1782297408.127647,1782297417.985463,9857.82,200,0.1031903359998978
b6f9fe5e-2e8f-4e31-ae4d-99c6d81a1782,1782297408.136209,1782297418.104616,9968.41,200,0.11812069499865174
522634cd-5122-480c-a364-ca9c1f53f942,1782297408.139479,1782297418.175310,10035.83,200,0.06971700499889266
5229cd71-c072-4bb8-b4ac-1bf279d3dbb6,1782297408.239222,1782297419.524095,11284.87,200,0.059633819000737276
b2ad926a-4480-4699-a4e0-b451d2297b6d,1782297408.285981,1782297419.754012,11468.03,200,0.0837673320002068
612d1b98-05f6-430c-9123-b527294c0c15,1782297408.347514,1782297420.481256,12133.74,200,0.08161988500069128
d717a9f7-e9b5-4c63-a3cf-c3bad6ef247e,1782297408.348155,1782297420.318352,11970.20,200,0.07185805500012066
1cc8cc4c-dd39-4cd5-a5f0-e8cfd2c5c7f8,1782297409.494792,1782297411.518948,2024.16,200,0.08288703000107489
451e517a-f41c-41b4-a673-2a8441071f05,1782297409.504788,1782297411.353835,1849.05,200,0.07333586599997943
e16216b7-f30e-4ba3-a40a-a2b6b89f19c7,1782297409.516531,1782297412.076305,2559.77,200,0.06731382099860639
164f8012-38ad-4fea-ab9c-40fad2e992eb,1782297409.532976,1782297412.354647,2821.67,200,0.07295328399959544
909918e8-e3b4-4c4f-b635-4320902f8369,1782297409.571431,1782297412.792619,3221.19,200,0.09951463700053864
3e9c6092-d4ad-4ca2-8ae8-92cc20b8f5f3,1782297409.600062,1782297413.429918,3829.86,200,0.07045690900122281
2631e172-bcd8-416d-a39b-e7a4765e85df,1782297409.615825,1782297414.123124,4507.30,200,0.06764173900046444
a71824c9-dfd5-47d3-a021-3236dae6496d,1782297409.733022,1782297415.631909,5898.89,200,0.07454736600084289
a7f127ed-3452-42c5-afe5-cc679995ee35,1782297409.890796,1782297416.059379,6168.58,200,0.0694588839996868
62e62406-5521-453d-b126-ed736bfb3685,1782297409.960769,1782297416.616557,6655.79,200,0.06850480299908668
a4bbecb1-6eed-448e-962b-4718965615bc,1782297410.008076,1782297417.052403,7044.33,200,0.0911739849998412
4ac37936-95cf-4158-96f5-45079c4a05d1,1782297410.017143,1782297417.123178,7106.03,200,0.06941413899949112
a584eaff-0ad9-4be3-be88-89d651428a28,1782297410.025935,1782297418.315625,8289.69,200,0.06838128900017182
bf242338-8174-46c4-a058-44e8627d942a,1782297410.029331,1782297418.245692,8216.36,200,0.0688309709985333
77978889-68a5-41d8-ad60-2c381a0ebd9f,1782297410.136219,1782297419.463337,9327.12,200,0.05923464100123965
e1b5b96b-d871-47f1-a36b-b4d410d29a2e,1782297410.183654,1782297419.668934,9485.28,200,0.07455192400084343
04ee11a0-7620-4ecb-b15e-bab9d4f4a4f9,1782297410.248267,1782297420.979140,10730.87,200,0.09013971599961224
106b2966-548a-451f-a904-b85ea7915a09,1782297410.249120,1782297421.049432,10800.31,200,0.0699794620013563
28c2493a-28fe-496f-af3e-8288bb8758ff,1782297410.434210,1782297411.280278,846.07,200,0.07351374799873156
79ed27b0-9b2b-46e4-9509-26ac13fed778,1782297410.527574,1782297411.782788,1255.21,200,0.0856092300000455
80b3b96e-e788-41ad-9465-0166e7909814,1782297410.540855,1782297411.862297,1321.44,200,0.07833059899894579
7ce27495-0d87-499a-823f-73ceefd03e1c,1782297410.551307,1782297412.603631,2052.32,200,0.08348566799941182
962d4e88-5100-4f58-8cb0-b0df46ad0145,1782297410.561792,1782297412.604335,2042.54,200,0.07712480900045193
4a612d21-bb10-44dc-badc-7a758cf57c53,1782297410.580988,1782297413.357658,2776.67,200,0.0674008669993782
6635f0a9-9c0e-40df-ad34-8f7ccc34a3f1,1782297410.620091,1782297413.888793,3268.70,200,0.1031840050000028
177bd980-f9bc-4ce9-9499-a33af2d8b9c3,1782297410.650051,1782297414.278167,3628.12,200,0.07111486800022249
8067203c-4518-4d0b-bfa8-2dc27a0c22d8,1782297410.740800,1782297415.417388,4676.59,200,0.06737187699945935
457f6913-b45e-4dad-90c9-399326cab801,1782297410.897237,1782297416.128925,5231.69,200,0.0675831830012612
0dbc4193-b04d-4420-8cf3-5606bd50c996,1782297410.967899,1782297416.412506,5444.61,200,0.07034060699879774
4a7f69bb-f99d-4a64-8cf3-5c21d7bb5ef0,1782297411.014212,1782297416.807168,5792.96,200,0.09112968099907448
fe332539-1763-4e5a-aaf4-4e2fc7cbfac6,1782297411.023606,1782297416.882707,5859.10,200,0.07511988199985353
c40b3d56-ab5f-49f8-886b-83611011ff4e,1782297411.031891,1782297417.268181,6236.29,200,0.07121446800010744
45f5e614-b0b4-43d1-8c5c-85b5d750cee3,1782297411.035444,1782297417.347459,6312.01,200,0.07840151399977913
f4c06728-e61a-4b63-97bc-8ef60e029b41,1782297411.142837,1782297419.402916,8260.08,200,0.06160287800048536
1d5e8b77-fdb8-4fa0-ab84-8e23946d1611,1782297411.189283,1782297419.908174,8718.89,200,0.0820749890008301
1832322e-f707-4987-98f1-b9666754727d,1782297411.254525,1782297420.480647,9226.12,200,0.07547920499928296
78fe5292-1269-4a9b-99f4-bd366d73784d,1782297411.255514,1782297420.564511,9309.00,200,0.07968209499995282
95ad405a-c08d-4626-b7b6-4880765cfdb0,1782297411.439725,1782297421.448122,10008.40,502,
17df01dd-df5a-4061-b895-39592d86e96b,1782297411.534065,1782297421.541174,10007.11,502,
62fd6f4b-6fcf-4465-9cda-ad2621d520f1,1782297411.546854,1782297421.554374,10007.52,502,
29125678-0cb7-4812-bf0c-513e707747aa,1782297411.556651,1782297421.563480,10006.83,502,
5969ffef-c433-4425-a839-b45df88585e0,1782297411.568398,1782297421.581597,10013.20,502,
0da7bf26-f21e-4d44-b66b-61551b26f146,1782297411.587009,1782297421.597194,10010.18,502,
3abe2021-bf58-451d-905c-0582477f8216,1782297411.625604,1782297421.634771,10009.17,502,
99333d98-8b2f-4a39-8681-737ca67c3a9b,1782297411.656069,1782297421.664167,10008.10,502,
7baa4413-4ee0-4e28-9886-d4599c6bd4d4,1782297411.741585,1782297421.761922,10020.34,502,
7c0e65ca-6016-46a4-948c-be57b78e52f6,1782297411.899061,1782297421.906447,10007.39,502,
4b2c1bc6-7c4e-4725-96e0-94a0adcf4e33,1782297411.969556,1782297421.977282,10007.73,502,
93edc096-e3bf-43ba-9720-02a612017822,1782297412.016906,1782297422.023361,10006.46,502,
25b48318-79cf-4ae0-9bb6-12da1e4a6ba8,1782297412.025900,1782297422.034568,10008.67,502,
9c425003-dbe8-45d8-9e61-1ca8292d02d7,1782297412.034587,1782297422.042638,10008.05,502,
680f6e34-7afd-445f-bfb0-ddf62e8331f4,1782297412.036975,1782297422.043619,10006.64,502,
3b34200b-b51e-43c3-9638-fc97cb45d217,1782297412.143725,1782297422.157365,10013.64,502,
d7bce275-0ad1-4041-b6e4-5cc0987d4b30,1782297412.192027,1782297422.199506,10007.48,502,
f1ed9258-7c6c-46e9-88ad-a1e79ea16a63,1782297412.256792,1782297422.267371,10010.58,502,
8b476d62-a9bb-4a47-a97c-3132e9c74b5c,1782297412.257626,1782297422.268495,10010.87,502,
2922d055-4eee-4007-805b-380f70796779,1782297412.442043,1782297422.448608,10006.56,502,
56730be5-824a-48c5-8484-d0e585b71280,1782297412.536798,1782297422.545212,10008.41,502,
3a4235e0-f966-4890-b21e-7282ba6f2e39,1782297412.548619,1782297422.554580,10005.96,502,
e11eb911-2909-48eb-a1ba-6546ea35366f,1782297412.560191,1782297422.566707,10006.52,502,
68cd5187-31b8-4492-b646-bc722803a2e4,1782297412.569855,1782297422.622182,10052.33,502,
98efc3fd-899c-4694-9e16-1da9a1243b54,1782297412.589183,1782297422.598890,10009.71,502,
a990ecf1-0781-447d-8b12-1d6046f3f577,1782297412.628105,1782297422.636182,10008.08,502,
1e1c1922-7b96-4a45-a0eb-83d801cce32b,1782297412.658320,1782297422.668426,10010.11,502,
d988a92c-d854-406e-8e03-a1913eb74ef7,1782297412.750097,1782297422.818126,10068.03,502,
b4ee7444-7231-486b-b32b-3fa299e98cd0,1782297412.926441,1782297422.936339,10009.90,502,
fe4e2886-fd15-4447-a188-73252ab0a47f,1782297413.003510,1782297423.010422,10006.91,502,
a096a8ba-c153-4d5d-9275-1de153a43a31,1782297413.056996,1782297423.066064,10009.07,502,
c316c440-792f-4f72-aacd-9c40a7323e0d,1782297413.067291,1782297423.075227,10007.94,502,
16c84b28-d3db-4a17-b075-be238a18e6a0,1782297413.076725,1782297423.130521,10053.80,502,
7114d811-ad31-41d4-9145-ea67286f2397,1782297413.080373,1782297423.088905,10008.53,502,
a3336616-dcdd-4939-a005-f24f45300ea6,1782297413.198917,1782297423.208137,10009.22,502,
4ac1d54d-b94d-4bb0-ad45-1bb4abd4f698,1782297413.252504,1782297423.259340,10006.84,502,
8258fabb-b6ba-48d0-8572-bfb534be2027,1782297413.326366,1782297423.338330,10011.96,502,
4e035c22-b8cc-462d-8037-ded021e3fca5,1782297413.327142,1782297423.338019,10010.88,502,
d30eb983-55a6-4e0f-8710-017eec8b7f90,1782297413.532989,1782297423.589876,10056.89,502,
59dbc487-ad05-4cba-8c9f-c8d69ddaf4ff,1782297413.638114,1782297423.693590,10055.48,502,
e967f35a-a6d9-4939-ac6e-9a1e697208ac,1782297413.651699,1782297423.687688,10035.99,502,
e0409c47-a6f6-48ab-a8b1-2586a26e1334,1782297413.664792,1782297423.689430,10024.64,502,
087098fe-6cb5-49b8-97e6-0cb91cdaae3f,1782297413.676085,1782297423.693998,10017.91,502,
ecc3bd05-9103-4a05-af69-97784a114b24,1782297413.698304,1782297423.707547,10009.24,502,
1512a738-6c17-412d-b61b-85956de700d6,1782297413.750491,1782297423.772227,10021.74,502,
d7f39b3f-157b-49c6-8245-103f0b7435ca,1782297413.900931,1782297423.911837,10010.91,502,
380a4344-d483-41aa-a39b-f13027ad550b,1782297413.966683,1782297423.975276,10008.59,502,
068cf5db-1866-46bb-9120-fe6e63a7c8ac,1782297414.012628,1782297424.023374,10010.75,502,
a2f81f8e-15ee-4d4b-9425-95380850fbe8,1782297414.020786,1782297424.028845,10008.06,502,
74342ca4-3be7-4ce6-8eb2-b14d9d0ee259,1782297414.029209,1782297424.040486,10011.28,502,
5e145528-9ecd-4942-9b57-088571da1890,1782297414.031669,1782297424.041301,10009.63,502,
f5656f64-bad3-45b5-a0b0-52d0c25cb7a5,1782297414.132745,1782297424.183204,10050.46,502,
c012b492-3000-4e97-b3f8-38f789e1283c,1782297414.178297,1782297424.187916,10009.62,502,
688fb47f-8fdc-47fb-9776-5103fcf262b9,1782297414.241091,1782297424.249331,10008.24,502,
f48987cc-c1ae-4e41-8572-156f0777a8c8,1782297414.241808,1782297424.250562,10008.75,502,
04b9b1f8-e989-4fa5-bae5-04d22851ab51,1782297414.416923,1782297424.425648,10008.73,502,
df33795d-9274-41cf-b0fa-1069fba06efa,1782297414.507122,1782297424.515035,10007.91,502,
40ce6d9f-5e90-4c50-adb6-475026eb77ab,1782297414.517694,1782297424.525265,10007.57,502,
5a6315dc-614e-4b72-ab6c-5fb7e3c88a45,1782297414.528990,1782297424.534726,10005.74,502,
3e445b5a-fd40-4311-a03a-c2f0e993e30d,1782297414.537725,1782297424.544916,10007.19,502,
666bc089-1b5f-4321-9eec-55ba5845c974,1782297414.555577,1782297424.564296,10008.72,502,
95091e81-fd15-4d16-a3c0-12fb34996026,1782297414.592849,1782297424.600887,10008.04,502,
7410740f-dc61-46e0-b887-dbc009d32e47,1782297414.621948,1782297424.669771,10047.82,502,
34e27175-bb27-41a8-824f-c54161e0dbd8,1782297414.639049,1782297424.647341,10008.29,502,
a4edfd5e-23f0-43b9-a9de-c8b27047b954,1782297414.754120,1782297424.774598,10020.48,502,
89b7d660-6a7d-4803-9b1c-0967bab5f35f,1782297414.919499,1782297424.925848,10006.35,502,
0db34d12-e15b-47a7-8a51-d738bb5d423a,1782297414.993400,1782297425.003423,10010.02,502,
da538764-0d86-497c-89dc-0fe4a8f93903,1782297415.043833,1782297425.052599,10008.77,502,
b331dcff-57cc-48c9-9ad2-757fdd5c1660,1782297415.053164,1782297425.062290,10009.13,502,
5f003376-32b1-42d9-bde6-d0b8d123efb3,1782297415.062141,1782297425.071891,10009.75,502,
4ce6b096-f9f8-4ec9-b488-8cbfbf1201c6,1782297415.065336,1782297425.073709,10008.37,502,
a96f74f5-8798-49b4-b3a4-d4c5800eba8a,1782297415.178189,1782297425.186741,10008.55,502,
3053e097-87f5-418d-9b92-a98aa9989161,1782297415.229013,1782297425.236445,10007.43,502,
497c30d6-0d29-4723-b97f-e3759426cb4e,1782297415.296594,1782297425.304134,10007.54,502,
71311296-1bd9-4ef2-8d4b-4079b45a1477,1782297415.297863,1782297425.305177,10007.31,502,
4637c646-cdd1-48fb-a94c-8d6d0b000257,1782297415.492779,1782297425.500260,10007.48,502,
e31336bd-fe45-4fda-90f1-47240b137a64,1782297415.591840,1782297425.599151,10007.31,502,
2586934c-c3e7-434b-b9f0-e3d776af9052,1782297415.605828,1782297425.613744,10007.92,502,
7b4e45de-d7e0-494a-b119-cb56b5d14493,1782297415.618064,1782297425.627721,10009.66,502,
54584e3a-94af-4ec2-906a-af2a252ec76b,1782297415.628020,1782297425.637064,10009.04,502,
02b91289-88ea-45aa-9b6d-f830ff630308,1782297415.649134,1782297425.655839,10006.71,502,
7166c9b1-412b-44de-8629-ec08a654dd22,1782297415.688825,1782297425.697562,10008.74,502,
18158370-1aca-4b5b-98af-f96838fe43ae,1782297415.758981,1782297425.775682,10016.70,502,
e67cea8b-218d-4243-908b-9fa9b5809164,1782297415.925300,1782297425.933786,10008.49,502,
eeada501-c9fe-4ddb-82d6-93c6fe3f48f7,1782297415.997848,1782297426.004165,10006.32,502,
f7aa6845-bd69-41c7-890f-f52e3c2938a4,1782297416.049129,1782297426.058906,10009.78,502,
65920059-0480-41d4-a6eb-661cda028cef,1782297416.057879,1782297426.064842,10006.96,502,
4a13387e-46e6-41a3-a74b-502ec65383fe,1782297416.067716,1782297426.076517,10008.80,502,
da36b832-273f-46a0-b45c-f353688f030a,1782297416.070581,1782297426.077231,10006.65,502,
c2ea683d-9b4c-4a7a-a163-b26cbb1dbb34,1782297416.182643,1782297426.190304,10007.66,502,
7a9a4d05-161e-4519-8c66-d7456dc4b2d4,1782297416.233860,1782297426.241278,10007.42,502,
30ab0ab2-083a-48a1-83d3-cfd3d0528261,1782297416.303661,1782297426.354679,10051.02,502,
250ae5e2-8ca8-4a9b-982f-dde390f1a667,1782297416.304582,1782297426.312386,10007.80,502,
9994d24e-1509-47ed-b67d-9d6d321341ae,1782297416.498366,1782297426.505893,10007.53,502,
d5a21df5-0fd4-4fac-8e66-d7c044c183b1,1782297416.597259,1782297426.650168,10052.91,502,
ba670f91-c9d6-4be5-8005-8e8d59001df3,1782297416.610863,1782297426.619493,10008.63,502,
7d0753ca-9804-43fa-a393-d79ade7f161d,1782297416.622815,1782297426.631682,10008.87,502,
32d4bfa3-cf1b-478c-bf28-ecfc0786cb26,1782297416.632986,1782297426.642476,10009.49,502,
9dc6d383-c978-455d-be45-a46c235b9974,1782297416.653856,1782297426.661682,10007.83,502,
4b73bcc6-340c-4e54-a8d6-007184364431,1782297416.695016,1782297426.705003,10009.99,502,
67c6008c-e1d3-4ab9-a084-30f63881a68d,1782297416.759971,1782297426.777692,10017.72,502,
8c256c5b-406c-4047-9b45-5e4c007581be,1782297416.910002,1782297426.916512,10006.51,502,
084e25fa-a9a2-45be-b6da-57a58a3f36c3,1782297416.976016,1782297426.984514,10008.50,502,
ea1a776e-3356-47b5-95a3-fd3b93bd442a,1782297417.020729,1782297427.028700,10007.97,502,
b79e59b1-cf64-4693-8a48-1fab136612c2,1782297417.029721,1782297427.081703,10051.98,502,
1f4bf33e-b55d-44e3-af78-b04ed0d8a5b5,1782297417.037928,1782297427.048112,10010.18,502,
e7e7c7e7-6a65-4db2-b489-f860bf5c60bb,1782297417.040945,1782297427.048870,10007.92,502,
0f3be863-dd42-4730-a4f9-a366a330e04a,1782297417.141290,1782297427.149050,10007.76,502,
db73ad58-c54c-4147-9eb8-cdb28339daf4,1782297417.187617,1782297427.195248,10007.63,502,
ed19dbad-15c0-4813-89cc-ce7ce5c5341d,1782297417.249345,1782297427.270346,10021.00,502,
19a6e828-d6ce-422c-a4e3-1b7e20ff088a,1782297417.250088,1782297427.271209,10021.12,502,
ef7c0e49-13f7-49bd-aaef-49cd8035e3f9,1782297417.425599,1782297427.436714,10011.12,502,
011ae54c-9d4f-48ef-9e3e-884ade14f1f7,1782297417.514611,1782297427.522981,10008.37,502,
960c9a0e-f386-4105-b259-ef71e3678690,1782297417.527228,1782297427.534164,10006.94,502,
cc26d759-8e17-41f2-84b3-7ea4ce8ac146,1782297417.537074,1782297427.544749,10007.67,502,
84510efc-ee95-4814-9119-7ccbf726a5bc,1782297417.546734,1782297427.556528,10009.79,502,
261088da-fdd1-4204-8760-e00e792f5342,1782297417.564685,1782297427.575080,10010.39,502,
fa5cec22-297e-491e-a452-0c7d974a8d5f,1782297417.602293,1782297427.611969,10009.68,502,
b4f9f37c-b2e0-4cef-ad86-19a037983ff9,1782297417.630034,1782297427.641176,10011.14,502,
af6e23f7-c1cb-4e91-a22c-d48f691e7392,1782297417.648286,1782297427.659427,10011.14,502,
6fb3246a-4981-493b-b2a6-34d3e45b7782,1782297417.768609,1782297427.793556,10024.95,502,
aa392901-bd92-4011-9544-471fc4060f5a,1782297417.927427,1782297427.937949,10010.52,502,
789d537e-c1d1-4b34-9bc7-b016e1b0e229,1782297417.995481,1782297428.005464,10009.98,502,
1aff38a8-f84e-44de-bcb0-4748aad14a80,1782297418.043173,1782297428.055231,10012.06,502,
555d6eb0-6f8a-4d00-bdb1-1c8d0782ac8e,1782297418.052143,1782297428.062784,10010.64,502,
8268af23-90be-49e7-9856-309ee2178d99,1782297418.061320,1782297428.073932,10012.61,502,
210d35fd-b47b-4a3d-9e9e-e7c4c99c3802,1782297418.063951,1782297428.075329,10011.38,502,
3b456c60-a2fc-4fac-b527-541fbe0f5148,1782297418.169683,1782297428.225863,10056.18,502,
985e0e4e-65f8-4553-b55a-82d4073b3455,1782297418.218519,1782297428.228993,10010.47,502,
73574fc5-e72b-48b9-a4d4-b005f33aef82,1782297418.283717,1782297428.297517,10013.80,502,
4e58dc13-939b-46b5-a8ce-c446d1f5d8e3,1782297418.284807,1782297428.298961,10014.15,502,
b52e726d-86e4-4036-bc23-677c7d6cd9a0,1782297418.469425,1782297428.475480,10006.05,502,
b7064e4b-9697-4ff8-9065-4dd59a560592,1782297418.562916,1782297428.570008,10007.09,502,
33e71145-d181-4075-a2e7-3bee2004bfbd,1782297418.575603,1782297428.581626,10006.02,502,
8c781b26-2785-49ae-8d71-2c60a089855e,1782297418.587354,1782297428.597872,10010.52,502,
ed91ae46-b863-4b27-b056-efde317acb19,1782297418.596907,1782297428.606347,10009.44,502,
2bc193f3-7fd6-4350-b7de-7e8c8b44e557,1782297418.616078,1782297428.666183,10050.10,502,
b6314683-b858-45a9-9a35-ebd69f9472ce,1782297418.655902,1782297428.664795,10008.89,502,
84c3762a-5260-4eae-b5c9-65fb35d56431,1782297418.684652,1782297428.693259,10008.61,502,
afa4b943-97b4-48dc-b3e2-582df44f699c,1782297418.775419,1782297428.795244,10019.82,502,
435a7363-bd2f-41a1-a7a4-8c09e03c9936,1782297418.940861,1782297428.946775,10005.91,502,
490848e8-dad3-4818-8266-461a64be8d93,1782297419.014790,1782297429.022453,10007.66,502,
1ce42c97-13c4-4bd3-8572-e4ff08ffa06e,1782297419.064567,1782297429.075131,10010.56,502,
9e7c6897-f663-4763-a770-cc8c3bebcafe,1782297419.073666,1782297429.080276,10006.61,502,
42b30a0c-8e34-456a-ac8d-f41ae0021842,1782297419.082915,1782297429.090669,10007.75,502,
6f8cc340-3927-4f2f-b7a3-02fa166c97dd,1782297419.087201,1782297429.093815,10006.61,502,
47fa900b-ba41-4c0e-ae78-ef4228309a67,1782297419.198320,1782297429.205636,10007.32,502,
d0e5580b-455c-4676-857b-0a36235343d8,1782297419.248932,1782297429.257936,10009.00,502,
fe6c4be9-2631-4b4f-8965-e3633ed1c172,1782297419.318435,1782297429.327111,10008.68,502,
408a3520-406d-41fc-8e83-6260ea1ffd3e,1782297419.319272,1782297429.328128,10008.86,502,
b27e790a-d421-4128-b1bd-6baea89ae9a1,1782297419.513640,1782297429.520356,10006.72,502,
ed0e3555-1057-4ad7-beeb-d7e5d648c1f6,1782297419.612502,1782297429.619582,10007.08,502,
a372e711-467c-442c-aa6a-021b74fff887,1782297419.626038,1782297429.633799,10007.76,502,
395143eb-569f-4f5d-a346-ed8b417ef9e2,1782297419.637973,1782297429.645254,10007.28,502,
c8666827-354d-452c-b62d-374d41799df8,1782297419.650089,1782297429.660457,10010.37,502,
6e909edf-eba0-498f-bc5a-ed3c911c2137,1782297419.668580,1782297429.677053,10008.47,502,
d979810a-4c28-4f73-869f-935cb6717164,1782297419.710019,1782297429.716494,10006.47,502,
584f554a-1073-4e2b-98d8-a533fc07e8c8,1782297419.774016,1782297429.787597,10013.58,502,
3e2b1498-95c6-4de3-84b0-6ad61847a35c,1782297419.923854,1782297420.003485,79.63,200,0.07062271699942357
8003eb0c-77ea-4bdf-b82c-99a15d3923a5,1782297419.989935,1782297420.074993,85.06,200,0.07017471799917985
52188eea-b35e-4444-93bb-d22948aabdcc,1782297420.035400,1782297420.231419,196.02,200,0.07289201300045534
16d3bf3f-a2f2-4588-891f-dff4486ad687,1782297420.043980,1782297430.052091,10008.11,502,
ba158e44-23bc-4bf6-80d9-1f2be901cb84,1782297420.052107,1782297430.061704,10009.60,502,
29bd3de6-1124-4ab6-a104-056dad8d90f5,1782297420.055402,1782297420.231931,176.53,200,0.07826046099944506
c4c66087-74f2-40af-ab6c-31c9940be8e3,1782297420.155819,1782297420.389589,233.77,200,0.08054017899848986
35adc333-6c0f-4535-9a27-b6701e5611ea,1782297420.201920,1782297420.389974,188.05,200,0.07270937700013747
241ab6f7-2f0b-4da5-be9a-873fb50e3831,1782297420.263424,1782297430.271348,10007.92,502,
1af1b3a4-7121-4c43-8e7f-a0844fc9aa16,1782297420.264377,1782297420.455502,191.13,200,0.06619893999959459
95d4abbf-3179-4afe-9601-4791cea5e87e,1782297420.278521,1782297505.714310,85435.79,200,0.07854855799996585
0363c6d4-aab4-4196-873a-cd9f66bb8ed3,1782297420.439394,1782297420.527987,88.59,200,0.07089150499996322
75598fa6-5f31-4c86-8291-1830133a93e7,1782297420.528267,1782297430.533212,10004.95,502,
0e7895b8-41b5-4afc-94ec-98fb8b9ab1e6,1782297420.540120,1782297430.545461,10005.34,502,
fdaee95c-4786-4721-beb6-64eca5236cc2,1782297420.551129,1782297430.557985,10006.86,502,
21fcaf58-693e-4e7e-9fa6-85483407c3f5,1782297420.560248,1782297430.567172,10006.92,502,
ae1e39e9-9596-48a1-87a4-e85fccfd2530,1782297420.579060,1782297430.584702,10005.64,502,
d89d6142-3ce8-44fb-bfe0-12b7eb0e283e,1782297420.617431,1782297420.725736,108.30,200,0.09600271400086058
9469a9f1-3226-40ca-a60b-b9bffd1b0b84,1782297420.644806,1782297420.820860,176.05,200,0.09352690299965616
d1499951-88ee-4b0a-a45f-7d607d656af1,1782297420.661970,1782297420.894743,232.77,200,0.07246503199894505
127f8457-8807-4db0-87fc-5fb78260d362,1782297420.776990,1782297420.962016,185.03,200,0.06418815600045491
17be343e-fbd5-482a-ac49-e264eda622c7,1782297420.913434,1782297421.053566,140.13,200,0.08726077999926929
69ee6217-19fc-4499-965b-aec388448fca,1782297420.973843,1782297421.206300,232.46,200,0.07379167599901848
c7ff3ab5-27a7-42c0-a689-a15da1330613,1782297421.014433,1782297431.021358,10006.93,502,
15a43795-68a9-4aed-a487-4d6012096030,1782297421.023118,1782297431.031250,10008.13,502,
4c4e2f8b-d55b-4a64-ac71-afeea951d453,1782297421.030681,1782297421.206710,176.03,200,0.0751097899992601
439ff156-2fb5-4654-bd66-6b24820d08f3,1782297421.033592,1782297421.290265,256.67,200,0.08263185500072723
07c6414e-12a5-4763-8814-cfe68f870b0b,1782297421.124242,1782297421.360333,236.09,200,0.06771357499928854
6d8dcdc3-6388-4c58-b6c9-86304e5dfae8,1782297421.166669,1782297421.511078,344.41,200,0.0696066559994506
e96b2bf4-df9e-4f6f-b6be-88477a94e9f3,1782297421.222225,1782297431.235818,10013.59,502,
5ca06670-d93e-4e45-bfe5-14be3400740d,1782297421.223303,1782297421.509637,286.33,200,0.07720547700046154
de898a84-f679-4502-8c28-392ce7314453,1782297421.382028,1782297431.388824,10006.80,502,
e33a0bdf-171e-4203-a90a-a40a25cc8603,1782297421.464072,1782297431.471216,10007.14,502,
4b525cfa-8ab0-4d22-aef7-e3ee9a889f0f,1782297421.475318,1782297431.481438,10006.12,502,
fde637b3-f3ac-45eb-a840-5fc5a118b0ab,1782297421.484198,1782297431.493333,10009.14,502,
b62df62c-74e6-4890-b3aa-f9774202b8ac,1782297421.492886,1782297421.579640,86.75,200,0.06935227699977986
2c416e80-4b6e-45bc-9eb7-51ae47b5aca3,1782297421.509873,1782297431.516484,10006.61,502,
c4eb68b9-3690-441d-b46e-c8e16937a0f8,1782297421.543828,1782297431.593549,10049.72,502,
caca5233-7b3d-427c-9acf-5d9aee675f99,1782297421.569452,1782297431.576931,10007.48,502,
aae39712-b807-409a-bbab-e2f3f5cda5cd,1782297421.584187,1782297431.589737,10005.55,502,
eeeb53f3-a978-4894-a3ef-37b2ba96dd36,1782297421.628195,1782297421.715991,87.80,200,0.07886064099875512
80066040-5bee-40c4-b995-3d97a50f097a,1782297421.634123,1782297421.803133,169.01,200,0.08325537500058999
ca4b6b9f-33e5-4594-aaf2-88b478da3b80,1782297421.789925,1782297431.807115,10017.19,502,
4246551e-6707-45f5-8ac5-5903d094cd69,1782297421.976568,1782297431.984654,10008.09,502,
a8ad04ba-914f-4571-82a1-4e3438a65dc9,1782297422.059673,1782297432.067594,10007.92,502,
3f8a857b-2470-41ce-bfa0-27bcc68d580f,1782297422.116140,1782297422.201583,85.44,200,0.07558663800045906
c2796447-6f37-4289-8661-5c3e86cb93ee,1782297422.127222,1782297432.178193,10050.97,502,
c044bde5-38f2-465b-9d98-c08464b0be94,1782297422.137162,1782297422.271892,134.73,200,0.0691448079996917
be5a5ece-8e7e-4823-bc24-20464ec9ec17,1782297422.141018,1782297422.355594,214.58,200,0.08204967100027716
bcec3c6d-d1b0-40ee-82d3-0783e333ef54,1782297422.267343,1782297432.274435,10007.09,502,
683e1672-fd64-4bba-a957-53eb3b9e653d,1782297422.325467,1782297432.333645,10008.18,502,
da7b4efd-f666-4ece-9695-82744c869f9e,1782297422.401232,1782297422.477474,76.24,200,0.06775706900043588
a1039fe3-712d-417a-a6a7-9c109b4b0883,1782297422.402073,1782297432.408789,10006.72,502,
8f4c08fd-3b2a-4bf8-b328-774c714b2c67,1782297422.623213,1782297422.705613,82.40,200,0.07452147199910542
e0be457e-1f9e-4823-9a5e-c22c8ab4a93b,1782297422.733214,1782297422.835938,102.72,200,0.09199258599983295
b6a7c15d-abbb-4fa8-b713-e1c20b9a14b4,1782297422.749064,1782297432.759904,10010.84,502,
8fbf3726-30fa-4f4d-bcb6-621603d33ff6,1782297422.760563,1782297432.770380,10009.82,502,
11feb8dc-c211-4a84-a184-a5840f7a1dd6,1782297422.773868,1782297423.009180,235.31,200,0.09169755299990356
a35b1705-8d6d-42c7-a949-755fe9f1bd31,1782297422.788750,1782297423.009380,220.63,200,0.07437372599997616
33dbae24-bdea-42b9-adef-16e8257d6be8,1782297422.946846,1782297423.094839,147.99,200,0.08538216899978579
de341ee7-1c47-4271-aef9-6dcbf938310c,1782297423.015286,1782297433.068073,10052.79,502,
aa192f94-95dc-4b56-baa5-68af191d66f6,1782297423.064036,1782297433.074178,10010.14,502,
ed25fef1-0834-454d-9562-8cebf62c804d,1782297423.073102,1782297423.165442,92.34,200,0.0687914570007706
340019a3-87bf-454b-9bde-3955a11a74ec,1782297423.081333,1782297423.235908,154.57,200,0.06820685599996068
74d93fda-16b8-4425-87d6-cefa21155c07,1782297423.085088,1782297433.137835,10052.75,502,
64499fd9-22f9-47e2-8502-02c463e6bb57,1782297423.191041,1782297423.323920,132.88,200,0.08491882299858844
50adf258-13eb-47b0-bbec-c60d3cc0bc96,1782297423.238533,1782297423.411117,172.58,200,0.08510627999930875
26347580-60d2-4450-a95a-0897ac15928c,1782297423.303975,1782297433.311553,10007.58,502,
3ff16479-1be4-47ec-82a3-5d8bed86bd55,1782297423.305002,1782297423.489305,184.30,200,0.07670926499849884
0f437e1d-40fa-47d3-8f71-a7a4b54940a7,1782297423.489651,1782297433.496813,10007.16,502,
9323f50b-297d-4386-be43-5d1373b120fb,1782297423.583666,1782297433.590618,10006.95,502,
aebf00ca-91c3-4afd-a9d9-55748de37f95,1782297423.596079,1782297423.716601,120.52,200,0.1055631959989114
d5070c4c-fd8d-4f8a-8d69-e3c7228e47de,1782297423.607426,1782297433.620584,10013.16,502,
1bd61772-1ef1-4dca-be11-2ce439aecbaa,1782297423.617347,1782297423.806479,189.13,200,0.09005882699966605
ed689ba3-b052-4e93-a68c-a63ac3ab9305,1782297423.636190,1782297433.648075,10011.88,502,
81537bdb-f259-427d-806d-54771179c769,1782297423.676124,1782297423.891348,215.22,200,0.08390940199933539
91093075-4349-4ea0-9219-007ac1f8822b,1782297423.705583,1782297433.719423,10013.84,502,
585f058e-1605-4998-a6ab-0134b7daf702,1782297423.798144,1782297433.865714,10067.57,502,
a0fb67fb-b8dc-4aa8-9bfc-2bfba9eee40a,1782297423.986598,1782297433.992826,10006.23,502,
cf2ec340-f905-450f-8558-9418fb160112,1782297424.068362,1782297434.075415,10007.05,502,
1c7c4979-1d72-4e7b-b5e3-bb18c7d81791,1782297424.125458,1782297424.210691,85.23,200,0.07568375800110516
3bf7b329-a9a6-4bcd-885c-85d0d99446c3,1782297424.135552,1782297434.143906,10008.35,502,
443dd305-7a1c-4f79-bec6-d4ab0c0c9f3a,1782297424.147365,1782297434.160674,10013.31,502,
facb8967-5556-4784-851b-711d0d80bf54,1782297424.149608,1782297434.164949,10015.34,502,
c8325fa2-a42c-4271-bfbc-57ce267c3ff8,1782297424.275432,1782297424.349961,74.53,200,0.06685223000022233
26b31a33-b6bb-4842-b0ef-052bf55c2f81,1782297424.332881,1782297434.341251,10008.37,502,
7a7e6d99-107b-4b29-9470-6b0a45bc4d2a,1782297424.410538,1782297424.495879,85.34,200,0.07476776800103835
9047ffe9-852f-4fdd-a892-daaef5bb35ea,1782297424.411701,1782297434.419358,10007.66,502,
2ea7d6d6-6865-4db2-adeb-74588c40c2c7,1782297424.631534,1782297434.681891,10050.36,502,
9ffde97e-32d3-4b40-ae20-3e8d958126ef,1782297424.742032,1782297424.835123,93.09,200,0.08260049099953903
93bd6762-c482-4fa0-80de-fd7ab5d099df,1782297424.756811,1782297434.767274,10010.46,502,
eb07332e-2ac2-4fbf-8c5f-91b2e3697889,1782297424.769355,1782297424.909344,139.99,200,0.07263226500072051
2dd1eca2-6420-4d9d-ad96-d9051a798faf,1782297424.782764,1782297434.790287,10007.52,502,
bbd53738-c449-47b2-9098-a9da24cb0446,1782297424.806039,1782297434.821194,10015.15,502,
60acb59a-6fc3-4570-bd57-deaebde05dc4,1782297425.020105,1782297435.025810,10005.71,502,
ff484882-563c-4618-b7a7-14a9bc40860c,1782297425.113820,1782297435.162068,10048.25,502,
a0b8c858-5bf0-4d8b-8008-8ede6b97ff0f,1782297425.179293,1782297425.256601,77.31,200,0.06870382000124664
e5fc5658-cfb5-464d-bb3b-590088b1222c,1782297425.191504,1782297435.242017,10050.51,502,
1118fbcb-f035-43b6-86c2-b29672bd3e3e,1782297425.204068,1782297425.342336,138.27,200,0.08292978200006473
b1e038af-66ec-4934-93ab-a9cbdb971f45,1782297425.208307,1782297435.216074,10007.77,502,
791c0dc7-a5a7-4cef-b726-447eab335cc3,1782297425.352957,1782297425.437578,84.62,200,0.0761768740012485
aa5c863f-e83b-4ac1-b7a1-8d36e833b5ed,1782297425.417202,1782297435.424437,10007.24,502,
13040c27-d1fa-4452-b0d8-167f7d103e45,1782297425.506081,1782297435.513640,10007.56,502,
f5dee2aa-2f82-45e5-bda0-9772ba371917,1782297425.506565,1782297435.514541,10007.98,502,
5561a530-fe75-4d05-96b1-54ab2467b9cf,1782297425.756589,1782297425.845140,88.55,200,0.08084130699899106
8aea73b4-3921-4743-be27-3ab8c7a1774a,1782297425.812044,1782297425.925042,113.00,200,0.07822007899994787
a2ebcb46-4333-46aa-90f4-3ff286852764,1782297425.884921,1782297435.892072,10007.15,502,
b8c5c3dd-f589-40e7-924d-b6321d313caf,1782297425.901443,1782297435.909237,10007.79,502,
b85381d2-6e74-45e2-9b90-a5613a7cce50,1782297426.041862,1782297436.047954,10006.09,502,
46923947-2067-4cbf-9b6e-0121baa5db8e,1782297426.143907,1782297436.150680,10006.77,502,
9a9344b4-1416-4dfd-91e2-6cb3a4798e60,1782297426.213712,1782297426.292358,78.65,200,0.07082477800031484
e6d803ba-1741-44d4-b8a7-4745b0819b36,1782297426.226638,1782297436.280208,10053.57,502,
ac6b1aff-1ab5-4a22-bbde-585ca60297e9,1782297426.239794,1782297426.383055,143.26,200,0.08925642500071262
0e962643-26de-497b-ab8d-84102e5ded4d,1782297426.244063,1782297436.251107,10007.04,502,
43babcb3-e94f-47ad-81cc-ae11bfde021a,1782297426.399658,1782297426.481706,82.05,200,0.07402684699991369
bdc9ed2b-070c-4975-917a-f387856b9aa2,1782297426.469906,1782297426.588501,118.59,200,0.10347592400103167
24b6e70a-b2e5-4f0f-aa2b-e8060d3fe901,1782297426.564325,1782297426.677646,113.32,200,0.0870194419985637
a13ad60b-aca7-4b73-84df-4516c8efb7f3,1782297426.565555,1782297426.766896,201.34,200,0.08738461200118763
2a0984c2-d1b5-4b78-b647-ebe751a3ff96,1782297426.809831,1782297426.902523,92.69,200,0.07702835599957325
0c1f88ac-253f-4987-8f09-9d11f3dc6f7d,1782297426.835577,1782297426.970358,134.78,200,0.06678837300023588
015977c9-c289-4832-a1f3-0566f18f7e0f,1782297426.972853,1782297427.050452,77.60,200,0.0704974910004239
4ee0402c-2c02-41f6-8732-26ff7a41003d,1782297427.009316,1782297427.121512,112.20,200,0.06962301100065815
1acdb2db-767b-4138-960b-5f755d856f4c,1782297427.096966,1782297427.194402,97.44,200,0.07187945599980594
d4e9a722-c95e-4382-accf-a4379a1084b9,1782297427.159227,1782297427.265288,106.06,200,0.0687814979992254
ec8def9d-c932-492d-80f8-3dc32ded41a0,1782297427.170642,1782297427.337594,166.95,200,0.06980155900055252
84aff2aa-af1d-4697-aff3-e72bf615b751,1782297427.181124,1782297427.512007,330.88,200,0.08458884799983934
b8fa8997-20b8-4f6b-adc1-5b43940eccce,1782297427.184476,1782297427.511436,326.96,200,0.08359766499961552
f4b4eb24-77eb-498f-985c-87d4a7134588,1782297427.319213,1782297427.587918,268.70,200,0.07542424099847267
ff5fdcb0-5997-4987-a8f4-9c0ecf01e58f,1782297427.380154,1782297427.689042,308.89,200,0.09784582400061481
268a6e2e-af1d-470b-b73f-c7c36d3dcd20,1782297427.462197,1782297427.783492,321.30,200,0.09283555100046215
6a0245c0-31e1-41ec-a8fa-676b0930d4ac,1782297427.462978,1782297427.860100,397.12,200,0.07500564000110899
b97f5e1f-eaee-4e44-a1fc-fee82f62a4ea,1782297427.697771,1782297427.937923,240.15,200,0.07571550400098204
527d40db-1af2-42b7-a581-4bd8b9da6232,1782297427.816089,1782297428.006536,190.45,200,0.06778209100048116
52e3cae5-10c3-4887-93bb-824621e44eae,1782297427.822064,1782297428.285390,463.33,200,0.0909087379986886
29b16dd0-ad34-4452-ae07-a2e5e7f3ae9b,1782297427.832221,1782297428.092362,260.14,200,0.08336461200087797
f0d8ee5a-be2c-4308-8749-0b7d0ba0d661,1782297427.845498,1782297428.284842,439.34,200,0.09384377300011693
4bf2b5b7-c935-453c-a66c-8180ec2e1614,1782297428.073961,1782297428.367849,293.89,200,0.08353773599992564
df457a2d-61d1-450b-9a85-65b0b34ce0ca,1782297428.182163,1782297428.436676,254.51,200,0.06753223099985917
1d45a77f-42c0-447d-8501-a6ed13ae8f32,1782297428.258203,1782297428.505631,247.43,200,0.06743572699997458
a49035c8-a0e1-4699-a847-caeff39ec636,1782297428.272278,1782297428.577493,305.22,200,0.06948014400040847
59d6b020-bb45-4f7c-9eb5-6035b6035f87,1782297428.286407,1782297428.816411,530.00,200,0.12362315300015325
ae2c6332-f303-40c1-9fe3-e30897e72068,1782297428.291496,1782297428.815729,524.23,200,0.10650863200135063
8ecc9c4f-e8f5-406e-900d-9aabbe92c27e,1782297428.459330,1782297428.912330,453.00,200,0.09558211100011249
04784581-f978-436e-84be-e91a11491f48,1782297428.535179,1782297429.059405,524.23,200,0.07211791299960169
f6f398b2-75bb-4be8-9666-4abe590c37f1,1782297428.638604,1782297429.059859,421.26,200,0.07061120199978177
0428e8d2-0b2d-4e1c-8ba5-8e97aede5bdb,1782297428.639581,1782297429.127096,487.51,200,0.06767302800108155
6ffe658f-ab7c-455d-b2e1-e098faa686fe,1782297428.815099,1782297429.197753,382.65,200,0.06858985899998515
52cb5d6a-c5ea-43f1-992d-5b0fc3f62206,1782297428.932041,1782297429.359399,427.36,200,0.0835298009988037
b66d7940-5f11-4fec-b5ee-7cc10cb1c6aa,1782297428.980916,1782297429.359094,378.18,200,0.07307698899967363
bb4b5320-3d65-4742-b36d-4b6210866f41,1782297429.054949,1782297429.428066,373.12,200,0.06763730600141571
4a9deeae-6f13-4ceb-85e4-5df5b87aa218,1782297429.105473,1782297429.567421,461.95,200,0.06834727299974475
c8e5a582-d572-4d1c-adb7-322ead95df49,1782297429.114642,1782297429.567908,453.27,200,0.06810263899933489
04e833ab-ee21-44d4-9111-8eb380e95989,1782297429.123102,1782297429.648451,525.35,200,0.07997262700155261
8ca7cbe7-e1da-4ddd-be25-1af9c7ac68a3,1782297429.126957,1782297429.734488,607.53,200,0.08282722200056014
46ee93a4-ec15-4e7a-a7e6-e6e16aded1a8,1782297429.238590,1782297429.931220,692.63,200,0.11038350500166416
877ca9e9-687b-4f19-a444-41f3a1d8eb3f,1782297429.289613,1782297429.931650,642.04,200,0.07916494399978546
cc4ddaf1-f9d5-461f-acef-d02cea792138,1782297429.359325,1782297430.004344,645.02,200,0.07277246499870671
9aa2b510-55a7-4f8a-9bcc-953830a93547,1782297429.359824,1782297430.179450,819.63,200,0.09155784900030994
c6345611-d5c9-4123-b3a7-cfcee3af231a,1782297429.553822,1782297430.179147,625.33,200,0.07562468699870806
a14625be-9e50-43bf-8742-8a56535e9ced,1782297429.652962,1782297430.316638,663.68,200,0.06770233899987943
7a0b518a-f536-4a6e-b5d5-b70fd32f4d2b,1782297429.666731,1782297430.316983,650.25,200,0.06679359400004614
88e77d99-5076-4665-b843-5cedb100cd85,1782297429.677793,1782297430.385589,707.80,200,0.06805108100161306
442e1304-b79f-418d-b640-384dda18e3f9,1782297429.689116,1782297430.522020,832.90,200,0.066584285999852
9175227f-8b35-490e-8e82-aad9567dfc3b,1782297429.708604,1782297430.522298,813.69,200,0.06608039899947471
091bd8ff-228f-4692-a7e8-c1f9f6db8444,1782297429.750368,1782297430.678225,927.86,200,0.06908976399972744
75d9c344-2b24-431a-8117-d8bfa96a83e1,1782297429.816129,1782297430.679395,863.27,200,0.08340596699963498
06e06acc-9fde-43fa-ba50-022dd787ab4f,1782297429.974753,1782297430.767867,793.11,200,0.0883911180007999
092eb9f9-0f7b-4530-9959-552ac2c3efd4,1782297430.042576,1782297430.866905,824.33,200,0.09696405999966373
498d9d1d-15c6-4149-9781-982681511115,1782297430.091203,1782297431.024658,933.45,200,0.08078666700021131
84186b39-9e4d-4889-891e-d89b364157fb,1782297430.099847,1782297431.024173,924.33,200,0.07194585100114637
cda9955a-2037-4c0b-b352-3328ceb0f51e,1782297430.109087,1782297431.097232,988.15,200,0.07167092400050024
78ed253a-6f5c-467c-98e5-b6b387070004,1782297430.111898,1782297431.171852,1059.95,200,0.07281422500091139
82b2a38f-a598-4ab4-b92c-95127942beb4,1782297430.219238,1782297431.244507,1025.27,200,0.07019371000023966
4e89418b-5017-4f4d-b1f2-e5b978d2fbeb,1782297430.266129,1782297431.314475,1048.35,200,0.06736038600138272
03c449c4-bb01-484e-a3a0-5bc3b33bb4c4,1782297430.330916,1782297431.380760,1049.84,200,0.06574597399958293
89af836e-433c-494e-9ecb-5bd4c3305713,1782297430.331818,1782297431.452851,1121.03,200,0.07018137600061891
f0ecbfca-b051-48ca-928a-f58a9c552d90,1782297430.516806,1782297431.524373,1007.57,200,0.0689830900009838
7f4a6221-17e7-4221-98dc-1eb12823be24,1782297430.610875,1782297431.678157,1067.28,200,0.06790683700091904
4966e8e0-b08d-414a-8a2a-0d343d0a0ca9,1782297430.623955,1782297431.677109,1053.15,200,0.0821428780000133
8bb97114-ff60-46c6-a5ec-7f5eb72ad8c9,1782297430.634125,1782297431.755996,1121.87,200,0.07746204999966722
999b5925-31b5-4217-8e99-66bec46af872,1782297430.644142,1782297431.911636,1267.49,200,0.07874518999960856
87187427-4915-4914-a0e5-123959a98420,1782297430.663453,1782297431.911196,1247.74,200,0.07239812100124254
4ff3f947-4d0a-42e5-9ff7-11bd6dad7f36,1782297430.702209,1782297431.980945,1278.74,200,0.06842176800091693
f34c31a5-8d26-4b11-bcb6-a153225438dd,1782297430.732592,1782297432.055135,1322.54,200,0.07310167700052261
802b0e45-62c4-4542-9e45-032643d02722,1782297430.818062,1782297432.255884,1437.82,200,0.10267865500100015
22e0b211-b941-4d3b-875e-ae77b7fb5f67,1782297430.967983,1782297432.256421,1288.44,200,0.08960883400141029
a913b857-7c9c-460a-b444-65205cae5fb5,1782297431.033890,1782297432.399589,1365.70,200,0.07645033500011778
6f2beacd-d220-4e54-8733-353e5bc8757e,1782297431.078999,1782297432.400090,1321.09,200,0.06321136599945021
5815b5de-6e0a-4f97-aa70-9e4063cbce62,1782297431.087640,1782297432.480697,1393.06,200,0.07940739600053348
b52924ee-61b6-45ee-bde2-6e722a97d069,1782297431.096322,1782297432.584942,1488.62,200,0.10142074999930628
f667db1d-18cf-413b-8c51-36886cc98601,1782297431.098946,1782297432.677292,1578.35,200,0.09069878000082099
978778a8-c70a-45ac-a5f7-30f381a32c03,1782297431.199171,1782297432.870336,1671.16,200,0.10336622400063789
bc273cba-7b14-454e-838a-b98b063bdef9,1782297431.245456,1782297432.870689,1625.23,200,0.08422713100117107
dd6877b4-512e-462a-a89a-70fc39300a08,1782297431.307218,1782297433.215920,1908.70,200,0.11999935900166747
8b72f296-bc6f-41d8-89a0-67e34a947110,1782297431.308710,1782297432.963784,1655.07,200,0.09163104999970528
69c04eea-5e17-4423-995f-10b8ca4dc302,1782297431.484025,1782297433.216588,1732.56,200,0.11743593199935276
90e54e2a-604d-4430-a9c0-05f32d39ae80,1782297431.573854,1782297433.359786,1785.93,200,0.1394236699998146
e278d83b-2978-4d73-af8c-e67fe3f62c6c,1782297431.584430,1782297433.499496,1915.07,200,0.1320414140009234
dcfa14c3-f1d0-4fa0-bc0c-417dae66f08c,1782297431.594289,1782297433.761881,2167.59,200,0.143666967000172
b703f87b-f6fc-434b-b687-d9a001bc7874,1782297431.604852,1782297433.762829,2157.98,200,0.1130955009994068
0c112bbc-3da1-4562-a66a-d7710afbc5b9,1782297431.623345,1782297433.854347,2231.00,200,0.09181383699979051
8769c252-b48d-4a2b-9444-e50ef2dccfc1,1782297431.659726,1782297433.949146,2289.42,200,0.09176661999845237
afb56e55-432e-4ef7-ba93-4125eb9f3fb4,1782297431.689330,1782297434.164118,2474.79,200,0.10219900099946244
e37f78e5-189c-48b3-ade1-cac1b9926632,1782297431.705900,1782297434.165011,2459.11,200,0.09985584499918332
da142bc6-47d0-4caa-8208-38eb00ae0a81,1782297431.818485,1782297434.334359,2515.87,200,0.09135747399886895
2cf51420-13ac-4827-9771-74451d78f496,1782297431.960823,1782297434.334994,2374.17,200,0.0799894880001375
435eda07-572f-4760-9988-08c83dfc15fb,1782297432.023242,1782297434.427085,2403.84,200,0.09073238500059233
72b9f9f9-dabc-45ba-8642-bf7f30983d8a,1782297432.067665,1782297434.604713,2537.05,200,0.07947700299882854
6a8e1e18-cc8f-4a9c-ac64-5af1c3e016f1,1782297432.075200,1782297434.605003,2529.80,200,0.09538509099911607
b278150b-d11d-4999-aea7-bbd0fcc63243,1782297432.083042,1782297434.682442,2599.40,200,0.07610398699944199
dc22e1ac-47e8-4325-8849-80574010c6e4,1782297432.086002,1782297434.785829,2699.83,200,0.10223220599982596
7679155e-ffc7-417f-b6cc-a709b821fedd,1782297432.182447,1782297434.883707,2701.26,200,0.0925532179990114
c92ca5ef-4b32-45e3-8e6d-2270f70c28e1,1782297432.226248,1782297435.039606,2813.36,200,0.07900889300071867
1b23abd0-0ff5-4c8c-bf43-dc106178cf39,1782297432.284575,1782297435.040232,2755.66,200,0.07421628299925942
fbfa1c76-c73f-4117-b87b-c2aee7e0b63e,1782297432.285492,1782297435.133378,2847.89,200,0.09291047300030186
2c14e660-a8c0-4d72-9023-b460e86eb9c0,1782297432.452569,1782297435.229526,2776.96,200,0.09406716200101073
83c1ce17-13c3-452b-92a6-fc6a3e986f1f,1782297432.537949,1782297435.313141,2775.19,200,0.08015488099954382
5bbfd319-6e5b-4b25-989a-7546e04eba6b,1782297432.549120,1782297435.504970,2955.85,200,0.10080111199931707
fd969f9f-52f4-4762-8631-914ba88208f7,1782297432.558271,1782297435.505294,2947.02,200,0.07685047999984818
ffcc3ca3-4b37-4dc6-8ec4-0c1bc0be820b,1782297432.567967,1782297435.658692,3090.73,200,0.08078954099983093
38f3d33d-cfcc-4a66-a890-3eed88738f72,1782297432.585487,1782297435.659010,3073.52,200,0.06935269499990682
bdb95342-1249-4c69-b53b-89bb4213d421,1782297432.620363,1782297435.739974,3119.61,200,0.08052691500051878
547c0cba-0492-42ef-a2c6-94e5dcfb909f,1782297432.647110,1782297435.811929,3164.82,200,0.06885749100001703
7046604a-6b3d-45b9-80b0-f7a2fcfc39b0,1782297432.663889,1782297435.896827,3232.94,200,0.08218685199972242
e0d5facc-df49-4cd0-bf73-71a1bab60735,1782297432.709084,1782297435.974356,3265.27,200,0.07682329599992954
26a4af1c-6bac-4d60-9ecb-d78bd7484441,1782297432.824567,1782297436.135712,3311.14,200,0.07895336999899882
de8f9bf4-d3d1-4169-aea8-c0784cbffbf4,1782297432.982193,1782297436.136465,3154.27,200,0.07644803999937722
f563f68d-75b5-410e-b126-98ad7c3795eb,1782297433.051536,1782297436.368770,3317.23,200,0.11787289399944711
e867181e-4dd1-4304-8f85-26b58f86dc00,1782297433.100156,1782297436.369260,3269.10,200,0.10966299800020352
2e571d9b-9c62-4828-afb6-0cf0cb4a8152,1782297433.108751,1782297436.455400,3346.65,200,0.08555022699874826
7302005b-f1d1-40f5-bb00-ea68e663f233,1782297433.117680,1782297436.533206,3415.53,200,0.07688909600074112
0ad1eda6-5757-49fb-86bf-32dc64b6305f,1782297433.120384,1782297436.704314,3583.93,200,0.09346703899973363
262a8842-6867-4574-b572-f0b18c165a92,1782297433.227956,1782297436.703699,3475.74,200,0.07081248400027107
4b7f51df-ec57-4198-a053-951ab187c60f,1782297433.275506,1782297436.787082,3511.58,200,0.08247490100075083
449d56ec-6e95-4d0f-b9c8-7837ead60a89,1782297433.339981,1782297436.870873,3530.89,200,0.07927234399903682
cb03a5d7-dfdc-4f4a-97ac-181cf554cd43,1782297433.341762,1782297436.966746,3624.98,200,0.09466781499941135
69a1b42d-a0d6-496c-a460-8095d9b90033,1782297433.527043,1782297437.048670,3521.63,200,0.08074993799891672
cfd42627-e44e-4cf1-a038-992cdeda8e61,1782297433.618978,1782297437.341155,3722.18,200,0.12778404399978172
8d21f2d5-f343-4c2d-bb63-51164f62560b,1782297433.632347,1782297437.341997,3709.65,200,0.1526708609999332
79d1c136-8ac6-4f33-a296-34364ba98806,1782297433.642543,1782297437.430604,3788.06,200,0.08859217600002012
d1fc9513-dce3-4b93-bc46-0254f89764cc,1782297433.653096,1782297437.501469,3848.37,200,0.06956312100010109
f251729e-f86f-4f14-9fba-87ea9418bef2,1782297433.672482,1782297437.573570,3901.09,200,0.07099909100179502
115f7149-268e-4ca7-bd2a-50c766cd35ed,1782297433.712067,1782297437.650230,3938.16,200,0.07506197899965628
2dc5bc40-7471-4156-9334-9438416d7d88,1782297433.741696,1782297437.716821,3975.12,200,0.06531241700031387
f052dc48-c34a-4598-b5be-68671cdd353c,1782297433.832965,1782297437.788058,3955.09,200,0.06136622700068983
fe9dfdf1-ae51-48d2-ac1c-a3e14a537819,1782297433.998837,1782297437.868749,3869.91,200,0.07944234000024153
761cd91f-0d57-424a-8287-8df3502b25e0,1782297434.072259,1782297437.943909,3871.65,200,0.07385745899955509
8c907f4d-20e0-4542-9a08-ea338e8dc52f,1782297434.121822,1782297438.017139,3895.32,200,0.07196093600032327
8e50aa04-9745-41bf-9c4d-9a5e3d68cb97,1782297434.131646,1782297438.109844,3978.20,200,0.08010495999951672
cf13c0d2-f35a-41b6-919c-91667b6e9bab,1782297434.140811,1782297438.205587,4064.78,200,0.09215903299991623
e14e06d7-6de7-49bd-b408-72a09943e9d8,1782297434.144787,1782297438.293908,4149.12,200,0.08796332700148923
3442badb-91ea-4311-8b95-75e887f49824,1782297434.256286,1782297438.398127,4141.84,200,0.1003540530000464
d2bccce9-319e-47fd-b39f-b52208b649ad,1782297434.306988,1782297438.575131,4268.14,200,0.089314849999937
15b30ab7-7057-4b87-a6c3-4b04d7b82bdc,1782297434.375667,1782297438.779146,4403.48,200,0.09956084599980386
df303456-70d3-41eb-9b4f-64c47f169a74,1782297434.376721,1782297438.574795,4198.07,200,0.08195000699925004
c289e37c-586d-44ff-a0e7-a2eaea0e695f,1782297434.572033,1782297438.779469,4207.44,200,0.0980591560000903
73aec162-c595-4e25-a946-57ba55f4bc24,1782297434.670467,1782297438.967869,4297.40,200,0.09434552300081123
c19192d1-a5fb-440f-b27a-002aba288e47,1782297434.684373,1782297438.968202,4283.83,200,0.0892190330014273
9b6368b4-a1dd-452a-98d0-97126a8442d0,1782297434.696071,1782297439.058914,4362.84,200,0.0894278050000139
471d5428-8d0d-4249-bacb-52b607649436,1782297434.707918,1782297439.147611,4439.69,200,0.08589908900103183
ee27c57b-ba45-4723-9161-ebc8844c769b,1782297434.726180,1782297439.233072,4506.89,200,0.08358322500134818
6ddf3244-4977-4a1a-91f2-4aeac1b1717c,1782297434.768040,1782297440.184648,5416.61,200,0.0813020220011822
6bc7cace-5866-4a74-9039-7a3b05311c33,1782297434.834614,1782297440.185616,5351.00,200,0.11206970900093438
795d7a48-e535-4815-97ad-5e0c7d5d69c2,1782297435.001017,1782297440.272178,5271.16,200,0.08636170200043125
5d908c93-e168-4f85-b84e-69d377c2fb15,1782297435.073951,1782297440.339630,5265.68,200,0.0659624130003067
f91bc875-d373-4d67-84ba-3ab328c2e123,1782297435.124400,1782297440.485518,5361.12,200,0.07274976200096717
36700ab8-28c8-4114-84c0-9323ee2cd2a9,1782297435.133875,1782297440.485193,5351.32,200,0.06918709400088119
7d4ab12c-7841-4712-a8b1-a7c7d80e8ac3,1782297435.143466,1782297440.549340,5405.87,200,0.06316656000126386
695b04a8-dc43-472d-bde5-55f6c191bd78,1782297435.145981,1782297440.727126,5581.14,200,0.08993979499973648
67a4313d-6f09-407c-af90-e73940337e13,1782297435.258811,1782297440.726688,5467.88,200,0.08155047499894863
648e84c4-6dcc-4b64-8aac-1fa357e0de65,1782297435.309591,1782297440.813214,5503.62,200,0.08573964400056866
967a7c12-051d-4580-8568-e89b020779ec,1782297435.377977,1782297440.993179,5615.20,200,0.08987488800084975
11bde53b-45d5-4fa4-bc16-a19fada97c3d,1782297435.378941,1782297440.896606,5517.66,200,0.0821582419994229
66d722c8-b011-4d7d-aced-592fb6da4c14,1782297435.573189,1782297441.176610,5603.42,200,0.09210936299859895
77bf03b7-0d2e-4e5f-9a8d-b2485870d9a3,1782297435.673107,1782297441.176271,5503.16,200,0.0878383399995073
1aa7b5a7-c6de-4bdc-9448-baf370097cbe,1782297435.686612,1782297441.260586,5573.97,200,0.08323557799849368
679c4ad9-2790-433e-bc4d-f65c9d3f676a,1782297435.698409,1782297441.334347,5635.94,200,0.06225933699897723
6de4efc3-dd07-433e-83a8-9ccd375e073d,1782297435.708349,1782297441.429878,5721.53,200,0.08969185299974924
f3fe66b7-f2a7-4a1c-b05a-4133bbabed43,1782297435.728323,1782297441.608852,5880.53,200,0.09394122699995933
066b7c5a-48af-45b2-bc39-f8f179bff9ed,1782297435.769957,1782297441.608498,5838.54,200,0.08021616299993184
2477a7f6-3b21-464a-b701-2159dc15fd35,1782297435.841235,1782297441.756405,5915.17,200,0.08051892100047553
828a624a-7b17-42de-b332-80543f4da15a,1782297436.006278,1782297441.755915,5749.64,200,0.06432413299990003
1320a240-c9ce-45ed-a305-bdd659b2dc6a,1782297436.080906,1782297441.821764,5740.86,200,0.06582765900020604
bcd9c399-e1ed-4a77-a26c-3560e0e141ce,1782297436.130852,1782297441.960153,5829.30,200,0.07323576500130002
70bddae9-a0db-4bbe-bbf3-cb016f95fd0d,1782297436.139925,1782297441.960402,5820.48,200,0.06124012500004028
6f6863f5-fff3-4735-a252-93f22c1e5777,1782297436.149572,1782297442.109455,5959.88,200,0.07020477699916228
288b54c2-b210-4edb-96ed-df675d2e8719,1782297436.153245,1782297442.109000,5955.76,200,0.0760255410004902
ccdcb968-d80d-4fcc-acdf-663e4d77f98c,1782297436.264382,1782297442.319931,6055.55,200,0.09288868900148373
b97d41c6-1a1d-429d-965e-ba636c5c80d9,1782297436.315486,1782297442.319313,6003.83,200,0.10917375000099128
e6d145bc-b79d-420c-8f5f-6faa38e2317a,1782297436.383866,1782297442.405902,6022.04,200,0.08744777699939732
d0c313a8-bfbc-4763-8c74-134183dbe07c,1782297436.384632,1782297442.501629,6117.00,200,0.09274266600004921
9c0c66c3-7d97-4fb7-b5db-b0c7fdaaaf59,1782297436.580187,1782297442.590215,6010.03,200,0.08555497499946796
801eef4c-8d3f-4d76-8ff7-6f56f2ff7087,1782297436.678555,1782297442.678492,5999.94,200,0.08652765399892814
dadb7e6b-05fd-47b4-b87c-116e5a41b7f0,1782297436.692307,1782297442.761067,6068.76,200,0.08125655699950585
fd0da5e6-232e-4050-9648-3a02ff5d9146,1782297436.704519,1782297442.837019,6132.50,200,0.07443179300025804
ebcd69e5-a8f5-4927-a712-f48e60637162,1782297436.714463,1782297442.912264,6197.80,200,0.07398477000060666
711b311a-ff16-451b-8257-2def7af6096e,1782297436.735811,1782297442.989975,6254.16,200,0.0764713889984705
b6f8faaf-a07e-4390-be97-a3a28582f643,1782297436.776627,1782297443.052800,6276.17,200,0.05989819499882287
5686f1e3-395a-45f0-b37d-8781971c09c3,1782297436.849510,1782297443.131610,6282.10,200,0.07711279900104273
d6409b62-0172-47e4-8c22-f653a63aec50,1782297437.064026,1782297443.216731,6152.71,200,0.08473251299983531
94d521d5-8bbe-46bc-b1ac-ac67bcf2310a,1782297437.157650,1782297443.286542,6128.89,200,0.06874711699856562
1a6f349e-86c8-490e-955d-45f66851b2ad,1782297437.223082,1782297443.345719,6122.64,200,0.057854268001392484
f3e0fe5b-53e3-42ff-bae5-5278c5160940,1782297437.235064,1782297443.425220,6190.16,200,0.07663392599897634
b99ee2aa-8027-4409-9bf1-a5d04bcaee16,1782297437.246766,1782297443.581639,6334.87,200,0.08626481899955252
bd5a076f-afd6-4b57-89bf-b329b1fa0cae,1782297437.251432,1782297443.581935,6330.50,200,0.0677691879991471
a93c6dac-66b6-4018-b212-00b95ebe3cbf,1782297437.394612,1782297443.641315,6246.70,200,0.0588402400007908
84f707b6-c84d-4df2-b017-203a8a3facde,1782297437.460025,1782297443.776847,6316.82,200,0.06395050200080732
cc65b40f-779e-4190-8186-6ceedcdbdb40,1782297437.548145,1782297443.777183,6229.04,200,0.06776224900022498
6dcbe4ae-b48d-44c2-bb28-44fe2e04f528,1782297437.549479,1782297443.920292,6370.81,200,0.06919347300026857
ba3f23d7-26ee-41bc-88fa-b4106a4e0ae4,1782297437.800469,1782297443.920633,6120.16,200,0.07008881399997335
0eb1cabe-d046-4a09-a440-c0aca81799ac,1782297437.847963,1782297444.005689,6157.73,200,0.07996155099863245
c46cc7ad-ce12-4b6f-9247-8e8cffed2f9b,1782297437.928079,1782297444.140501,6212.42,200,0.07796604599934653
23b15c9c-bd08-4611-bbd8-f8631a3278f8,1782297437.944203,1782297444.139994,6195.79,200,0.0537805189997016
902dbded-60a1-4f7e-92b7-960aab76b76c,1782297438.036135,1782297444.204900,6168.76,200,0.06490493199999037
16b38904-b3eb-45be-a441-a9d53a66cf19,1782297438.117167,1782297444.308884,6191.72,200,0.10110949199952302
3e86751e-c133-4926-8726-0db1aa1aa98d,1782297438.174068,1782297444.422069,6248.00,200,0.11127736900016316
f491bbe6-03ad-4f9a-a090-fb3e7789ee2d,1782297438.185261,1782297444.529027,6343.77,200,0.10507184400012193
0bf3ec95-ffe3-4485-980e-71578b3397b5,1782297438.195486,1782297444.610072,6414.59,200,0.07975297500161105
abe54fc3-7f40-43f5-9fbf-2df3379f2819,1782297438.199131,1782297444.684256,6485.13,200,0.07303484099975321
a3c490fc-532e-49c8-9a7f-d43be73ddbab,1782297438.325020,1782297444.744422,6419.40,200,0.058816310000111116
61206717-c922-4b1d-9e5f-61c5ba313508,1782297438.384106,1782297444.908272,6524.17,200,0.08158444699984102
4cf395bc-f964-46cb-bb0a-4773ef016481,1782297438.460027,1782297444.908615,6448.59,200,0.07626457600053982
43fb6f3b-afbc-4d1e-b90a-713efd1e5b94,1782297438.461035,1782297444.975397,6514.36,200,0.06693127200014715
2fee578a-b486-44d9-b505-4f383fcbf1f3,1782297438.679648,1782297445.036078,6356.43,200,0.059484358000190696
28208527-899a-4ad0-aa9c-9908445b7824,1782297438.791068,1782297445.113358,6322.29,200,0.07641206100015552
c28702ea-0621-4ece-a56f-ee85db2dcf97,1782297438.807376,1782297445.280329,6472.95,200,0.08278341699951852
00d2683a-ebbf-4d18-8f89-be9627265975,1782297438.819868,1782297445.280080,6460.21,200,0.07775256800050556
3b24f7af-2f95-4a2c-bef7-b182a90a3b7f,1782297438.831560,1782297445.348353,6516.79,200,0.06799464899995655
8cfb99c7-f94c-4f5e-9be6-dac64dce5135,1782297438.854205,1782297445.433783,6579.58,200,0.08268076599961205
f4d1d326-cfa0-4542-a6d5-907f5ac5db86,1782297439.069050,1782297445.526102,6457.05,200,0.09155069299958996
a11e2dc0-b7a6-4c5c-98a7-4b713e3ff84a,1782297439.162504,1782297445.590493,6427.99,200,0.0632720360008534
35d2fbc8-5aca-4ed4-b9ec-ef5620090f06,1782297439.227575,1782297445.649871,6422.30,200,0.058144291999269626
7c0a38a9-2fb6-4c2d-92fa-3e2b76c708f5,1782297439.240068,1782297445.720619,6480.55,200,0.06955711299997347
f2894e7a-bbf7-48fa-91cb-4be29704677c,1782297439.252090,1782297445.883856,6631.77,200,0.08180942500075616
99c0fa1a-46d4-43a9-b2b3-4233a5cfbb8a,1782297439.255871,1782297445.884181,6628.31,200,0.07568517999970936
b1b14531-d9dc-467e-84e1-a5902be82e49,1782297440.209789,1782297446.014723,5804.93,200,0.06694121900000027
24391642-fcf4-4a61-9885-a35a78a63344,1782297440.296849,1782297446.151523,5854.67,200,0.07034958199983521
e82e1614-5704-4b22-83e1-f39b52fc49b1,1782297440.298082,1782297446.152061,5853.98,200,0.06325910799932899
a12de3e2-6e9c-4eb0-9a4a-7647c37e6903,1782297440.548740,1782297446.289423,5740.68,200,0.067419411998344
f94bc72e-424a-4a59-99f6-b767a21cc82e,1782297440.598544,1782297446.290090,5691.55,200,0.06751009599975077
a0def6d7-d4df-441d-9155-2fd313374e89,1782297440.676724,1782297446.355176,5678.45,200,0.06240417700064427
51be9292-8c32-4a8c-af73-b2701a501bbb,1782297440.693719,1782297446.438909,5745.19,200,0.08034059300007357
1fe2dd71-cc26-4edc-af42-aa37fdefc2e3,1782297440.796606,1782297446.613450,5816.84,200,0.08200184999986959
1e959798-a816-4dbc-a31d-503ee6a68ef8,1782297440.884843,1782297446.613021,5728.18,200,0.09020860100099526
5eebbbca-93c5-42ec-8031-eed2dd3019cd,1782297440.945421,1782297446.790174,5844.75,200,0.09414923800068209
25a11430-a4bf-44c2-ba57-900f58be9c7b,1782297440.956803,1782297446.789886,5833.08,200,0.07690476000061608
56e12d5d-753c-4e16-9575-50b1b9b229dd,1782297440.968335,1782297446.847255,5878.92,200,0.05732245600120223
44b6b0ea-cb85-4fee-92ac-4530d72c36ea,1782297440.972115,1782297447.035664,6063.55,200,0.09955762599929585
b9cc2068-1caa-4eb4-9ef8-4f486abbb6a0,1782297441.105530,1782297447.036035,5930.51,200,0.08162064600037411
88626648-948f-4e73-b9fb-8138607359db,1782297441.167313,1782297447.122432,5955.12,200,0.08442733499941824
2f78a622-53e3-44e3-924d-bef7885a7430,1782297441.249004,1782297447.219312,5970.31,200,0.09116526400066505
92730f82-7ae1-4c1d-87c8-41edb8173c43,1782297441.250021,1782297447.407725,6157.70,200,0.11011462600072264
e86e4d3b-bc9c-4c35-8be0-b61391682865,1782297441.484479,1782297447.408427,5923.95,200,0.07606559899977583
843daf44-d8e2-4f36-a73f-fa4fc7dca097,1782297441.602516,1782297447.578332,5975.82,200,0.08545942199998535
c4378aaa-e078-419b-bfa5-3b42d43af938,1782297441.603640,1782297447.491702,5888.06,200,0.08222475300135557
d83e1bf1-3d97-45ea-8ac8-8e9caacec56f,1782297441.619649,1782297447.682748,6063.10,200,0.10319034699932672
92ce525d-3bc1-410e-b89c-6bfbba4cf050,1782297441.632476,1782297447.749924,6117.45,200,0.06544578399916645
72912341-2e78-4bc8-aa6f-f2aeeb99e5bb,1782297441.816600,1782297447.828643,6012.04,200,0.07741886300027545
145f9c35-f4a7-4d04-a782-e88d913ce97b,1782297441.910310,1782297447.906071,5995.76,200,0.07492728800025361
06522284-3017-4e51-9add-0481f3c29f4e,1782297441.975760,1782297448.101468,6125.71,200,0.08952571200097736
957e484d-7013-48f3-a091-8f7c3364c28e,1782297441.988111,1782297448.101877,6113.77,200,0.10003783300089708
2e66a19c-0d1b-4b1a-8bb4-3891edf09f54,1782297441.999890,1782297448.183781,6183.89,200,0.08143318500151508
2cbaae53-6e6d-46db-a55d-24af089de12a,1782297442.003849,1782297448.260496,6256.65,200,0.07527017800020985
bcf3af96-570f-431f-b754-817d83bed16a,1782297442.148693,1782297448.425939,6277.25,200,0.07693675200061989
e7485957-bccb-467c-9940-c4c05205f81a,1782297442.214184,1782297442.342984,128.80,200,0.11545792000106303
d4014d15-b5a1-4c94-a513-238f1a5b3326,1782297442.302225,1782297442.436913,134.69,200,0.09219755699996313
e1699069-a11d-4414-b46b-dab6b198ed42,1782297442.303450,1782297442.531737,228.29,200,0.09355295200111868
27d09717-5efb-4ce0-80f5-2c6f0a885e39,1782297442.553552,1782297442.645232,91.68,200,0.0814309580000554
debfa12e-b387-4e04-b50f-e121f7401079,1782297442.611861,1782297442.738317,126.46,200,0.089863590999812
3b7e4fbc-8bb0-4f6e-9b4e-3d193d9237c8,1782297442.680873,1782297448.426282,5745.41,200,0.07461082299960253
21ef6cbc-3a31-4559-9553-fd1aa1adae26,1782297442.697927,1782297442.818742,120.81,200,0.07968171699940285
d4fc63e0-33be-4208-b459-b1ffb0a9515a,1782297442.862039,1782297442.953647,91.61,200,0.08360721800090687
cc20f37b-f7f2-4ab8-8643-3e6313fde000,1782297442.973656,1782297448.629770,5656.11,200,0.11476295300053607
07fe72a5-8f85-47bc-97d2-f32208140c81,1782297443.049097,1782297448.630385,5581.29,200,0.08493192000059935
fcaa5505-6b5a-4733-a943-abbb1995dd0f,1782297443.062784,1782297443.153118,90.33,200,0.08010224399913568
c1661000-8d9c-4b5e-93b2-5a9eb6011781,1782297443.075965,1782297448.814199,5738.23,200,0.10548098700019182
e7707ab9-bd73-402a-8ba7-e59c2790a412,1782297443.081601,1782297443.241295,159.69,200,0.08785876500041923
9f47ba35-25d0-4b22-bc2f-c365ced2acf4,1782297443.248815,1782297448.814526,5565.71,200,0.07480866299920308
08de222d-8264-423b-8d55-45276989c6ee,1782297443.326103,1782297448.889184,5563.08,200,0.07362399100020411
ec457942-cd19-4e28-84f1-e32b64f232d8,1782297443.428154,1782297443.511036,82.88,200,0.07430041900079232
a782ef60-02b8-43c8-94f0-1e0bf243fd9f,1782297443.429727,1782297448.961330,5531.60,200,0.0707238889990549
034ce02f-933c-43c9-8b4c-6b4dc6022f91,1782297443.612831,1782297449.130785,5517.95,200,0.08100756999920122
d233a365-7275-4370-9a0c-56904e971fd0,1782297443.721584,1782297443.792169,70.58,200,0.06396874100028072
9b24769b-d8d4-4a00-bc35-6cca63657716,1782297443.863443,1782297449.130279,5266.84,200,0.08352694400127803
bcdb42ea-5d86-4ba1-a642-c96f036df9a9,1782297443.973042,1782297444.044146,71.10,200,0.06435891000000993
dd8ab5a2-4b1d-4b40-a79c-1a1517a1b66e,1782297444.049702,1782297449.213331,5163.63,200,0.08192859799964936
3126ac08-67e8-446b-aa7f-3efcf01d8db5,1782297444.064634,1782297449.303939,5239.30,200,0.08860792199993739
867ee75b-c831-40d1-80c5-7b62fde82464,1782297444.078270,1782297449.380530,5302.26,200,0.07527176599978702
39c0ef6b-48a4-4c4d-a0d7-ba03e2042220,1782297444.082317,1782297449.449840,5367.52,200,0.06706658599978255
6b70d34f-cdba-4792-80a9-6e49ee016421,1782297444.250513,1782297449.536855,5286.34,200,0.08444056600092154
c248c042-a523-4f61-8f42-f61aecfdd144,1782297444.327842,1782297444.471482,143.64,200,0.12514239700067264
1f172fbd-2fcf-46ba-8008-be91927b92ac,1782297444.429857,1782297449.713464,5283.61,200,0.09056138999949326
fae9235d-e153-4aa1-a4f6-5bdae9467c92,1782297444.431588,1782297444.582291,150.70,200,0.10826292599995213
2642cc3d-bb15-4716-b570-77b35fab2a22,1782297444.616541,1782297449.712981,5096.44,200,0.07937571100046625
c59f0c79-4142-4bae-b062-3fbb9447f3cc,1782297444.722880,1782297444.788754,65.87,200,0.059879958998863
856cab13-d82e-4cf9-b887-5f1edf14db1e,1782297444.846885,1782297444.914944,68.06,200,0.060927884000193444
769f4958-4f9d-485c-ac68-91c1ff6e7202,1782297444.947892,1782297445.020841,72.95,200,0.06498565199945006
65a0f511-4a94-462c-9d36-39e1e0154d20,1782297445.017759,1782297449.820728,4802.97,200,0.10336090899909323
038c860c-c638-4107-b490-291d42d82999,1782297445.031488,1782297445.103866,72.38,200,0.06562195699916629
b55ce916-7640-4367-88ea-1761cf85f460,1782297445.044657,1782297449.903306,4858.65,200,0.08075476800149772
4288e741-86d2-42af-b0b8-e0b5d17a92c3,1782297445.048243,1782297449.983082,4934.84,200,0.07817468599932909
8fae8d56-e012-4679-adca-812d9ff08e74,1782297445.203467,1782297450.126601,4923.13,200,0.06827869799963082
0d056f02-d0b1-426f-a149-b524499fe38b,1782297445.274384,1782297445.351596,77.21,200,0.06817683400004171
78979f00-ed70-4184-af9f-9e0548404734,1782297445.369054,1782297450.126282,4757.23,200,0.07288080900070781
086e6db7-9d63-4b30-bfcb-3404ee212476,1782297445.370100,1782297445.459805,89.70,200,0.08278369300023769
10961fd0-afa8-47e1-91ce-ee1a9ebb2681,1782297445.619226,1782297445.694112,74.89,200,0.06235123100123019
28a66f64-9846-4d09-bd7c-fa0d0234bdcf,1782297445.640377,1782297450.197413,4557.04,200,0.0698527490003471
b5b84da3-309b-4218-a385-4adb93c594f5,1782297445.777426,1782297445.858650,81.22,200,0.07128439499865635
117870fb-4d14-4014-b5a6-875797908832,1782297445.871540,1782297445.948804,77.26,200,0.06936927899914735
c1b82984-4687-435e-b062-28aefc8d59af,1782297445.979346,1782297446.050736,71.39,200,0.06500037300065742
e1d4ce5b-8190-4e35-b035-179b1972cc92,1782297446.055209,1782297450.274014,4218.81,200,0.07334055999854172
aa4c5f53-3aa3-42dd-aea5-8568db575686,1782297446.070290,1782297450.348554,4278.26,200,0.07117083699995419
41a4abe4-285a-464a-bbd1-21eb5a376444,1782297446.084340,1782297446.157686,73.35,200,0.06644676900032209
a0c156df-9ec4-4232-91a6-ec33e2005048,1782297446.088887,1782297450.454332,4365.44,200,0.10129655299897422
6d9f5cb5-08de-499b-8fcb-cd0bca28ae27,1782297446.256315,1782297450.614303,4357.99,200,0.08162616899971908
aba103a9-9609-414e-bb97-07a754bb8461,1782297446.333510,1782297446.416443,82.93,200,0.07440691700139723
997f9d57-daf8-4868-9168-26fefb9954bb,1782297446.436058,1782297450.613886,4177.83,200,0.07456307099892001
4c1d9b4e-2bb2-41e3-b0b3-d3c5f9ae8d3d,1782297446.436792,1782297450.685783,4248.99,200,0.07110355500117294
1eff8635-7c85-4166-87d6-d08690380591,1782297446.624138,1782297446.728553,104.42,200,0.08679923599993344
ec3e3141-3edd-4878-90cd-e7773a01dda0,1782297446.729226,1782297446.808649,79.42,200,0.07274796100136882
a9c8acfc-acab-434b-8b1b-129b4eb9b2c2,1782297446.874572,1782297446.961592,87.02,200,0.07917245799944794
19fcd475-d1f1-4653-b092-4425c87526d7,1782297446.985155,1782297447.066883,81.73,200,0.07357154599958449
116019af-622f-43ed-9abc-6f178546c721,1782297447.060500,1782297447.171492,110.99,200,0.09998969099979149
7e564aa3-b53c-464f-95e6-0c2fd335efb6,1782297447.074523,1782297447.255701,181.18,200,0.08189885899992078
5a3af7df-429c-4372-9273-62fdbe96aeb6,1782297447.089904,1782297447.350861,260.96,200,0.09391162300016731
c8aa015b-fd38-4dc5-b58a-cd6bf9b18d65,1782297447.094135,1782297447.545627,451.49,200,0.0922024710016558
73fae872-46d5-4af1-a19c-4ccd47cf896b,1782297447.261427,1782297447.545274,283.85,200,0.09576598499916145
dfb309c4-7f83-4eee-93d6-5ade3c4d5b70,1782297447.338092,1782297447.644227,306.14,200,0.09262892900005681
7387a7e1-733e-46a1-85e4-3a94a86647ec,1782297447.441443,1782297447.725164,283.72,200,0.08396034799989138
179c733d-bb51-4685-bdd9-7db969a5f525,1782297447.442272,1782297447.799875,357.60,200,0.07320557200000621
3e34998a-b926-4c63-9e80-eee230c4ed3c,1782297447.620891,1782297447.896207,275.32,200,0.0905075989994657
9baef345-766b-45e6-b14d-a210f23d8cb4,1782297447.735630,1782297447.977402,241.77,200,0.08030676799899084
d8aa9581-27b8-463c-aaa0-4f4d93b55417,1782297447.834670,1782297448.059929,225.26,200,0.07918885999970371
0ddcf5ff-30f6-4e27-b2db-5641f410462e,1782297447.928900,1782297448.144504,215.60,200,0.08385640599954058
23729461-4b4e-441d-9cdd-47cc376a2148,1782297447.994230,1782297448.229500,235.27,200,0.08376942799986864
e4ec2b24-54b1-4fe2-b81f-40f85fe3a66e,1782297448.005991,1782297448.397034,391.04,200,0.07682709399887244
6767a33f-4b35-49e1-afe3-8b0f12f1f53b,1782297448.018569,1782297448.397607,379.04,200,0.0869945189988357
43a50704-a6ce-4435-8530-8475810d5f8e,1782297448.022755,1782297448.503057,480.30,200,0.10232389400152897
b20c46c7-5655-49c0-901f-e4e1ce3c7427,1782297448.166017,1782297448.600221,434.20,200,0.09612096099954215
596b7dc5-dcd2-499f-9acd-358beb488c2c,1782297448.231916,1782297448.690565,458.65,200,0.08841072100040037
28eb25d3-eb0c-4117-bdf6-7d98040beafc,1782297448.320832,1782297448.856829,536.00,200,0.08882847899985791
804b615e-a4b1-44cd-850e-e622b45d8dd9,1782297448.321547,1782297448.856413,534.87,200,0.06983921100072621
b63e185b-0802-478a-b04b-c9c16d71f8e2,1782297448.572183,1782297448.930816,358.63,200,0.07382567399872642
33d2ebc1-8bbe-4ffa-8c34-325b207dbff8,1782297448.628939,1782297449.015887,386.95,200,0.08270159599851468
53d7b25f-ddd9-41e9-bc49-f7782740ee89,1782297448.699399,1782297449.101957,402.56,200,0.0838992139997572
17e73e6f-1f49-48cf-a726-eff51aac725b,1782297448.716169,1782297449.258715,542.55,200,0.08016235200011579
89b7b5a1-55bd-41f1-9e87-89d3f350e02b,1782297448.859126,1782297449.257952,398.83,200,0.07250634499905573
090f6957-77e0-4188-b589-2d2c363f8670,1782297448.960737,1782297449.369128,408.39,200,0.09918271999958961
0d7df1ac-dba8-43c6-8460-9b80ae352aca,1782297449.030756,1782297449.455730,424.97,200,0.08290418900105578
8b36e53e-d651-48b6-ad55-79bb21662dd5,1782297449.043979,1782297449.549949,505.97,200,0.09301282500018715
47c34997-1fb6-4f42-bfa7-63bfffd7f8a2,1782297449.056901,1782297449.700036,643.13,200,0.07427887700032443
36201a25-0f10-49e5-bb1c-2950439b3015,1782297449.061417,1782297449.700662,639.25,200,0.07241018700005952
8c6c5acd-b8b4-435f-ac0a-a42df86c322e,1782297449.216113,1782297449.784860,568.75,200,0.08338811400062696
94c1d4f6-c8e5-4ba8-84a5-39c97b42a355,1782297449.286787,1782297449.854401,567.61,200,0.06853592299921729
67deed01-7a36-4f1e-9a69-eca68905ac8d,1782297449.381674,1782297449.932441,550.77,200,0.07661090900001
9b72dc13-8fba-4b85-8a27-5f509efffa7e,1782297449.382438,1782297450.104931,722.49,200,0.08815899900037039
a89a1ef4-fdf3-4c27-9385-712b721dd0c2,1782297449.634798,1782297450.104969,470.17,200,0.076963210998656
04dc1ec4-87d4-4ec7-a5d2-11666b9a0a22,1782297449.652392,1782297450.268264,615.87,200,0.08262282899886486
b96220f2-9222-4e7b-9db8-e88582cac1dc,1782297449.790540,1782297450.268524,477.98,200,0.06913118199918244
af086a16-c9f3-4373-b1f7-49d87a894e2a,1782297449.907628,1782297450.407315,499.69,200,0.0659108109994122
ed4ea89f-e238-47fc-b38f-f48912e98212,1782297450.027482,1782297450.407613,380.13,200,0.06977579199883621
7c63cc35-8ccb-459a-b7cd-b4deb2d449e2,1782297450.110668,1782297450.494711,384.04,200,0.08650125900021521
0bb6a32f-8174-4b52-bd75-c88e62706973,1782297450.125833,1782297450.572570,446.74,200,0.0762027759992634
9a2fe169-9475-42b0-a251-595c81b3f59c,1782297450.141300,1782297450.642589,501.29,200,0.06866568599980383
b35a93ee-67a6-4dda-b881-f31aee6a1424,1782297450.147159,1782297450.722865,575.71,200,0.07757512100033637
dc746813-3c37-4453-ab76-dbebbeb774a8,1782297450.330487,1782297450.874134,543.65,200,0.07428031400013424
5fea4a24-0fc2-4d19-8193-7bbf166ca12b,1782297450.412983,1782297450.873849,460.87,200,0.07421733400042285
0e8acfe5-ddf5-41c3-b5f8-740102ded929,1782297450.525196,1782297450.947222,422.03,200,0.07086310599879653
1d8c09dc-d2b1-43e7-9664-256cf7383328,1782297450.526918,1782297451.074856,547.94,200,0.06752803299968946
027f1939-41ef-4052-9f9f-78b099902176,1782297450.639388,1782297451.075504,436.12,200,0.058035253001435194
bf8272eb-7c8a-4883-94e4-8777fed170c2,1782297450.912851,1782297451.134573,221.72,200,0.058491722998951445
bce75cc7-0e94-4309-b8a9-314de427d766,1782297451.033785,1782297451.202348,168.56,200,0.06637710300128674
ff3efc17-d8be-45ea-9340-c788a7bd9bd9,1782297451.115243,1782297451.257636,142.39,200,0.0543974669999443
ab01211e-5df6-440f-acad-ac2ad6ab0d37,1782297451.130539,1782297451.326104,195.56,200,0.06728280700008327
f69cc56c-9967-4388-b0ec-8299e5eee225,1782297451.146108,1782297451.393132,247.02,200,0.06518348999998125
2fd6d170-a740-467a-b18d-8220901e0f56,1782297451.151847,1782297451.451137,299.29,200,0.05708799199965142
37e1d03a-ef65-49f1-b2e0-52212fc54758,1782297451.334558,1782297451.612738,278.18,200,0.08191844999964815
821f5406-f1ee-4a81-b3db-928bd538a22f,1782297451.417546,1782297451.612490,194.94,200,0.07608815900130139
750252b3-c685-44b2-aff9-a41cbafc06ce,1782297451.529652,1782297451.608186,78.53,200,0.06937231900155894
3f12bce5-0eb5-481a-ae7b-b6352222ac62,1782297451.531528,1782297451.694577,163.05,200,0.08108648000052199
49399d35-96b2-4d2a-ab92-e06825e8dcb4,1782297451.648113,1782297451.759065,110.95,200,0.06261763100155804
f79aa98b-a919-4dde-b72d-aa1d1e5f0ee4,1782297451.948996,1782297452.040096,91.10,200,0.08304826600033266
2f3d6282-bf95-4af9-bce8-d03a9cc8647d,1782297452.080671,1782297452.147191,66.52,200,0.0606421140000748
e19225e4-d38c-4885-bafe-3cf26691adfb,1782297452.171808,1782297452.250847,79.04,200,0.07315666700014845
a0351e8c-503c-437a-b76f-6772ca241959,1782297452.188906,1782297452.274933,86.03,200,0.07989947500027483
83548e83-6919-4094-8593-aa1494e577c9,1782297452.205414,1782297452.319275,113.86,200,0.067508791000364
a2a67ef4-d863-4c7b-b07b-95841d11fc3b,1782297452.211558,1782297452.347708,136.15,200,0.06985386700034724
8a38957b-b6fc-42d4-8b48-2d31e5c168a3,1782297452.412273,1782297452.477576,65.30,200,0.05904047699914372
adb142ed-88f9-4470-aaa4-e9f95eaadccc,1782297452.505177,1782297452.573710,68.53,200,0.0630712570000469
5ac799f9-81c2-4c92-bc6e-e326c10dbb02,1782297452.627304,1782297452.713928,86.62,200,0.07857037100075104
52599422-c023-48fe-906f-b1f8b28da47f,1782297452.670843,1782297452.793591,122.75,200,0.07785786400017969
7077cda8-412f-47ea-9108-08edbeb43ae7,1782297453.099626,1782297453.164063,64.44,200,0.057829492001474136
c4c6ce24-a432-46d4-840f-09d59e31c8cf,1782297453.287559,1782297453.350595,63.04,200,0.05810164200011059
d4477c22-a88b-4761-9aea-4fd04d84ee7d,1782297453.419059,1782297453.500298,81.24,200,0.07368084100016858
5db22f32-4910-471c-9918-e1b3d0a242bc,1782297453.442227,1782297453.557760,115.53,200,0.10385938100080239
0b06f450-2e8a-4afe-a801-8212e1644df2,1782297453.467179,1782297453.602330,135.15,200,0.09897259399986069
7549bea8-d6a9-46b6-91d7-59bffa86cb13,1782297453.475672,1782297453.638601,162.93,200,0.07999179999933403
cdb93463-e2d8-40a1-9d4a-0e0422ca69ea,1782297453.672862,1782297453.737033,64.17,200,0.05255301900069753
1fa2cee0-2095-41f7-813f-106131e530f8,1782297454.101704,1782297454.166802,65.10,200,0.059598787000140874
377b609b-fbdc-44cd-b23b-470dfec703dd,1782297454.289349,1782297454.356854,67.50,200,0.061867524000263074
47045995-8ba1-43cc-b249-451291dec07d,1782297454.420387,1782297454.537813,117.43,200,0.10642396499861206
8a852e35-8543-4733-81a4-b1291d4851cc,1782297454.443942,1782297454.540868,96.93,200,0.088007700000162
a33b18f2-c400-47fc-a5ec-eec8b8ad4fc8,1782297454.468495,1782297454.646382,177.89,200,0.10459446899949398
49944e2c-9005-425f-a769-b65ce3b7e9fb,1782297454.476790,1782297454.626524,149.73,200,0.08367495600032271
9cb4a203-ab78-448c-9245-94e47ca9ebe3,1782297454.650815,1782297454.724277,73.46,200,0.06175197400079924
98ddfa1d-282a-4dbb-aa0e-fa92b95d2e35,1782297454.924106,1782297454.992467,68.36,200,0.062447514001178206
dd5e57da-af78-4264-9f00-72db2b13483e,1782297455.043904,1782297455.108449,64.54,200,0.05891706399961549
4706957c-914d-4922-93d5-6a49c88e8368,1782297455.127810,1782297455.187295,59.48,200,0.054552894000153174
33c5f316-e50b-40ca-9ad6-97a2162fcdc2,1782297455.142653,1782297455.252539,109.89,200,0.06409752999934426
b859d3a1-ca9d-468b-848d-2fd786a9d57a,1782297455.158096,1782297455.332310,174.21,200,0.07828487299957487
1fccf442-0aa4-4e4c-9e64-6a9cf55c2561,1782297455.163461,1782297455.404428,240.97,200,0.0703897120001784
d26f78e0-5cff-40c5-851b-302b1f8be871,1782297455.346809,1782297455.482674,135.87,200,0.07631132300048193
a6b04fb7-509c-4bec-a056-426db6d78a1b,1782297455.428904,1782297455.501481,72.58,200,0.06701115100077004
620dc814-6e6e-4d7b-8d04-4f5eeae37d9c,1782297455.540896,1782297455.617110,76.21,200,0.07059139400007552
74e642f7-dce6-4afb-a0d9-48528e102f21,1782297455.542770,1782297455.616150,73.38,200,0.06816545899891935
6dc38cac-f9de-495e-a56e-47f90bcfb4f3,1782297455.665388,1782297455.735528,70.14,200,0.05795876299998781
f6f901af-aa9a-4a33-b4e1-93c1292fc0c3,1782297455.998258,1782297456.067165,68.91,200,0.06310972899882472
e2f5259f-3514-4f82-b8b8-4164b1074d34,1782297456.144838,1782297456.217361,72.52,200,0.06699136899987934
888237f5-7686-41b1-94b9-a2b118273f3b,1782297456.246908,1782297456.338229,91.32,200,0.0827861550005764
52191acf-7c90-4514-ae1d-0f609ae94ab2,1782297456.265481,1782297456.349416,83.94,200,0.07628571999885025
eb7731d1-4123-4d0a-a420-60b3e9861ca0,1782297456.284600,1782297456.418648,134.05,200,0.0676788900000247
410db2b2-3b9f-4430-8477-e3f545ba6f61,1782297456.291078,1782297456.493104,202.03,200,0.073580715999924
fa5f6ebe-4802-472e-9d80-e7792b3f5199,1782297456.514536,1782297456.575919,61.38,200,0.056044769000436645
ebbf3c84-c209-4b90-9fd1-07f8c52f62ff,1782297456.616357,1782297456.679756,63.40,200,0.05806920199938759
774665e9-6a17-4a54-82f2-93f06a372ee6,1782297456.665537,1782297456.740772,75.24,200,0.06059304100017471
03528dc0-2bd2-4dbc-9b38-b0d077562dbf,1782297456.998737,1782297457.075769,77.03,200,0.0686523220010713
4801beca-558d-4e7f-8f39-4b03d91c6b0c,1782297457.145210,1782297457.213873,68.66,200,0.06223952100117458
a493ad0e-6488-4856-85c4-263576f0438f,1782297457.246432,1782297457.338101,91.67,200,0.0858451949989103
2e4b1253-ee39-4dd5-88c4-1659ca590cf9,1782297457.266536,1782297457.354107,87.57,200,0.08038125500024762
4b393cd0-64bc-4956-8e34-7098c2469bff,1782297457.284345,1782297457.511047,226.70,200,0.07938439900135563
acf97f26-b405-4934-a34f-d8b29ae03b57,1782297457.290957,1782297457.511502,220.54,200,0.0722343430006731
e3a9f3d3-010a-4e75-a2e1-6c245dc440f4,1782297457.514897,1782297457.585021,70.12,200,0.0645563400012179
b5d11494-afd4-4386-bb44-9676157e45d0,1782297457.616479,1782297457.676620,60.14,200,0.054934154000875424
1d3dda13-d81c-4c3f-a35a-c13ea4ed6b8f,1782297457.693165,1782297457.759656,66.49,200,0.05569411000033142
b6235916-aa22-47e2-bb8d-cddda3e503bd,1782297458.194617,1782297458.272822,78.20,200,0.0721096139986912
ad375604-65f0-462b-87cb-aa1e435eb65f,1782297458.413505,1782297458.483604,70.10,200,0.06342849499924341
5d3fac31-cb55-4f06-8127-688df0ec514e,1782297458.566043,1782297458.634103,68.06,200,0.06107822400008445
de1bdb5a-1249-41e2-b6f1-7be2c7eb82c3,1782297458.594393,1782297458.711656,117.26,200,0.07610493900028814
1b9e7471-f8ca-48d9-beeb-3d184f285bc2,1782297458.623424,1782297458.697788,74.36,200,0.06580716499956907
d1d6e997-2314-4336-9562-74f4f9d59abd,1782297458.685846,1782297458.769903,84.06,200,0.0663103200004116
a29c0d30-292e-4ce3-8960-b830b3b5ffc7,1782297459.114838,1782297459.229382,114.54,200,0.10551307199966686
61f0b280-e220-46b5-8c94-e125030e1b0d,1782297459.303041,1782297459.366087,63.05,200,0.057732376000785735
0a95b6b4-7e0c-4221-9fba-229b27a990db,1782297459.432486,1782297459.512437,79.95,200,0.07328536000022723
52aab86a-97c9-48d5-885b-0e5bda8c777c,1782297459.457432,1782297459.540778,83.35,200,0.07684937100020761
c8b8f40f-eb85-4314-a478-8725b59d2ced,1782297459.481533,1782297459.698716,217.18,200,0.07797827099966526
45b4b0d6-4c8c-4ab5-a900-127bee256d48,1782297459.490676,1782297459.698424,207.75,200,0.07672842899955867
612605f1-dd33-4f74-808e-100890d6be8d,1782297459.683475,1782297459.760685,77.21,200,0.060796745001425734
024dbe38-5be1-47b2-bf87-17fcbd825eff,1782297460.057575,1782297460.123886,66.31,200,0.06056864700076403
c018b1b0-b51c-46e7-863e-39424b460bd4,1782297460.222335,1782297460.289162,66.83,200,0.0614442419991974
7190411a-4297-42e9-9df2-46e6b82778ed,1782297460.336536,1782297460.404260,67.72,200,0.06165063199841825
8f9d8a27-85fa-4e01-ac7a-ef12305c7f13,1782297460.357548,1782297460.427101,69.55,200,0.06327189300100144
52897c30-c910-49e8-98c4-cd9b6a70dbef,1782297460.379177,1782297460.552090,172.91,200,0.0649541999991925
a5ec3175-dc96-4486-a129-7d8870138d32,1782297460.387188,1782297460.552314,165.13,200,0.05751338600020972
5a9c4b88-1bbc-47f2-b59e-feb02839a16b,1782297460.637651,1782297460.700205,62.55,200,0.05686319699998421
c49bf345-1131-4feb-aa8f-62a7933b8dd9,1782297460.682544,1782297460.754591,72.05,200,0.05754922599953716
e37d7978-3161-43dc-a9c5-edac570f6cd1,1782297461.057369,1782297461.117662,60.29,200,0.055292985000050976
4f8a5cd9-80b1-4a87-a729-95241464a490,1782297461.223163,1782297461.283204,60.04,200,0.05494863699823327
36a8f12a-f7b3-4b71-9fcd-f7b34e860ee9,1782297461.336725,1782297461.416798,80.07,200,0.07371277600032045
a8ac047b-5d6d-4873-b3ed-c63ba8757e6e,1782297461.356821,1782297461.439511,82.69,200,0.07534593499985931
f378557d-1421-4b91-8feb-ced807ea3e12,1782297461.378718,1782297461.514477,135.76,200,0.09424384999874746
2c8dd5b8-7332-449e-8f99-722f32bf1531,1782297461.385452,1782297461.592668,207.22,200,0.07725818600010825
9e14d522-12cb-4972-8b86-7924085cd696,1782297461.637294,1782297461.728094,90.80,200,0.08028216399907251
915b65cd-f29b-4a3f-9926-4e987f5dc2e3,1782297461.684900,1782297461.815877,130.98,200,0.08550066299903847
83dbdb42-101c-4720-85ba-984506ea4024,1782297462.059667,1782297462.120023,60.36,200,0.054586260001087794
867019f1-8bfd-4c5b-ab67-425be753d26e,1782297462.225396,1782297462.283090,57.69,200,0.05258380800114537
97630b43-9e6f-4cc6-aa4d-064930a866c6,1782297462.338658,1782297462.410929,72.27,200,0.06639229800020985
9ba8e588-6a13-44b5-bf1c-4ba949537e39,1782297462.359922,1782297462.476477,116.56,200,0.06460990699997637
82cdc5db-3d1f-48f4-8167-59478aaf4507,1782297462.380831,1782297462.549990,169.16,200,0.06945540900051128
7ac37236-49a0-493e-8529-4eb20218f108,1782297462.388516,1782297462.626738,238.22,200,0.0760349430001952
ae5a7346-c9ac-4330-ac30-2d677313c09a,1782297462.641146,1782297462.705339,64.19,200,0.058437429999685264
e4c640f8-53b1-46be-a4e5-7945d1dbaf12,1782297462.687671,1782297462.764957,77.29,200,0.05816297300043516
e762b277-0898-4260-925b-f2c3d4680f64,1782297463.062957,1782297463.123755,60.80,200,0.05529243499950098
8ab5d3fc-aa76-4aa6-ba3f-139fcde0d04b,1782297463.228238,1782297463.286651,58.41,200,0.053364640998552204
53cff257-c39c-425b-a796-f8d6eab9b9b6,1782297463.341076,1782297463.402716,61.64,200,0.05657573899952695
e8ed8498-dc0a-4c06-a8d8-9f4ea30ddcc2,1782297463.362007,1782297463.434649,72.64,200,0.06578497199916455
37aa2081-ad36-4de0-b993-0ee7d6b93a06,1782297463.383742,1782297463.515148,131.41,200,0.07942377600011241
1ca90aba-3f02-41e4-b9db-39278ec1969e,1782297463.391133,1782297463.482026,90.89,200,0.07757475899961719
93f5d130-c149-4835-a871-75566658212a,1782297463.642739,1782297463.722124,79.39,200,0.07100494599944795
3b05ea34-4e2b-4dfe-b7d2-0be32792c852,1782297463.709446,1782297463.802673,93.23,200,0.0753570500000933
768d4574-2def-44bf-9672-e4c630cbe902,1782297464.209665,1782297464.283804,74.14,200,0.06866128199908417
53d589ee-c7f1-4d37-a06e-bcbce2cb9007,1782297464.429338,1782297464.513312,83.97,200,0.07815022499926272
ed7941df-2bb8-42b9-9b7e-9f2d0f88daf9,1782297464.581970,1782297464.673422,91.45,200,0.08396548299970163
d2ead64f-40c6-476a-acac-2cf17c95979a,1782297464.610357,1782297464.753095,142.74,200,0.0779774170005112
ed8851e6-762f-448b-9063-e92f2d7f068a,1782297464.638357,1782297464.818760,180.40,200,0.06471507300011581
f3b5a516-7f32-49b2-a89b-ceb4d157b65b,1782297464.696897,1782297464.786466,89.57,200,0.0722752669989859
3e23dd60-5653-4b3a-b8be-7f5cbb392f53,1782297465.072403,1782297465.146583,74.18,200,0.06580486799975915
0390dca1-c495-47dd-8ca5-0c68cf393494,1782297465.236165,1782297465.297476,61.31,200,0.055698858999676304
aa74405d-cfb2-4a7c-a5a3-89e4f9e68552,1782297465.350983,1782297465.442592,91.61,200,0.08483635899938236
21e7f593-9272-4b02-919a-d51abed42e83,1782297465.371475,1782297465.529957,158.48,200,0.08648077399993781
fe5b93ad-e8b0-42d2-a355-018df547b19b,1782297465.393202,1782297465.493317,100.12,200,0.08990737100066326
69a2c344-e34b-4500-b6b7-0fd21ee12b1d,1782297465.399901,1782297465.610970,211.07,200,0.07972348500152293
2c64579e-38ef-42d0-b87a-bbb27dcd70ec,1782297465.651651,1782297465.713793,62.14,200,0.056998369000211824
057280dc-838c-47f2-bf1c-7f1c8f9d1530,1782297465.689136,1782297465.756050,66.91,200,0.053947331000017584
12e150f1-7128-45e8-8a22-fb0aefbc493e,1782297466.022678,1782297466.080601,57.92,200,0.05302157299956889
e99ec079-2b9d-488a-8d55-11f102ec9a3f,1782297466.169164,1782297466.228366,59.20,200,0.05330172399953881
303944f1-6858-497a-a971-2d48c44255e8,1782297466.269835,1782297466.359386,89.55,200,0.07951158999821928
13bdc727-3633-4bd2-988d-f2ab007f46c8,1782297466.290356,1782297466.428565,138.21,200,0.06816095499925723
13eabe0c-6988-43e7-ac10-a54e4aacf8ac,1782297466.307874,1782297466.381536,73.66,200,0.06688892800048052
43468566-3072-4807-915b-5fb44b1bbc6c,1782297466.314951,1782297466.502156,187.20,200,0.07267387700085237
007b6ff9-a061-40c5-8299-cdd78e84e334,1782297466.537617,1782297466.611398,73.78,200,0.0661370950001583
b9959254-03a2-4a2c-b9e4-4f9560333db2,1782297466.639993,1782297466.711814,71.82,200,0.06529048999982479
2d7b844f-c6c2-43e8-bce5-ef5217b28204,1782297466.709016,1782297466.794569,85.55,200,0.07102508199932345
7ab1b139-03be-43eb-8783-0d29b3f09519,1782297467.138509,1782297467.220422,81.91,200,0.07423299000038242
530c2252-a4f7-4224-9154-6c0aa1cb8de0,1782297467.326054,1782297467.405885,79.83,200,0.07174071600093157
915eea36-4672-4065-a0f1-85089470e3dd,1782297467.456268,1782297467.530201,73.93,200,0.06883420899976045
537ffd95-8501-428e-8740-9ea5314d0399,1782297467.480349,1782297467.602115,121.77,200,0.07064689999970142
5e0066b5-2512-4328-95c1-63d5eef0bdce,1782297467.505249,1782297467.580774,75.52,200,0.06849173299997346
9007cc40-8864-456e-b90d-a758cc75dc86,1782297467.513891,1782297467.638786,124.89,200,0.05701095499898656
8894cccd-b5cf-496d-bb63-431e1b262a85,1782297467.720363,1782297467.783635,63.27,200,0.05194137499893259
bb84684b-fc39-4716-99a4-597b96d0502a,1782297468.221289,1782297468.286071,64.78,200,0.0588816110011976
4f2534ec-f77e-4045-bec6-22732b3e1f9e,1782297468.440581,1782297468.500747,60.17,200,0.0545628410000063
d7231050-dc7e-42f3-806d-8653edbfa63f,1782297468.593287,1782297468.653783,60.50,200,0.05484769100075937
115d5c91-4eac-4503-a073-c124a0aa81c8,1782297468.621498,1782297468.719231,97.73,200,0.06384783800058358
65750786-affe-425d-914b-1374fa6c1ed8,1782297468.649916,1782297468.722208,72.29,200,0.0654936840001028
bd42b48b-6e58-4e9e-8af6-fc95a9f7c15a,1782297468.712821,1782297468.788954,76.13,200,0.060547435999978916
25cc652d-c50d-4074-a79e-6e09cb7f0312,1782297469.141760,1782297469.230739,88.98,200,0.07987714299997606
b5b1b2d1-0b6c-4451-952a-fc1b5274c674,1782297469.329220,1782297469.407943,78.72,200,0.07111498499943991
8aee550c-53ac-4310-8b7e-3bdf5908d441,1782297469.461385,1782297469.556194,94.81,200,0.08632843600025808
6d8ee95a-5749-4abc-9830-79e3e8f251de,1782297469.484602,1782297469.556515,71.91,200,0.06455601800007571
cc9b5b0d-227f-4316-8da8-63664e777ac4,1782297469.508596,1782297469.632431,123.84,200,0.07568337000157044
909d330e-47cd-49ed-a96d-34f023ce9fd1,1782297469.516888,1782297469.615762,98.87,200,0.05838473699986935
a24305ef-94a0-4662-8c56-55bbb0bfd4df,1782297469.700304,1782297469.765463,65.16,200,0.054296791000524536
524f9354-0118-4ad9-b15b-14388a903275,1782297472.991145,1782297473.060480,69.33,200,0.06200164400070207
c63baefc-01b4-4b41-8011-55ea3ac67ca8,1782297473.009273,1782297473.077150,67.88,200,0.06242216999999073
1a935288-80cb-4fcd-871d-794c395f4811,1782297473.029292,1782297473.123360,94.07,200,0.0614451609999378
287d123e-91c0-429c-ab88-04961135582d,1782297473.034750,1782297473.190404,155.65,200,0.065805038999315
09474be1-94a3-4cf1-bc9e-4439ac45d130,1782297473.258827,1782297473.316195,57.37,200,0.05233018500075559
4692cf19-5b4b-47f7-bdee-cd3a636fca98,1782297473.360594,1782297473.420255,59.66,200,0.054693695999958436
026e387e-9c4f-41f7-b3a2-13ad8f74d2a7,1782297473.411038,1782297473.483695,72.66,200,0.06015709900020738
ca3db930-e935-413d-9546-52388a3eef14,1782297473.744459,1782297473.818027,73.57,200,0.06663376600045012
9e003dd8-e0fc-4d40-9a05-dd4d074e8606,1782297473.891547,1782297473.954154,62.61,200,0.05720741299955989
859f27f9-d5a7-4ce9-be68-60cfce2147b9,1782297473.992632,1782297474.055475,62.84,200,0.05760239499977615
caa504aa-00ce-4c4e-b2d4-7ee4e0a256f6,1782297474.010644,1782297474.078943,68.30,200,0.06223526999929163
c499f632-0e87-430d-96c3-2d059bfffa06,1782297474.029419,1782297474.140222,110.80,200,0.05997031299921218
25ac3cfc-66c4-46db-b72c-15b967ffa866,1782297474.036331,1782297474.115042,78.71,200,0.05812612000045192
04bd89e6-34a6-420b-9bc5-b52eb9b875e6,1782297474.260725,1782297474.319563,58.84,200,0.05382458599888196
ac47b7a6-b420-47a8-bb62-d2ae3ddeee17,1782297474.361970,1782297474.420045,58.07,200,0.05274604099940916
376f2ef6-4a55-48a1-b697-9fd3c5dd8e55,1782297474.419698,1782297474.482769,63.07,200,0.05250428799990914
06ebf3f7-8049-4f16-a47a-92236827c8d2,1782297474.794551,1782297474.855268,60.72,200,0.055309250001300825
c751c227-7a9c-46d0-98f1-03fa3a24fba6,1782297474.959742,1782297475.024092,64.35,200,0.05884867699933238
f3640630-76bc-4a6f-b82d-267f85743cc8,1782297475.073507,1782297475.133863,60.36,200,0.054659012999763945
e56f7f57-618a-4a36-ac58-2ec83c03f18c,1782297475.094517,1782297475.204141,109.62,200,0.06908040599955712
124ffc8d-359e-48c8-a997-adfb240b160a,1782297475.116143,1782297475.181754,65.61,200,0.05838929600031406
5e1568cc-9b8e-4cd1-8956-e5b7dda35cf8,1782297475.123276,1782297475.240510,117.23,200,0.05751277899980778
cc7e49a7-671b-49c3-8e92-c09caa3bd23c,1782297475.375993,1782297475.439454,63.46,200,0.058054859000549186
80ae4f85-1365-4cc8-ada6-3a14444e84bc,1782297475.421323,1782297475.512201,90.88,200,0.07109554999988177
94df3a20-88ea-4563-be13-31a6078843f0,1782297475.795965,1782297475.859166,63.20,200,0.057446089000222855
099d30e1-1905-4606-b6ab-70e37e194512,1782297475.960563,1782297476.017695,57.13,200,0.05192509199878259
6cc6a6fa-2bae-4f50-a66f-2806cd6204ee,1782297476.075220,1782297476.136973,61.75,200,0.056306120999579434
642fdb6f-e61f-46a0-855b-e1a26bed3922,1782297476.096251,1782297476.162138,65.89,200,0.059893514999203035
434a58fd-60c1-483f-9511-5144c084a9cf,1782297476.117021,1782297476.228194,111.17,200,0.06502215799991973
f051ac26-dace-4a3d-aede-b43b72ebc859,1782297476.124991,1782297476.209968,84.98,200,0.07172866700057057
a978c569-e922-4034-9347-53516adfc50c,1782297476.375777,1782297476.442219,66.44,200,0.06056446799993864
03b79fac-1fc4-43e6-a440-a95e2dcf2fc4,1782297476.432141,1782297476.510162,78.02,200,0.06425948600008269
04d3a74f-9efc-44ad-bcb1-21c3ccee8a5c,1782297476.861919,1782297476.925119,63.20,200,0.05800877100045909
92270b4d-9274-4d04-8f5f-c86dda0e516d,1782297477.048744,1782297477.123441,74.70,200,0.06920563799940282
f16fdf55-d518-42dc-a399-4c2c79b166df,1782297477.179021,1782297477.264362,85.34,200,0.07753751699965505
f611b884-1700-46c6-9608-dae4a90b7cb0,1782297477.203535,1782297477.352185,148.65,200,0.08589051900162303
0dd01edb-2935-4f2d-94ca-55389c7d9e87,1782297477.227656,1782297477.318544,90.89,200,0.08244475299943588
97e5e56e-dead-4eaa-a7a5-6519684289f9,1782297477.236005,1782297477.435441,199.44,200,0.08092980000037642
9491546d-704a-4d0b-a59f-7afa24812ad0,1782297477.412256,1782297477.491761,79.51,200,0.06242531599855283
a32bda2f-e390-4c8f-9ef3-578edc0703d8,1782297477.685480,1782297477.754758,69.28,200,0.06391802600046503
94caf6c7-9e21-444e-9622-ca55aac8544d,1782297477.805259,1782297477.873171,67.91,200,0.06229637999967963
a5dc44a7-704f-4197-bd25-a747ec958e97,1782297477.887601,1782297477.962247,74.65,200,0.06920358000024862
b8624c68-2a15-4baa-b45a-b1edc3f532e4,1782297477.903552,1782297478.036911,133.36,200,0.07342058999893197
bbebb0db-b1b3-4e29-aeaf-8e5473476b35,1782297477.919450,1782297478.004260,84.81,200,0.07851439300065977
b945ea4a-cae8-4892-9438-40e21bb26c56,1782297477.924136,1782297478.084425,160.29,200,0.0770373559989821
e29628f7-58fe-448f-943d-5342a37623b9,1782297478.106837,1782297478.174281,67.44,200,0.06185790800009272
d550ecd7-aecf-41a1-bf80-2cd7d5150a88,1782297478.190823,1782297478.260195,69.37,200,0.06278472599842644
daef4bd2-f745-47a2-b7c3-84c5476db225,1782297478.302775,1782297478.365444,62.67,200,0.0559839279994776
731ae7c0-b6da-4f1f-8d43-8618f18bb3ae,1782297478.304846,1782297478.426860,122.01,200,0.0606767259996559
35b3a408-8ae4-4349-ac74-d89825017196,1782297478.430404,1782297478.494037,63.63,200,0.052847699998892494
65ca57a9-bc64-4b2f-b594-f4ed7b156d7d,1782297478.805882,1782297478.864972,59.09,200,0.05350232499949925
d59afbe7-e6d9-4ac7-b172-88de8f96d3e0,1782297478.970404,1782297479.042928,72.52,200,0.06499725100002252
3b4a145f-a389-49ba-bdb5-753b2f9d56ce,1782297479.084402,1782297479.158796,74.39,200,0.06842382500144595
07daf9dc-8627-40f8-bcef-dda4c8693e55,1782297479.105478,1782297479.230358,124.88,200,0.06978521299970453
6beaeb81-36b7-48ee-ace6-5cdc6bd3c616,1782297479.126627,1782297479.294632,168.00,200,0.06353777700132923
2acef8e1-e69c-4644-b6ef-28e2110bcfc4,1782297479.133546,1782297479.207063,73.52,200,0.06567412799995509
c954a117-87dd-4d45-b64a-94afb73bf8bd,1782297479.385071,1782297479.446112,61.04,200,0.055892059001052985
f77db8ea-3439-420c-be50-577c9f8179c8,1782297479.440096,1782297479.509311,69.21,200,0.055954834999283776
0919529f-ce2d-40d9-abe4-6f618c4b6f22,1782297479.869015,1782297479.941489,72.47,200,0.06614593800077273
1355f30c-6258-4339-baa8-847e43066b3d,1782297480.057073,1782297480.122626,65.55,200,0.06045766699935484
258fb49e-79df-4877-a658-cc7ef69e8151,1782297480.187294,1782297480.269289,82.00,200,0.07441087999904994
bf4a9aff-7ba9-47eb-bda9-20c6482fe36d,1782297480.212033,1782297480.336091,124.06,200,0.06543953899927146
0cd2147d-5447-419a-9a49-b03dda795951,1782297480.235575,1782297480.409916,174.34,200,0.07206616000075883
869af069-ddc6-46f1-b245-fefa22e761d5,1782297480.244434,1782297480.469524,225.09,200,0.05835934199967596
c65d935a-be02-48b4-974b-37667925cb61,1782297480.435254,1782297480.531106,95.85,200,0.059980423999149934
c827b039-b1b8-4978-a39d-d7240a8e6edf,1782297480.809809,1782297480.882163,72.35,200,0.06615075599984266
c386ef54-4da4-4f15-b642-3e83314809ea,1782297480.974669,1782297481.040964,66.30,200,0.06068144600067171
ba97fad0-d43d-44f8-b49f-2c260cf95a83,1782297481.088387,1782297481.155983,67.60,200,0.0619507679984963
af0ef1f3-52d3-4fa5-950a-128bad5fceac,1782297481.109523,1782297481.268807,159.28,200,0.05606948300010117
62c6e575-75cf-43a9-a566-fb0e371c38d9,1782297481.131549,1782297481.269095,137.55,200,0.05428598599974066
f2cbe984-f430-48f7-a923-4b9a715043f8,1782297481.138737,1782297481.329234,190.50,200,0.05945299899940437
248e4a07-d765-459d-92f8-d8329b2a7440,1782297481.389636,1782297481.448785,59.15,200,0.05422210000142513
65657ade-b9db-4c73-a827-d3383ec94a3e,1782297481.455606,1782297481.523019,67.41,200,0.055048430998795084
c517e871-3582-4f15-befe-a27c79f6dbaf,1782297481.957078,1782297482.027801,70.72,200,0.06361435899998469
4a8ab720-8c1e-486c-8552-a7617c63f2ac,1782297482.176343,1782297482.241595,65.25,200,0.060085064000304556
5d155ce7-dce7-4ac4-b076-4440f703fe08,1782297482.328024,1782297482.390870,62.85,200,0.057676504000482964
c2b68849-50df-4fa0-9dfe-13dfd1837910,1782297482.356969,1782297482.453227,96.26,200,0.05974313499973505
1af90026-8cbc-410b-9f0c-c6e8eb182930,1782297482.385566,1782297482.471815,86.25,200,0.07570194000072661
cbd99130-62af-4bb2-b42b-164ef42d7f3e,1782297482.441025,1782297482.535623,94.60,200,0.06193537599938281
d6052565-7e58-42f4-b4be-2d4e0502ee3d,1782297482.815296,1782297482.879107,63.81,200,0.05802503599988995
f241b0ad-8b03-4275-a90b-c49f3d4b888b,1782297482.979558,1782297483.039760,60.20,200,0.05495566699937626
e9da0e8a-28af-4e25-97ae-e7aff0f3f58c,1782297483.094136,1782297483.159695,65.56,200,0.06023391500093567
54ccd5ea-eb4a-42f2-82a0-a9dbfbea8358,1782297483.115164,1782297483.216128,100.96,200,0.054494684998644516
b19ca189-2058-40bc-be2f-678d6b6c69fc,1782297483.136272,1782297483.270184,133.91,200,0.052410820999284624
73bc4347-016d-4863-8c61-5bd7588f2d76,1782297483.144137,1782297483.334521,190.38,200,0.06332995999946434
90a454d3-725b-4d16-baf8-0a0e1cf8ede6,1782297483.395018,1782297483.455133,60.11,200,0.05519895900033589
92227b3f-f206-432e-a189-1000420e7d6c,1782297483.449411,1782297483.514036,64.63,200,0.05299446200115199
a5f03be1-660d-4270-87f3-b4071b990907,1782297483.877708,1782297483.960018,82.31,200,0.07260462900012499
d3804a5e-9287-48e2-bf5c-f7ba36eb99f2,1782297484.066456,1782297484.130365,63.91,200,0.05824266300078307
e5bd0fb9-301c-4c8a-ba3f-f38b44c8a8e6,1782297484.196973,1782297484.259808,62.83,200,0.05766716899961466
1703df1d-a55b-4849-81b1-6532a417f6a9,1782297484.221101,1782297484.320776,99.68,200,0.059245129999908386
39241a41-4795-4517-86a2-a727de2a058c,1782297484.245654,1782297484.322045,76.39,200,0.06980320099864912
4a4daa67-9d57-471e-98f1-029a17bc3603,1782297484.254288,1782297484.384147,129.86,200,0.06113869699947827
4d6843d3-5578-40f8-9162-0cbd32e8432a,1782297484.436969,1782297484.506530,69.56,200,0.05831322499943781
c2f7cf27-977d-48c6-bbbf-4e40a0c5737f,1782297484.770324,1782297484.833688,63.36,200,0.05744442099967273
44dabcd0-c43d-47da-8896-4b96c52f504a,1782297484.917175,1782297484.975813,58.64,200,0.053924066998661146
4dd3f3bc-a0cb-4f3d-a4a1-74f2306ff370,1782297485.018269,1782297485.085498,67.23,200,0.061511313999289996
a36e2b0e-a3a0-4905-8ff1-d08549e81dc6,1782297485.038481,1782297485.120249,81.77,200,0.07236806599939882
e97f65e1-c658-4e2e-8d60-4b5ff783ac1d,1782297485.055691,1782297485.144826,89.14,200,0.058062277999852085
7634cff9-5a75-4ad3-b8fd-917c916d6fea,1782297485.062592,1782297485.221934,159.34,200,0.07392853999954241
17c60588-c39b-43a9-94b4-f41b68c3cb60,1782297485.286358,1782297485.349194,62.84,200,0.05756646500049101
b85681ca-32f4-48da-9b05-68728569ef8d,1782297485.388567,1782297485.449739,61.17,200,0.055958155999178416
0a541078-9495-4eea-ab7b-366b0d851486,1782297485.439162,1782297485.516589,77.43,200,0.06376783399900887
238541eb-5942-4483-ab9e-82045317f3a1,1782297485.772367,1782297485.832647,60.28,200,0.05493162300081167
54548ebd-25c3-4f8a-a902-3964a2b07350,1782297485.918170,1782297485.981530,63.36,200,0.05798430399954668
c9e9f7c4-0fcb-4e1c-bf26-baf21e41427b,1782297486.019999,1782297486.104196,84.20,200,0.07812211700002081
f8a66d50-e1c9-40dc-8fc0-b3a612ca1c76,1782297486.040205,1782297486.126371,86.17,200,0.07865834499898483
562e8dc7-5f0b-4845-a0d3-fc66cd5002a7,1782297486.057417,1782297486.204117,146.70,200,0.07492380799885723
028018f8-0089-4782-8b03-1b00d30a97b9,1782297486.064046,1782297486.290359,226.31,200,0.08058976799839002
63b0c299-3dd5-4599-b832-fc8d9c69d15c,1782297486.287710,1782297486.355620,67.91,200,0.06241670899908058
0f220497-d8cb-4e9a-8a53-45cd762c18ed,1782297486.390172,1782297486.469791,79.62,200,0.07366655900113983
285c02e1-95de-4cd3-aa2e-2450e950b732,1782297486.456547,1782297486.550485,93.94,200,0.07686942500004079
58561516-407c-438a-afda-a2c4c5efcd11,1782297486.885321,1782297486.954610,69.29,200,0.06443904099978681
6614b38d-1f9a-4e8e-b8cb-d6a10e91d7f3,1782297487.074070,1782297487.149892,75.82,200,0.07026253499861923
4086c9a3-27f6-4819-8b41-75d2212a6ebd,1782297487.203371,1782297487.270856,67.49,200,0.06142115300099249
2d56518d-3954-4342-92a5-a11c22952e3f,1782297487.227535,1782297487.349957,122.42,200,0.07531609699981345
00cdb8ac-d400-4ca5-9393-2fb9b765ce3f,1782297487.252206,1782297487.322672,70.47,200,0.06196954599909077
f98a04cf-b4be-440a-80f8-95f6acfbe559,1782297487.260975,1782297487.393853,132.88,200,0.06985205899945868
fe4a596e-cc14-467f-81c3-e9fca25d71b2,1782297487.459601,1782297487.535958,76.36,200,0.06379697499869508
1d50b7c7-2238-4561-827c-52d52e1fef69,1782297487.889065,1782297487.950359,61.29,200,0.05461357300009695
52dd6f70-36a4-4c19-813b-5eb9a29def76,1782297488.076881,1782297488.141033,64.15,200,0.058556988999043824
605204f3-ff25-47f9-b6da-1b2357b80163,1782297488.207462,1782297488.274854,67.39,200,0.06145298199953686
e54c1213-245c-4a51-969f-264152d80450,1782297488.231484,1782297488.305737,74.25,200,0.06770581800083164
303bdf33-ef54-4515-a4b5-df56b6639b63,1782297488.255455,1782297488.369950,114.50,200,0.06293937100053881
157fd5fd-b4e8-416f-aada-4bce0ee50a34,1782297488.263935,1782297488.337896,73.96,200,0.06179292799970426
d44bd012-d5f8-44a5-8532-db55d3d663e8,1782297488.460097,1782297488.528277,68.18,200,0.0560840760008432
15abe173-fbb5-4c17-bbfc-5cf0d2b90e8e,1782297488.889119,1782297488.948059,58.94,200,0.05413976599993475
81c1082f-6e10-425e-8137-b1599cd18655,1782297489.076516,1782297489.136206,59.69,200,0.0538714140002412
817ac5cc-01c8-4c14-99d1-6836d0df201f,1782297489.208828,1782297489.287199,78.37,200,0.07064456599982805
634a7687-97de-46d3-919c-48344b8d7fc7,1782297489.232032,1782297489.349743,117.71,200,0.06237925800087396
be7b1363-93ec-470b-988e-dbb20eef089a,1782297489.256322,1782297489.422371,166.05,200,0.07138833200042427
4ce14c8c-6ba1-425c-9ca2-b33c2a70d349,1782297489.264191,1782297489.491638,227.45,200,0.06794393400014087
41e94775-4aad-4166-85c2-dd8c48ca7f98,1782297489.463390,1782297489.530516,67.13,200,0.05464911899980507
906058b5-974a-47cc-9c67-9b11e19f193a,1782297489.892156,1782297489.967111,74.96,200,0.06680845700066129
660c559e-b6a5-42ba-8758-dd4d35d15338,1782297490.080604,1782297490.145384,64.78,200,0.05884076400070626
02da641a-3ee9-4cab-a725-3b0dfb7f18ae,1782297490.211193,1782297490.319405,108.21,200,0.09904528900005971
b3bb9951-1bbc-497c-ba2d-159283d743ab,1782297490.234891,1782297490.327896,93.00,200,0.08571444500012149
8ea43326-7f03-47ce-85b9-9920103f535e,1782297490.259077,1782297490.404965,145.89,200,0.07604085200000554
20615f0b-1b54-4c58-9eeb-c033e7b5547d,1782297490.267373,1782297490.398610,131.24,200,0.07756609699936234
bf229e29-be4c-4c16-84b7-74d142f4d61f,1782297490.446042,1782297490.517513,71.47,200,0.05958660900068935
17066d66-576a-437a-8e92-6ec5f854450b,1782297490.747200,1782297490.806891,59.69,200,0.054625724000288756
df5bf12d-bc6c-4fdc-8477-5fe954bc55f3,1782297490.879324,1782297490.937058,57.73,200,0.05231797499982349
36f4cdb4-ae45-44e3-87a4-53fc8094877c,1782297490.970534,1782297491.041389,70.86,200,0.06444367899894132
cb37b2c9-303d-416d-9a77-3507aa9a2f0e,1782297490.987065,1782297491.056304,69.24,200,0.06288833500002511
8477c5a8-c104-4635-aa5c-5cee22c4054d,1782297491.003877,1782297491.108389,104.51,200,0.06579145899922878
1ef05037-80e9-4f36-a193-8855fb994ad5,1782297491.009798,1782297491.169746,159.95,200,0.06029688699891267
75aaebdb-6a93-4ae7-abf5-6340f07b0352,1782297491.211179,1782297491.274594,63.42,200,0.05816867999965325
dd75db81-6761-45db-97d0-c6b5555909b7,1782297491.302967,1782297491.372100,69.13,200,0.06389121800020803
4ba65b2d-5671-46be-9055-58a715450119,1782297491.426463,1782297491.482021,55.56,200,0.050565756999276346
aad8ea53-3266-4ee5-ab09-7741888de771,1782297491.478521,1782297491.542302,63.78,200,0.05284322799889196
a0cf7ccb-1ba4-45e9-a63d-dcb973cc88cc,1782297491.979855,1782297492.063143,83.29,200,0.07664687400028924
f3617bd2-e116-43b5-8e97-1cc72cce5c62,1782297492.198677,1782297492.269610,70.93,200,0.06336442700012412
9d2f6d9a-a029-4f3f-a695-60e0b02868a0,1782297492.350998,1782297492.428766,77.77,200,0.07192294200103788
10a55970-62b7-4e68-9fd1-804bea6ca381,1782297492.379136,1782297492.466190,87.05,200,0.07933523899919237
9b335947-86bd-485b-8317-7e7aa2552972,1782297492.408506,1782297492.523148,114.64,200,0.09054236100018898
f32dea47-b28e-4c60-9160-bedd545a573f,1782297492.456850,1782297492.533437,76.59,200,0.06413041400082875
003ce648-f999-4c2b-8e03-1958c84b1eba,1782297492.790143,1782297492.851873,61.73,200,0.05682711599911272
9599875f-6238-464b-a6b0-6224498bc668,1782297492.936391,1782297492.999022,62.63,200,0.05732706299932033
63e0877e-9346-4280-96d2-8687294d40de,1782297493.038466,1782297493.127234,88.77,200,0.08028669200029981
0710b6b9-6f81-4dbc-800a-a1f480b2be9d,1782297493.057092,1782297493.127877,70.78,200,0.06375491700055136
4c06a516-298c-4f6d-9c42-a83792d292d5,1782297493.076053,1782297493.204347,128.29,200,0.07584747200053243
20e9a6ae-e711-41c1-a907-84257cf1bfe6,1782297493.082655,1782297493.262781,180.13,200,0.057138430998747936
995602c7-0283-4efe-b30c-afe62da560af,1782297493.306178,1782297493.367523,61.35,200,0.05574256599902583
2941eaeb-b3c4-4de8-b0ca-1424b55b3591,1782297493.407928,1782297493.478452,70.52,200,0.06539554300070449
d13a95da-d2a2-455c-9e45-978cc49da709,1782297493.472240,1782297493.542981,70.74,200,0.05724338700019871
027ca8f5-99db-45a2-805d-a1c5036b92f4,1782297493.900983,1782297493.966086,65.10,200,0.059922639000433264
373cea6e-3fbd-43b2-a2e0-deda418c2521,1782297494.088652,1782297494.150589,61.94,200,0.0567760449994239
fe41a49f-1f89-41ba-92d5-2783e554d67d,1782297494.219064,1782297494.285511,66.45,200,0.06099506600003224
607ce81b-08c0-4554-a6e0-98924f6c715b,1782297494.243077,1782297494.314903,71.83,200,0.06505726900104492
3ca00f62-dd14-4ee1-a155-d3a8c4c6ea4c,1782297494.267709,1782297494.381934,114.23,200,0.06601028500153916
7a1e1202-217b-42ce-83a7-a9e707b264e4,1782297494.276125,1782297494.353708,77.58,200,0.06669348200011882
58cc7a30-ee61-4280-ae68-6c31d7191783,1782297494.475158,1782297494.562047,86.89,200,0.07148723099999188
08f65f89-24e3-49fa-805b-995b029cf914,1782297494.904031,1782297494.973626,69.60,200,0.06323292399974889
f21c2032-830d-48f1-9ed6-6fc00eae34ef,1782297495.093452,1782297495.159426,65.97,200,0.06005076599831227
0df184ea-2f9f-4945-b1ec-9bd6e713c91d,1782297495.221972,1782297495.297411,75.44,200,0.0680989859993133
c0777172-e2d0-475d-b371-c7054bc60291,1782297495.246350,1782297495.366952,120.60,200,0.0674772420006775
7a1ec88d-e37b-418b-81d0-22902db77e71,1782297495.271315,1782297495.349331,78.02,200,0.06954559600126231
1ab3e4cc-369b-4447-af1e-e3b23f1aafca,1782297495.278919,1782297495.456486,177.57,200,0.08532330600064597
2135cd8a-7334-4f78-8965-5fb62d0eabe2,1782297495.479235,1782297495.563589,84.35,200,0.07112892300028761
b8f214cb-53b2-4510-a249-7878a3fe64af,1782297495.908466,1782297495.967693,59.23,200,0.05422143999930995
f4d3d94b-9444-45d7-ad32-2df84ae7dbb3,1782297496.096203,1782297496.167905,71.70,200,0.0659916129989142
b3d72fad-9c27-48bc-aa1f-951a39fa21f1,1782297496.226351,1782297496.296280,69.93,200,0.06446084800154495
9a286fed-d553-499c-883e-84faa18f5a7d,1782297496.251250,1782297496.329933,78.68,200,0.07064966399957484
1d119603-9859-46cd-8b29-52e19b482c58,1782297496.275705,1782297496.399937,124.23,200,0.06932464000055916
b18381a3-c0cb-4cfc-ac68-bb2ad1472837,1782297496.283575,1782297496.380568,96.99,200,0.08095501000025251
e9770e8d-e197-49b4-8099-246498ca0f42,1782297496.470623,1782297496.550081,79.46,200,0.06857288399987738
9b3228f9-8a0e-4967-89d3-6ae16129b898,1782297496.845952,1782297496.926017,80.06,200,0.07104827200055297
b79bbe7b-b73c-494d-85c0-ec165bcbc606,1782297497.010550,1782297497.083442,72.89,200,0.06649705599920708
508e706d-d76c-43cb-93d4-ce9c2adf28ca,1782297497.123931,1782297497.203594,79.66,200,0.07388432299921988
507c4111-7a5e-4689-9114-78394909d8d6,1782297497.145070,1782297497.279160,134.09,200,0.07466074799958733
f6282a69-0563-4e52-a9c8-9ecc0c906ef3,1782297497.166759,1782297497.246183,79.42,200,0.07139155799995933
be22a490-e2bc-413e-8242-f9d71c7392ff,1782297497.174340,1782297497.311132,136.79,200,0.06404261899842822
d67066f4-1184-4aed-a576-28b51424c62a,1782297497.425596,1782297497.494360,68.76,200,0.0627249839999422
c7f11a23-d7e1-4989-b9d0-bd4e0c3d0e2e,1782297497.465692,1782297497.539441,73.75,200,0.058385237000038614
d2660d87-9954-419f-bae1-37c5c103f5d7,1782297497.799236,1782297497.867440,68.20,200,0.060846095000670175
1f64b54b-b95b-4a95-ac61-ce2374b046c6,1782297497.945014,1782297498.007214,62.20,200,0.05689927600178635
cbdb94fa-0d31-47e7-aec1-a86178ea45ca,1782297498.046694,1782297498.108720,62.03,200,0.05694929299897922
3e2d58d7-06ba-4bb2-9a6c-e494ec7831da,1782297498.066864,1782297498.132843,65.98,200,0.06043347099875973
06534771-d8a1-4ede-855c-658638881d33,1782297498.084315,1782297498.178970,94.66,200,0.06905501799883496
ffc83f60-b88e-4e84-add1-8a8257f08456,1782297498.090918,1782297498.205776,114.86,200,0.07157470100173668
e035e81c-5fb1-4f76-996b-49e8edc3518a,1782297498.314211,1782297498.381739,67.53,200,0.06183969199992134
a71aaa5d-7958-4f81-a85d-3c33b37801dd,1782297498.416187,1782297498.479765,63.58,200,0.05738333000044804
fc10983a-37db-4e08-a340-756b3d4f5ac7,1782297498.484019,1782297498.553707,69.69,200,0.05885577499975625
b30621ac-76b0-4eb0-a590-c3db552cf88b,1782297498.912558,1782297498.970176,57.62,200,0.052830571999948006
432c3e50-689f-40ab-bc53-070b07304354,1782297499.100653,1782297499.159211,58.56,200,0.05351013099971169
aa8cf86e-09e2-4632-80d3-9c7ff3f2e3b4,1782297499.232658,1782297499.297732,65.07,200,0.05936745899998641
ef0aae7d-8074-42e1-9158-1cf776adcb6e,1782297499.255605,1782297499.385760,130.15,200,0.0868363949994091
2891f14f-cfe6-40c0-88e4-4b5b87304754,1782297499.280446,1782297499.448165,167.72,200,0.06092504699881829
6694f15c-a9e5-4355-a417-5590d53c6d8d,1782297499.288094,1782297499.372455,84.36,200,0.07740915499925904
f56bdb85-7e39-4e5a-9f40-176524228a1b,1782297499.465377,1782297499.534771,69.39,200,0.05723649300125544
3c768c59-78e9-45b5-b0b0-c4d7e9b5a486,1782297499.766428,1782297499.824387,57.96,200,0.052892790001351386
eb4b00aa-9f83-4a35-a3cf-44a24fb1bb50,1782297499.897859,1782297499.956267,58.41,200,0.05333095800051524
7c9a887a-11c0-496d-8ea3-90946b2595ad,1782297499.988638,1782297500.055518,66.88,200,0.061996254000405315
2eecab7b-22a2-4ab4-96ff-3c0a6ba07b4f,1782297500.005666,1782297500.074544,68.88,200,0.06268590100080473
fcbb303a-5862-4ec2-a4a5-c963f8f1ae41,1782297500.023199,1782297500.127474,104.27,200,0.051906525000958936
582b3aba-a1e6-4dad-a00b-b14ef7a3ea09,1782297500.028745,1782297500.213444,184.70,200,0.08157681100055925
d6c71fa1-c583-4d39-92e6-bfb0cf02b2c2,1782297500.229878,1782297500.294837,64.96,200,0.05933747699964442
24c3e5d4-aa41-4912-8b2f-f8bae65ae44b,1782297500.322336,1782297500.398863,76.53,200,0.07069689100171672
9c5ef6d8-aea1-4d06-a819-bf55e777a2ee,1782297500.445239,1782297500.504555,59.32,200,0.054159032999450574
70476ce3-dbf0-486c-852d-89f3c5a1e507,1782297500.488286,1782297500.558710,70.42,200,0.05273440500059223
0add9408-3851-40cf-85e6-0561e471a937,1782297500.917585,1782297500.974726,57.14,200,0.0523570479999762
681654bf-4633-4930-8567-454863b44097,1782297501.105186,1782297501.167489,62.30,200,0.0559647899990523
3088be05-8ae8-4141-adfe-845e650cd5cd,1782297501.235956,1782297501.306300,70.34,200,0.06373307600006228
6c26aa52-1ae7-4333-81c6-89bc325a7b34,1782297501.259651,1782297501.337439,77.79,200,0.0704519889986841
ddbb0f4d-4a70-40c2-90f1-2dd4458159dc,1782297501.283623,1782297501.405057,121.43,200,0.06657400100084487
9cbc28ff-03ad-4361-8168-63f315e80d24,1782297501.292645,1782297501.369567,76.92,200,0.06254621600055543
2585e490-cb03-4ef2-b1ad-ebb4eb4bc584,1782297501.500618,1782297501.562069,61.45,200,0.05110256300031324
124b13f5-ad4b-45dd-b730-75f5e5cbcc84,1782297502.002058,1782297502.065189,63.13,200,0.05772360899936757
5521641c-5ed2-42f3-a583-ee0415e93795,1782297502.220861,1782297502.286653,65.79,200,0.060388960999262054
e2f1bd97-f7ab-467a-ab84-6f8f931dff28,1782297502.373125,1782297502.441432,68.31,200,0.06306036000023596
ddea683d-be09-4b1c-9bfe-8b689da4c02b,1782297502.401196,1782297502.480177,78.98,200,0.0724529529998108
4700bb9a-2cb1-4cbd-8801-56ad32b2d17a,1782297502.430198,1782297502.516352,86.15,200,0.07312776399885479
45fc8324-3a64-43cd-9227-5ac93b251738,1782297502.493692,1782297502.576949,83.26,200,0.06640286100082449
f74898dc-f6f2-40ae-804a-2c261f7ddb99,1782297505.819760,1782297505.885316,65.56,200,0.05972070700045151
da86f2a1-066f-449c-8169-cb437542821a,1782297505.948753,1782297506.025407,76.65,200,0.0685094910004409
f33608b3-70c2-437e-be4c-e8dabf49c86c,1782297505.972804,1782297506.094648,121.84,200,0.06832574399959412
153190e6-32c8-471e-a99e-3c7d6028b249,1782297505.997200,1782297506.148209,151.01,200,0.05237697699885757
2c4b3931-a76c-4aa1-baf6-3669fa17a535,1782297506.005607,1782297506.068827,63.22,200,0.057198683000024175
f84930cf-6056-40e0-b2b4-64d1873a97ab,1782297506.202851,1782297506.281447,78.60,200,0.06354586000088602
a621eb30-e91a-43c2-af8e-56f60f3034a0,1782297506.633342,1782297506.701302,67.96,200,0.062307313999554026
358a1b80-af67-47d9-9f0f-69bd35505c6d,1782297506.820688,1782297506.879068,58.38,200,0.05375771199942392
b7387f39-61ae-43d3-8553-db2bd14d0cdd,1782297506.951534,1782297507.014557,63.02,200,0.05798741800026619
e6d67408-dc01-4f8a-887a-dbe51dfce4c5,1782297506.974409,1782297507.060675,86.27,200,0.07793423699877167
07066ac9-401e-42d6-be29-648364bcd668,1782297506.998329,1782297507.101395,103.07,200,0.08262823899895011
856f41e1-a815-4c47-94a9-59b3800526f6,1782297507.007825,1782297507.167061,159.24,200,0.06509432299935725
cc64dd57-3c3d-4de9-b8f2-6978d35f7710,1782297507.215831,1782297507.284625,68.79,200,0.05711270499887178
1e758849-cec4-4c45-869c-b7eb3e8751b4,1782297507.716353,1782297507.776974,60.62,200,0.054894901000807295
f89c34ba-e406-444f-8990-9b408faf5bf3,1782297507.936596,1782297507.996680,60.08,200,0.05455476799943426
bc15c4a3-ca4e-4ca5-aab6-20467f76bf20,1782297508.088126,1782297508.149347,61.22,200,0.05485277400111954
b740cece-21e7-4c15-9e46-696c71706043,1782297508.116446,1782297508.225981,109.54,200,0.07341145200007304
ed31caed-21e2-4d71-8f17-f4094a953192,1782297508.145736,1782297508.209620,63.88,200,0.05729492700083938
574d4ad6-dfe9-4066-b7ff-2b3ec7d08dfb,1782297508.218460,1782297508.301701,83.24,200,0.06837196000014956
6e89ed5a-678c-456d-84da-301bf67f16ef,1782297508.719529,1782297508.788513,68.98,200,0.06351453299976129
fc8c858c-5e3c-418f-bdea-6581c52dfef6,1782297508.938105,1782297509.000686,62.58,200,0.056752634000076796
6b9eefb9-bab4-4045-b2fe-c766c8fa8b50,1782297509.090167,1782297509.157471,67.30,200,0.06163292499877571
24ae61f4-a272-44d8-9e7b-a32e575bd981,1782297509.119268,1782297509.220791,101.52,200,0.06145444100002351
9d993da1-558e-4ef3-a751-3e258c9525fc,1782297509.148180,1782297509.295822,147.64,200,0.07363919999988866
e9fa8f17-f5d1-44f8-8153-ad75cb4e8b72,1782297509.195739,1782297509.286139,90.40,200,0.07415412599948468
d77bea7e-2d29-4f03-8bcf-1951a4ba7456,1782297509.529022,1782297509.603157,74.14,200,0.06615554099880683
583a9baf-45a5-4251-939f-e46b8d4b14cf,1782297509.676697,1782297509.768280,91.58,200,0.0849956670008396
ca66f699-ab29-4129-9537-a8b6dcaa5af0,1782297509.776919,1782297509.857985,81.07,200,0.07346057899849257
8e5d83f0-1d10-45c7-b71f-0b790833a13d,1782297509.797274,1782297509.874427,77.15,200,0.0701932920001127
7ccaab70-fe9d-45d6-8626-4f6d9d894862,1782297509.815178,1782297509.949416,134.24,200,0.07386620900069829
75317e0d-9196-491e-ad05-95b565220286,1782297509.821738,1782297509.941275,119.54,200,0.08180696499948681
16a199a9-498c-44c0-a76c-8703d1977452,1782297510.045033,1782297510.105724,60.69,200,0.05533751900111383
90148577-9664-42cd-a30b-c2c000699f8a,1782297510.147114,1782297510.206596,59.48,200,0.05455100799918
a56a9c26-0d6e-4156-9704-1098f1501129,1782297510.204083,1782297510.280409,76.33,200,0.06357192900031805
44ff5df6-be8e-4b98-b948-40d6c61ade2c,1782297510.578341,1782297510.653370,75.03,200,0.06824015399979544
7ebaffc4-edf3-4eb8-b615-30ec355adbdf,1782297510.742881,1782297510.808105,65.22,200,0.05911448300139455
bcf13a6b-042a-4844-97ae-a937600a9de4,1782297510.857570,1782297510.928890,71.32,200,0.0655716700002813
f28a1571-c756-49b1-89f2-3f0ed3c3614b,1782297510.878535,1782297510.953487,74.95,200,0.0689399870007037
6ad0cb1b-91a1-4077-bcf5-ae683e645f56,1782297510.900249,1782297510.996378,96.13,200,0.06513670700041985
f87ef387-a9eb-4a59-93b8-ec90ff186c53,1782297510.907440,1782297511.068056,160.62,200,0.06910250399960205
e4fe1193-bab0-46dd-81ab-fdf28395dc0b,1782297511.158479,1782297511.231184,72.70,200,0.0671019500005059
c8f344f6-9d46-43ce-8c95-37280fe6b9d4,1782297511.206495,1782297511.300000,93.51,200,0.0669322120011202
278d61be-b7a9-4da1-be2d-a812b3abdd51,1782297511.581752,1782297511.641295,59.54,200,0.05392846299946541
332f774c-365d-4747-b13b-dbed9a6abe92,1782297511.746819,1782297511.803725,56.91,200,0.05179655900064972
8cb4ee91-3627-4cda-907c-2ad860d1ea35,1782297511.860239,1782297511.926410,66.17,200,0.060608092999245855
536a4352-4bf8-4793-9412-b593b258abcb,1782297511.881299,1782297512.049220,167.92,200,0.058170108999547665
f420a472-c5f3-430a-9831-c98d0ae95b3d,1782297511.902289,1782297512.049522,147.23,200,0.06151668699931179
8c2f2d2a-5de6-460a-aed2-098047914e26,1782297511.909907,1782297512.111990,202.08,200,0.06182076200093434
157b7eac-bef8-441b-9237-fe139121a12a,1782297512.161452,1782297512.224311,62.86,200,0.05748164100077702
46ab5e9e-200b-4cf9-ae54-2ae61517e1d7,1782297512.226580,1782297512.296664,70.08,200,0.05896597700120765
03ed2fd3-174c-4fd7-b24f-1129de196d80,1782297512.727658,1782297512.787600,59.94,200,0.054646765000143205
8581ce30-507b-4e1b-961a-04d365a4f95c,1782297512.947111,1782297513.012881,65.77,200,0.06032721500014304
b4367e9f-fe14-4a6a-af00-fab8098d779a,1782297513.099387,1782297513.164399,65.01,200,0.059187702001509024
576773d9-54fc-484a-9b7c-f0f2a69949d4,1782297513.127444,1782297513.235811,108.37,200,0.0701672770010191
5968f588-a198-455a-b0da-a89766ed2d73,1782297513.156280,1782297513.238406,82.13,200,0.07362797700079682
6490363d-cea4-4289-af15-693c5218d3f1,1782297513.220330,1782297513.312005,91.68,200,0.07428089200038812
43715608-729b-4308-a290-822a3af6509f,1782297513.648968,1782297513.731909,82.94,200,0.07620309000049019
7b38d39c-59ef-4de0-b5c4-b222cfdd0db6,1782297513.837422,1782297513.920284,82.86,200,0.0735622140000487
8624faa8-8817-4d1a-ac6e-9842b96fcb4c,1782297513.967019,1782297514.039734,72.72,200,0.0653223950012034
8784aeb2-c993-4f63-a3c7-d32b42e0bfce,1782297513.991236,1782297514.072669,81.43,200,0.0739600140004768
2bad8526-90bd-4398-afd4-e2fe8e100b7d,1782297514.015872,1782297514.169337,153.47,200,0.07093147799969302
995861c3-6932-42da-a779-7883f6bde655,1782297514.023899,1782297514.169075,145.18,200,0.05592495299970324
fa635aed-6ac9-4043-9f6d-5dd621d1a10f,1782297514.199958,1782297514.268529,68.57,200,0.05804462600099214
4b6befdd-684a-4582-8ffb-93f5ee17829b,1782297514.501383,1782297514.560123,58.74,200,0.05352734200096165
5c9b2ef9-8a13-4880-b6ad-44363f47c0f7,1782297514.633584,1782297514.692746,59.16,200,0.05395938999936334
ae74b108-ba67-45d0-a43e-7cca5562b23a,1782297514.724164,1782297514.784870,60.71,200,0.055597024998860434
428dca73-af30-413c-b9dc-e6ad61f4a3ad,1782297514.740171,1782297514.848289,108.12,200,0.062176655999792274
fad8492b-9aed-46a2-97b1-6efc957fd0a4,1782297514.757794,1782297514.943068,185.27,200,0.09297056500145118
49a8ca15-9ca4-435c-8027-0aa9a4894022,1782297514.763635,1782297514.830185,66.55,200,0.06007569999928819
40089e39-7772-438b-879f-d7c5aca251e4,1782297514.964766,1782297515.043905,79.14,200,0.07257760900029098
4920fe90-47fd-460c-b03c-cd97f438545b,1782297515.056315,1782297515.115136,58.82,200,0.05383221699958085
06d4b42b-490b-4039-a5fb-af6ee0869504,1782297515.179484,1782297515.241602,62.12,200,0.057174726000084775
5a983457-c16b-4733-bee0-af5e5855e1b5,1782297515.215249,1782297515.307904,92.65,200,0.064442410999618
5f73a607-047d-4e0a-88cd-ab35fda34a43,1782297515.589546,1782297515.646759,57.21,200,0.05235129699940444
857a74e9-eb82-499b-b7f5-4ef66ebc0804,1782297515.754163,1782297515.816377,62.21,200,0.05671050599994487
1cd21345-75b5-4098-9b6a-c82aab675230,1782297515.867925,1782297515.933573,65.65,200,0.060142247999465326
d8919877-01b2-462b-a647-18340e1bab21,1782297515.889101,1782297516.070436,181.33,200,0.07228264399964246
3826cc46-4f0e-45a1-988d-4289f2ec1368,1782297515.910351,1782297515.982800,72.45,200,0.0657408890001534
e77aa950-068b-40f9-8f08-ece532628451,1782297515.917952,1782297516.070670,152.72,200,0.06186955799967109
d0663a1f-8cba-43ac-b32b-f35a2623987d,1782297516.170027,1782297516.236114,66.09,200,0.061034378999465844
3fe9540e-2ee3-47e2-a40c-e44f4de64f4c,1782297516.203538,1782297516.270193,66.65,200,0.05503715400118381
d1349e61-845c-4d92-97bb-83b76ada3914,1782297516.504914,1782297516.565599,60.68,200,0.055230758000107016
56436f74-637f-4c87-b691-548ed870450b,1782297516.636001,1782297516.708889,72.89,200,0.06710722100069688
5cedeb81-8e0d-4247-bcb3-bb3374784b11,1782297516.728601,1782297516.795815,67.21,200,0.061438695000106236
04acf05a-1648-4095-865d-5305625f875e,1782297516.744826,1782297516.860753,115.93,200,0.06362822499977483
d7c4e5ff-71bb-44cc-807e-fdc02cb1d27c,1782297516.761362,1782297516.948707,187.34,200,0.08436034999976982
24ae46f6-c7d3-41cb-b668-8a7662abaf6a,1782297516.767705,1782297516.838894,71.19,200,0.06449397099822818
914d5654-56bf-4cb7-9053-f276e22f2c87,1782297516.968309,1782297517.028443,60.13,200,0.05464804099938192
d3e614ec-fc3c-42ef-b08c-a8b28d9ad01e,1782297517.059912,1782297517.133722,73.81,200,0.06888424399949145
de411d4b-1231-4c60-9d21-54bb07d6e13d,1782297517.183136,1782297517.243476,60.34,200,0.055279100000916515
d75da290-6e13-4017-84e6-48522f44ccb9,1782297517.226378,1782297517.311809,85.43,200,0.06667273399943952
9f223c15-04e9-475d-a534-986eba7663ab,1782297517.655742,1782297517.719278,63.54,200,0.057922559999497025
5df8f015-c146-477d-a8e2-55281041216b,1782297517.843810,1782297517.903879,60.07,200,0.054822144000354456
d38358b4-96e6-45c4-b927-4dc75099b04c,1782297517.974326,1782297518.037607,63.28,200,0.05771729600019171
741ec372-e636-4cff-8ae0-066ba3bcdd25,1782297517.998390,1782297518.065129,66.74,200,0.06066572000054293
e2e8da8b-68bd-4cf2-bd74-3d5a4b6dbd25,1782297518.022291,1782297518.119554,97.26,200,0.05334672699973453
79ff436b-e9a2-43f2-8937-e371727c2b24,1782297518.031143,1782297518.191596,160.45,200,0.07090270799926657
c8e6e24d-b065-42e3-8ade-31a9204e45f3,1782297518.230713,1782297518.296385,65.67,200,0.054689030001100036
4ad28831-092e-4e05-a5d7-5caca20a78be,1782297518.660091,1782297518.731338,71.25,200,0.06495649200041953
193b480b-4e5c-4106-bc1b-0ed165e1e0f7,1782297518.847838,1782297518.913644,65.81,200,0.060435740000684746
d06547e1-004f-4c1d-9e97-ce072c06c404,1782297518.978100,1782297519.038066,59.97,200,0.055143752999356366
9296ea67-0751-489e-b53d-b7e21e580585,1782297519.002104,1782297519.100808,98.70,200,0.06158224700084247
91e7f510-cea0-4f74-9e1a-24c8389bbd31,1782297519.026873,1782297519.156583,129.71,200,0.05477479100045457
bfd38cf3-fcce-4c04-8a89-5846bfe41209,1782297519.034890,1782297519.231926,197.04,200,0.07391077000102086
3276921b-97f8-4551-b3ab-ddd4c549cbe4,1782297519.232140,1782297519.300842,68.70,200,0.05719493099968531
4054bdbf-548f-4636-a57f-ada1cf8f311d,1782297519.661212,1782297519.730057,68.85,200,0.06314843100153666
b2258d29-fbe9-44d9-b59e-73f6c7e34fab,1782297519.850601,1782297519.919154,68.55,200,0.06293555700176512
5d2fad49-6dcc-4e90-8ef5-7a07402faf0e,1782297519.979640,1782297520.043035,63.39,200,0.05829626099875895
518d5c89-d5d9-4761-b872-0077960558f6,1782297520.003646,1782297520.072669,69.02,200,0.062181514000258176
89767f22-d279-47f4-a8f7-dc751727b5f0,1782297520.028638,1782297520.109411,80.77,200,0.06499448199974722
20f0d70e-64c5-4443-acbd-7e383b5f6273,1782297520.036785,1782297520.163195,126.41,200,0.052621541000917205
71629bba-121a-48fa-a2d1-cff4ca9db22d,1782297520.219524,1782297520.298678,79.15,200,0.06682026300040889
39f2f433-ec59-4990-b3f1-c91d9a02b8df,1782297520.552621,1782297520.612294,59.67,200,0.05462490700119815
f82e29fd-c26a-4d67-88a9-4dde5f03608f,1782297520.698826,1782297520.771929,73.10,200,0.0682048680009757
02c146c8-f382-45dc-a20f-9d7bfa850949,1782297520.800376,1782297520.864588,64.21,200,0.05901502699998673
b01557bf-aae6-4f93-aaf9-065900b3d21b,1782297520.820454,1782297520.932501,112.05,200,0.0666925400000764
25ea877b-0940-4c73-ab79-714a5b00d014,1782297520.838108,1782297520.909258,71.15,200,0.06386369000028935
63f1d090-007a-4841-979c-02ed0d81f069,1782297520.844839,1782297520.986414,141.57,200,0.07561616100065294
1b8afeea-d2ab-409c-87e8-000b4f3e734f,1782297521.068899,1782297521.130476,61.58,200,0.056306974998733494
75fcf48b-e5d4-4478-a942-5f78b8d80cdd,1782297521.170860,1782297521.231028,60.17,200,0.05484321699987049
cc9bce64-59db-46ce-83b9-150a3fd69bb3,1782297521.236008,1782297521.313825,77.82,200,0.065910363000512
f75fa26c-d63e-4cc0-9dea-588ef1aece66,1782297521.665625,1782297521.724270,58.65,200,0.05383483500008879
221fec59-27cc-4d00-88fa-a9a3833c65e7,1782297521.852773,1782297521.912033,59.26,200,0.05443473500054097
48285a1a-d494-42df-8551-cc94c4528965,1782297521.984402,1782297522.045286,60.88,200,0.05439242899956298
643b5cee-c628-4284-b3fe-4d2eaf9b0f41,1782297522.007341,1782297522.133528,126.19,200,0.08577987500029849
d759a8dc-95f6-4b38-9fa9-6f0b076d118b,1782297522.031646,1782297522.102098,70.45,200,0.06314325499988627
f26f46ae-2b89-4f3c-93df-f29286ba1125,1782297522.040588,1782297522.204756,164.17,200,0.07000080600118963
604f1f7f-6151-49c1-8add-9133b6e7b60c,1782297522.230488,1782297522.317806,87.32,200,0.07274670599872479
b42869c4-3eca-459c-ae0a-340f4d7e15ed,1782297522.606500,1782297522.673866,67.37,200,0.06225409999933618
4adfa037-f541-45a2-870d-3734906a40b1,1782297522.770392,1782297522.828509,58.12,200,0.0522947480003495
9a2e5d85-ea92-4e12-a50f-bdbbafb58fe7,1782297522.884079,1782297522.954166,70.09,200,0.06461835099980817
31d97763-6587-471b-a99f-3ccd91e244fc,1782297522.905068,1782297522.975712,70.64,200,0.06388789300035569
52c128c1-0b50-409c-9c3c-962abff5ccad,1782297522.926152,1782297523.035653,109.50,200,0.05916029299987713
8dec8eb0-5c21-4beb-a4a2-a0a91fcd1a19,1782297522.933694,1782297523.020071,86.38,200,0.06427453600008448
5fe64071-5a11-474f-9986-34502a173e8e,1782297523.185176,1782297523.265899,80.72,200,0.07252970400077174
9e4660d6-a9a9-4259-90ab-d0642152af9b,1782297523.252025,1782297523.324284,72.26,200,0.05827147799936938
07e673ce-53dd-4956-aaa5-b5ca8af0866e,1782297523.753327,1782297523.811977,58.65,200,0.05317065900089801
8d12be66-052d-4eb7-b794-8e3c8e6cf719,1782297523.972500,1782297524.034256,61.76,200,0.056149990999983856
29316ceb-d42f-4f77-bffa-61eae3281013,1782297524.124840,1782297524.189912,65.07,200,0.05993626700001187
a77ad42b-dce0-4f7a-bab4-1fcb22d1d2a1,1782297524.152915,1782297524.247550,94.63,200,0.05641727700094634
a1b560b5-3ce3-45e9-afc0-8bc89362c503,1782297524.181746,1782297524.311901,130.15,200,0.06323746599991864
d8654229-aaaa-48ca-a013-993d040536b8,1782297524.269584,1782297524.348479,78.89,200,0.06614385300053982
3b1a2c63-2521-4563-9e59-995cd3a81998,1782297524.871728,1782297524.946091,74.36,200,0.06872304399985296
2f7f4dfe-a5d8-4058-9964-769aca0d5495,1782297525.134534,1782297525.194368,59.83,200,0.05470982100086985
25e3b4b5-e6d2-482e-9486-80a957b387d1,1782297525.245184,1782297525.308362,63.18,200,0.05310526700122864
4860d163-52fb-424e-b2c1-969b9086bd1a,1782297525.317779,1782297525.379399,61.62,200,0.056262344998685876
f509b4f0-6bb5-4c47-9d2d-14908af2fa0b,1782297525.351655,1782297525.452934,101.28,200,0.0722631309999997
3c6d7b5d-4673-4f74-8121-7637c070bb1b,1782297525.674204,1782297525.738496,64.29,200,0.05799740600014047
3c12fa9b-d096-43ea-ae22-676f4cc1791d,1782297525.862099,1782297525.931194,69.10,200,0.06256080899947847
a83ae2a9-6163-44b7-ae06-1e45ca77b2b2,1782297525.992686,1782297526.072601,79.92,200,0.07161074700161407
a2892647-051c-461a-af3b-e999d9c97335,1782297526.017237,1782297526.229378,212.14,200,0.08448821699857945
433c84f6-adcb-432a-8744-dda0208c1734,1782297526.041259,1782297526.114561,73.30,200,0.06729046700093022
a4eae8fc-6505-4c70-91a5-097b0ef8a7de,1782297526.049789,1782297526.229026,179.24,200,0.06690410100054578
87b689b8-c60d-43a8-8ea9-1253734148f6,1782297526.247070,1782297526.312500,65.43,200,0.05445884399887291
7cdfb7d4-3f25-4cca-b544-373cc3aebc02,1782297526.676370,1782297526.754556,78.19,200,0.07006619200001296
94461a1b-17b0-4fc5-bcdd-c54544e350ce,1782297526.864053,1782297526.943244,79.19,200,0.07364678500016453
74e88300-205d-4c84-921c-42d53e8deb03,1782297526.994670,1782297527.058234,63.56,200,0.057495476999974926
c275f7bc-8e66-4d2e-a5b1-0f5c7e5bd4ac,1782297527.018570,1782297527.085421,66.85,200,0.06035378599881369
3ab3e7d1-88a1-4986-b026-b35a04b38eea,1782297527.043309,1782297527.119931,76.62,200,0.06100272500043502
f6e450fc-0dd4-4090-ab72-94af5d86e97c,1782297527.052094,1782297527.146338,94.24,200,0.05968282300091232
b77d9f51-c6f5-47b8-a91c-58942a955207,1782297527.241343,1782297527.305481,64.14,200,0.05318440699920757
e5e2e4c3-9798-444e-9603-339b42369569,1782297527.616190,1782297527.677439,61.25,200,0.05625938400044106
826a9cd3-ce5b-40c4-aa39-d61007576bb2,1782297527.781989,1782297527.848977,66.99,200,0.0610181409992947
45120e54-05ff-4aea-b956-c39e77640107,1782297527.895402,1782297527.961153,65.75,200,0.06042698300007032
52ec62d5-a35f-432d-9205-0e7fa3c4f2e7,1782297527.916284,1782297527.982593,66.31,200,0.06093985400002566
f848ab92-28f7-4513-b95c-02b195c02d87,1782297527.937706,1782297528.041694,103.99,200,0.0579920559994207
3d6c5e2c-198d-4bfc-a6e7-397d2c88268f,1782297527.945096,1782297528.106195,161.10,200,0.0630743559995608
598de0b8-3f26-44db-bcc6-87ca643b6b71,1782297528.196782,1782297528.256983,60.20,200,0.05463945399969816
bcac288f-ba5b-4b20-b400-90f5d113c6af,1782297528.251869,1782297528.338511,86.64,200,0.0698471289997542
e6ae278c-44cc-4ed5-8ed8-976a99014dba,1782297528.680128,1782297528.749564,69.44,200,0.06415257899971039
abe109bc-2f7d-4bf6-a9d4-eca605e0763d,1782297528.869032,1782297528.933567,64.54,200,0.059674107000319054
7e29ed90-4aeb-4b00-8576-f7d17ce4bbb5,1782297528.998981,1782297529.059877,60.90,200,0.0557680710007844
e70e4279-483e-49b2-8edc-1d1dae7bb492,1782297529.022901,1782297529.122170,99.27,200,0.061042319000989664
dfd25bee-0689-4726-bdf4-dd7edb33cf09,1782297529.047534,1782297529.118590,71.06,200,0.06279594999978144
2f5b66e0-9fdf-4e1c-8b2f-6f064d03fc7d,1782297529.056403,1782297529.177621,121.22,200,0.05375903799904336
4e5366cb-b5f0-4254-8fe8-9295741cdfac,1782297529.253389,1782297529.319011,65.62,200,0.054649709001751035
ea02ba53-319d-4e8e-a03a-5bf113c34644,1782297529.683017,1782297529.780817,97.80,200,0.08384780899905309
d422bc69-728d-4a1b-aa55-ae3a0318b086,1782297529.870333,1782297529.937430,67.10,200,0.061691533001067
d9d04de2-9d31-480a-ac25-179201486d3e,1782297530.000882,1782297530.069914,69.03,200,0.06262147900088166
ef336802-c0b4-45f2-8b41-8fc1cfd93ec4,1782297530.025212,1782297530.146412,121.20,200,0.07348596300107602
7f75aca5-d67b-438a-8293-ee3176eeb954,1782297530.049406,1782297530.116530,67.12,200,0.0601575069995306
db60c5fc-8639-442a-8999-dd705f9e54f8,1782297530.058142,1782297530.173445,115.30,200,0.05571333400075673
ab2a3252-d958-4d05-b758-2437cb4dde2e,1782297530.247639,1782297530.318671,71.03,200,0.05926167299912777
4514198b-8c76-477f-bced-edf3600dedc9,1782297530.622412,1782297530.682172,59.76,200,0.0546488820000377
7738871f-d7e5-4b00-962c-85a4b39de696,1782297530.787634,1782297530.873184,85.55,200,0.08016198900077143
61692a76-2427-4166-bb6b-14495333588e,1782297530.901718,1782297530.974439,72.72,200,0.06652669399954902
8893295d-92cb-49bb-b33c-12fcfb1b9ddb,1782297530.922856,1782297531.035161,112.30,200,0.05961024999851361
a56f1366-aa3c-4368-9802-1cc6830eeada,1782297530.943470,1782297531.099884,156.41,200,0.06360001900065981
f0fa60d3-4c1d-4415-b403-370339f873fc,1782297530.951579,1782297531.153929,202.35,200,0.052880678998917574
5459b53e-682e-4721-81d2-905c7253a6a5,1782297531.202297,1782297531.277097,74.80,200,0.06606925199957914
1bbcc3b0-ec4d-4aea-bae6-24aaea45375d,1782297531.242697,1782297531.339690,96.99,200,0.06142173999978695
c912fe96-e2ef-4917-b2f1-a74144ff3014,1782297531.577599,1782297531.639978,62.38,200,0.05721192700002575
a55a2259-48d5-472b-9bef-6844a4e0cb70,1782297531.722514,1782297531.789709,67.20,200,0.0618340069995611
a919714b-29d2-4789-8210-2f414513ed0d,1782297531.824099,1782297531.898128,74.03,200,0.06855727999936789
4fdb6a22-b562-4d0e-b3bb-7169e4c07ad9,1782297531.844254,1782297531.926803,82.55,200,0.07604299100057688
838ff450-99b1-4bff-8065-5d5aff63f1e0,1782297531.862097,1782297531.961129,99.03,200,0.06126073400082532
8153b47e-5d73-4d7e-afae-615abca0d8b6,1782297531.867978,1782297531.993101,125.12,200,0.06455611099954695
a5cd6aa5-832f-4594-8eb3-d8a3c743e874,1782297532.091581,1782297532.149808,58.23,200,0.0532420830004412
089e4f0e-aab0-46ef-8f6b-f904a968ab9b,1782297532.194204,1782297532.256959,62.76,200,0.057826475000183564
e280cc41-fce5-4af8-aa90-db16d1e9c2f4,1782297532.285411,1782297532.350351,64.94,200,0.05394051499933994
15fa0667-13d9-48ce-a86c-040ad655835f,1782297532.888432,1782297532.951721,63.29,200,0.05782412600092357
e3fd1904-4c0d-4d1d-9739-5bf802d83259,1782297533.150469,1782297533.227189,76.72,200,0.06794198799980222
c044ce01-bc92-436e-b707-e9abdb01a51a,1782297533.253714,1782297533.328859,75.14,200,0.06299507800031279
86ff37f9-9219-44e7-9568-dd565f9c2ddc,1782297533.332723,1782297533.402054,69.33,200,0.06417214700013574
4037e4f4-606a-49d4-bbaa-b555e557dcd2,1782297533.366602,1782297533.447110,80.51,200,0.07150672299940197
21085981-d094-43d4-ab40-a672db0dc686,1782297533.628772,1782297533.698729,69.96,200,0.06473590700079512
e11e2464-311c-4a2f-854d-707c3f17e54e,1782297533.793231,1782297533.858410,65.18,200,0.06026993900013622
9116bd19-3d55-4700-b1bf-cb12140a6fda,1782297533.906835,1782297533.969322,62.49,200,0.05730481899990991
de3c8138-493d-46a7-8c38-41c35e056638,1782297533.928689,1782297533.994517,65.83,200,0.05932188699989638
a87add7f-2da5-448c-bdb8-42555236999a,1782297533.950273,1782297534.049388,99.11,200,0.05345712099915545
02a1bc2b-fabd-4b57-b32c-a6c3b4fd8ca4,1782297533.957073,1782297534.129744,172.67,200,0.07677804999912041
49ee3b6f-14b7-4743-8aea-7193cc225569,1782297534.208163,1782297534.282078,73.91,200,0.06799526100076037
6aaa1a9c-0b77-459b-bbf2-6f047a8f70ca,1782297534.255741,1782297534.332916,77.17,200,0.06207915200138814
5919a9d9-7c6b-41ab-b3de-22906db431d1,1782297534.630584,1782297534.690160,59.58,200,0.05474106300061976
87c18b5a-1eb6-4b4c-8909-61110e917042,1782297534.795648,1782297534.870019,74.37,200,0.06805743900076777
c63112cb-9722-4c2d-b590-5b72eabfcd30,1782297534.909634,1782297535.004221,94.59,200,0.08456679599839845
d844e07d-20d3-43a9-adf2-bbcfb106f5e7,1782297534.930450,1782297535.096824,166.37,200,0.09018723900044279
9c20305c-34d8-4130-b47e-3201720bdb66,1782297534.951335,1782297535.165587,214.25,200,0.06760588500037557
d7bdd876-4c0b-45ab-be74-0180621f33e3,1782297534.959341,1782297535.037222,77.88,200,0.07076930800030823
4a63cdec-a952-4f2d-8029-0afa44bf8ed1,1782297535.210012,1782297535.270120,60.11,200,0.05468091899820138
40a57dd8-2021-4adc-a3a5-733a49ef3a21,1782297535.267890,1782297535.337409,69.52,200,0.057471854999676
5adacc1a-8ce5-4804-8a97-7b9940a82891,1782297538.453696,1782297538.514735,61.04,200,0.05596332399909443
0379a6f7-0878-4802-ba80-b48d4baee1dd,1782297538.641248,1782297538.709448,68.20,200,0.0622908510013076
aadd1cb7-37fe-4f36-9154-e8e634443b99,1782297538.771913,1782297538.840457,68.54,200,0.06289503699917987
56fba5ef-2321-4359-9d50-9e633f32411a,1782297538.795880,1782297538.870416,74.54,200,0.06692764399849693
1c4e8b67-3678-405e-8945-fb3759adec46,1782297538.819977,1782297538.945129,125.15,200,0.07368959299856215
7f4350bd-80aa-4a29-8e13-79bff107d280,1782297538.828279,1782297538.914377,86.10,200,0.07206827699883434
84a20d71-e74e-491d-83c4-f493ded678a2,1782297539.016336,1782297539.118049,101.71,200,0.08785680000073626
454a4e14-2a46-4177-b4ae-eb374a4a8ce0,1782297539.390802,1782297539.463869,73.07,200,0.06544948599912459
c22a88a5-5a8b-4ef3-a3c4-41a0aa096498,1782297539.555408,1782297539.621371,65.96,200,0.06073164800000086
c9ae36cd-8f77-4d60-8d3a-0b2870900798,1782297539.669791,1782297539.741596,71.81,200,0.0652704790009011
f42cd27e-8786-4faf-b7e4-318c4ebe7755,1782297539.690735,1782297539.898292,207.56,200,0.08339266300026793
5fb60ecd-80eb-4c60-b21f-34669a5c293e,1782297539.712203,1782297539.898572,186.37,200,0.06749373800084868
395cf7b9-ff75-436f-ba7a-c60d4f47108b,1782297539.719943,1782297539.966586,246.64,200,0.0673830560008355
384e8c5c-714e-4dbe-b5dc-f9956f4f8b38,1782297539.971061,1782297540.031685,60.62,200,0.05556175799938501
b26452d9-b3ce-4056-a8ab-6a6dadd95547,1782297540.019624,1782297540.088247,68.62,200,0.05499417099963466
5ff15e9a-c018-4b57-a6ab-469cfa520e99,1782297540.394925,1782297540.455251,60.33,200,0.05503013499946974
108ae717-dc27-4600-9ba2-f735ab08d32e,1782297540.559813,1782297540.620016,60.20,200,0.05527824999990116
63c91bcc-36a8-4c20-ba5f-56bb08cf2d90,1782297540.673484,1782297540.743386,69.90,200,0.0640679940006521
554f1d35-4261-43de-9ee4-8f60dbb0eafa,1782297540.694739,1782297540.765246,70.51,200,0.06341142199926253
c1b584fc-85a6-4486-aba0-96a1875cf24a,1782297540.715743,1782297540.806360,90.62,200,0.0619130689992744
903036b8-e032-44df-a68e-3f1ab1e587ba,1782297540.723515,1782297540.841782,118.27,200,0.06839983200006827
f0a3f7df-e136-436e-af40-ce31260ee99b,1782297540.974283,1782297541.050093,75.81,200,0.06807735099937418
6cdd1814-5db7-4038-9998-af9720de5723,1782297541.013758,1782297541.082761,69.00,200,0.05709883300005458
b5a2c138-1ee3-4780-a52e-f83a4280b7c4,1782297541.347414,1782297541.408024,60.61,200,0.05526644800011127
279aa876-fca9-4b61-af89-c08e2c31b81a,1782297541.493658,1782297541.555958,62.30,200,0.056612577000123565
daf3c023-4700-4d6f-81e6-2d5abf10adcc,1782297541.594440,1782297541.665357,70.92,200,0.06524054700093984
182a6b9b-a7f3-4970-88a7-6ea91a89747c,1782297541.614423,1782297541.729918,115.50,200,0.062960885999928
82a6dbdd-92c1-4dc1-8faf-1639b554f1b8,1782297541.633132,1782297541.792456,159.32,200,0.06188118099998974
0b7e7447-9f98-4885-ace3-7ca2a9a11eb1,1782297541.638841,1782297541.718138,79.30,200,0.0723516540001583
c4e3f63b-d312-4699-a7c9-cec1b7f80009,1782297541.862932,1782297541.924164,61.23,200,0.056259172000864055
9e3e625a-b0e9-4f9f-8737-d10c13ec8859,1782297541.964575,1782297542.022358,57.78,200,0.05292943899985403
ecbc0031-f223-4aa1-a55e-52563a845e1f,1782297542.023000,1782297542.088843,65.84,200,0.05487230300059309
677ddbd5-27d9-4db1-87d1-203f00cf458e,1782297542.397662,1782297542.547463,149.80,200,0.14192390500102192
f2711871-ff10-47d2-990e-975d68ebfcd0,1782297542.562168,1782297542.665597,103.43,200,0.09430977000010898
92a98be7-35b1-4d50-acb2-bc342e6fb336,1782297542.677435,1782297542.783369,105.93,200,0.09252691799883905
b78c534d-1aa7-4f45-b568-1cfddaec84f6,1782297542.698009,1782297542.789457,91.45,200,0.0794849649992102
514b914a-b9c7-4998-8c8d-702dfe949e34,1782297542.720603,1782297542.863463,142.86,200,0.07936654599870963
848d0efb-8ba7-4d3c-ab31-5b306978bb0c,1782297542.726186,1782297542.865992,139.81,200,0.07536339699981909
1a8a4fba-24c1-4fa7-9034-efbee905bbbb,1782297542.978435,1782297543.040778,62.34,200,0.05704322999918077
7d73237a-83f3-4307-8aaf-d350cd5a8b9c,1782297543.017955,1782297543.087699,69.74,200,0.05644089700035693
e5c96cf4-0cdb-4199-b40c-2bcdbf60dd72,1782297543.351470,1782297543.415233,63.76,200,0.05797394000001077
fb857d0b-9d96-41c0-a3d1-d5cd3ed9f54a,1782297543.497712,1782297543.557960,60.25,200,0.05497896300039429
6f5a0302-c87c-442f-83e5-9144b18e5915,1782297543.599345,1782297543.666043,66.70,200,0.061055827000018326
d1bbfdf0-4438-44c3-b15b-7b17feab18e8,1782297543.619145,1782297543.727636,108.49,200,0.06036891199983074
5da01baf-b370-40e6-a1ef-6961fc21de1d,1782297543.636636,1782297543.787924,151.29,200,0.059137831998668844
6a181cb9-3566-47d2-9e3c-4755d6b652c9,1782297543.643191,1782297543.716044,72.85,200,0.06523151900000812
2a55207a-4fea-499c-80c7-a91e1a57d2f6,1782297543.867427,1782297543.928108,60.68,200,0.055513982000775286
7c489f03-7cd5-49d0-9030-6b402cfd78f8,1782297543.969569,1782297544.046567,77.00,200,0.0683842159996857
7fed49af-5471-46db-b74a-8fab874947d7,1782297544.027243,1782297544.097136,69.89,200,0.05664297600014834
811c0e94-bc9a-4f87-9ceb-53bc42b92fbd,1782297544.401994,1782297544.462157,60.16,200,0.054939970999839716
07ae7bb8-82f6-4f4e-ba22-2a1a4896b166,1782297544.567691,1782297544.629040,61.35,200,0.055970841998714604
69e15791-b415-49ef-a8ee-8bb6f5a78f6e,1782297544.680521,1782297544.755864,75.34,200,0.06988824100153579
1511261d-3c00-460b-bf04-51a978566da4,1782297544.701748,1782297544.793256,91.51,200,0.08146365100037656
3a0a2186-30a7-4432-a0fc-7a9886787a70,1782297544.723399,1782297544.863151,139.75,200,0.06916156700026477
4251ca44-88e6-4597-8a1c-14a33c25690e,1782297544.730508,1782297544.820063,89.56,200,0.06302195600073901
a5571847-c6fa-4f06-ac95-d1c7f5f99fb1,1782297544.982628,1782297545.046115,63.49,200,0.05792764000034367
d8791cf1-5431-4352-a88b-4662a35efe32,1782297545.024265,1782297545.095897,71.63,200,0.05831381200005126
55c2c8af-08ac-40b1-9d5c-e77dd328a141,1782297545.357659,1782297545.420635,62.98,200,0.05747007700119866
ec878259-cf54-4bdb-b597-25ab3cce1967,1782297545.504052,1782297545.563337,59.28,200,0.05331147899960342
e93d1501-c853-41f1-a850-fbee97558949,1782297545.605726,1782297545.674122,68.40,200,0.06287873499968555
3972abf0-5852-4c11-904a-a1685e829939,1782297545.625578,1782297545.715592,90.01,200,0.08068288499998744
15f3ebf6-58c3-4b2e-b3b1-d66d01df215c,1782297545.643561,1782297545.745146,101.58,200,0.06965881799987983
51657a18-f983-404d-8e9a-206d3df3853b,1782297545.649437,1782297545.797981,148.54,200,0.07904955500089272
5696c51a-c0b9-42bd-b5c5-e128b6feeb83,1782297545.873356,1782297545.934609,61.25,200,0.056102974000168615
3261517e-9f87-45a4-b560-c513d7f287be,1782297545.974988,1782297546.046971,71.98,200,0.06630295499962813
96654c9d-f89b-4144-87ed-37f6beb35345,1782297546.024785,1782297546.126571,101.79,200,0.07578627799921378
1abf7923-e95e-4f3c-8378-aa481ac51ee5,1782297546.358287,1782297546.436253,77.97,200,0.0723786979997385
a2da04dd-c7fb-45d7-8d13-ed7733bf21f4,1782297546.504677,1782297546.564540,59.86,200,0.05500651900001685
039309db-b576-4bfb-819a-7280210aef72,1782297546.606084,1782297546.677708,71.62,200,0.06588209300025483
b7af0350-384d-4234-a540-cf9b51923912,1782297546.626108,1782297546.767022,140.91,200,0.08509906300059811
62dec1cd-2ddb-4638-a97d-c973dc8bcfbd,1782297546.643133,1782297546.719841,76.71,200,0.06920348799940257
9e6c898c-f937-4bf3-b1c6-e8c99caba372,1782297546.649943,1782297546.853685,203.74,200,0.0810365039997123
111eb43c-6e57-409a-822d-b932c1ebfd36,1782297546.874222,1782297546.939695,65.47,200,0.06036169300023175
943fc2a9-4d4d-4ef0-a086-1e49798fac08,1782297546.977160,1782297547.051962,74.80,200,0.06905032900067454
509cab64-394d-4850-a211-431368085651,1782297547.035234,1782297547.125924,90.69,200,0.0720528789988748
fe57a50e-5810-440c-b180-a82bf3a8ad85,1782297547.409895,1782297547.470054,60.16,200,0.054791726000985363
d4d8dfcb-c247-4b19-9931-c422c6f6b9ab,1782297547.575543,1782297547.635355,59.81,200,0.05466020500170998
9b617e25-1476-4087-bb15-6f7bbbe4ab0f,1782297547.688789,1782297547.751408,62.62,200,0.057285347998913494
0a557a8a-cfbc-4c45-a107-227bce454d4f,1782297547.709826,1782297547.775612,65.79,200,0.05941136699948402
ce2c0042-6a82-419e-8b43-a5b19725d9a3,1782297547.731450,1782297547.843666,112.22,200,0.06663444599871582
bbc71158-ed1e-474c-8ec5-5a48245beb99,1782297547.738591,1782297547.903014,164.42,200,0.058264313000108814
1d1b6729-71cf-4bff-9a56-6038a5ab5769,1782297547.989485,1782297548.059843,70.36,200,0.0643821100002242
2da69095-4212-4ab5-98db-7d328f090040,1782297548.037145,1782297548.113208,76.06,200,0.06102683400058595
68c28497-c9ad-45ab-a8df-d771cc4ff846,1782297548.412005,1782297548.474053,62.05,200,0.05671427600100287
45d03c8b-c7ef-4dcc-976c-fdad0633b023,1782297548.576527,1782297548.637886,61.36,200,0.055348154999592225
8836282a-1bfd-4554-8510-66c687edd02c,1782297548.691323,1782297548.759115,67.79,200,0.0625006169993867
652f3181-3f63-4800-8800-565b9951e5c3,1782297548.711334,1782297548.783447,72.11,200,0.06642578300125024
e92c2abc-0407-4070-88e1-93b5a8218e22,1782297548.733153,1782297548.852844,119.69,200,0.06777820200113638
a6e527a3-ff95-4187-a10a-adfed41f7dc4,1782297548.741022,1782297548.909346,168.32,200,0.05539488300019002
d2cd63b8-c998-4f9d-b887-76b146c513be,1782297548.991759,1782297549.051620,59.86,200,0.05427545000020473
c350033c-4204-439c-9f9d-61a6edda42a9,1782297549.039474,1782297549.112737,73.26,200,0.058821978000196395
f088ad58-861c-4b2a-a0c9-7d7a09451586,1782297549.413573,1782297549.474040,60.47,200,0.055124428999988595
1d5ca0f3-e5dd-4878-8af4-06247ea7a9fb,1782297549.579517,1782297549.638472,58.95,200,0.05353382099929149
06940f68-7119-4ed1-acf4-e7fd733e22dc,1782297549.693052,1782297549.759239,66.19,200,0.06052891699982865
df3fe831-f861-47e1-bfe1-995b62217f40,1782297549.714038,1782297549.826012,111.97,200,0.06555573700097739
c3e9804d-2a33-40ad-ba5b-d530b49f1f08,1782297549.734903,1782297549.823833,88.93,200,0.07805795800049964
bb3a6797-a190-4ff0-9ee9-c74b68a96470,1782297549.742638,1782297549.897087,154.45,200,0.07211858699884033
6fd6e7cb-17b8-4a86-a2a1-a2479f9f8c55,1782297549.993592,1782297550.054445,60.85,200,0.05577188299866975
6626c510-147e-4d49-b13d-8766d094b0cf,1782297550.041178,1782297550.110086,68.91,200,0.05412769699978526
23ca3917-9e53-4b19-84f9-29e9d3b80ccf,1782297550.415744,1782297550.476197,60.45,200,0.05524912799955928
f142000a-ee22-4508-bead-d9bd3c7f0eec,1782297550.581706,1782297550.642393,60.69,200,0.055405453000275884
ccd15b2b-eea8-4463-8956-7dae8f8f560a,1782297550.695801,1782297550.788298,92.50,200,0.08322480899914808
7699b97c-946c-41f8-8a74-1977e12f4090,1782297550.716760,1782297550.797033,80.27,200,0.07225905700033763
feb5f9c2-8dbf-496c-8e4c-ba1417d715d9,1782297550.737949,1782297550.873150,135.20,200,0.07509224599925801
ba293566-0a80-4d8b-8b58-10b3a47060db,1782297550.744711,1782297550.869590,124.88,200,0.07982054300009622
441951d1-f9df-496a-aa67-b528af155b47,1782297550.995649,1782297551.057858,62.21,200,0.05685033400004613
9d85f7e5-0643-4093-abf0-5475d0e6bc16,1782297551.043717,1782297551.112524,68.81,200,0.056205519000286586
e3cdf773-ec37-443f-8ca2-d756fbbb5f4a,1782297551.418649,1782297551.478593,59.94,200,0.054493147999892244
1f512ee5-5821-4841-909e-c4fac67f84f3,1782297551.584157,1782297551.646191,62.03,200,0.0563762889996724
1152c78b-556a-4a9f-8e46-bfe2d7e24224,1782297551.697587,1782297551.767124,69.54,200,0.06359696899926348
9284b64f-55c2-42aa-a48e-e3e69ebb7ea0,1782297551.718734,1782297551.910441,191.71,200,0.07987526200122375
df2c42fd-9333-4c90-802b-0de5fc779477,1782297551.740661,1782297551.910736,170.08,200,0.058714217999295215
4fb871ea-12f7-4b18-aed7-db41e1389dd3,1782297551.747493,1782297551.815907,68.41,200,0.06058716799998365
92a9d80e-7c81-4e72-9916-a38b69bbd368,1782297551.999068,1782297552.061604,62.54,200,0.05701116700038256
4fba4eaf-d687-4a3a-b863-d5ef36acba75,1782297552.038182,1782297552.120768,82.59,200,0.05752070100061246
ad9de7ed-5d67-488d-9dd2-1ab1a5524cc4,1782297552.371747,1782297552.444219,72.47,200,0.06724371900054393
9c49b4d3-6459-4606-8a02-180fff08a1d4,1782297552.517705,1782297552.594117,76.41,200,0.07027625599948806
bc8ade5e-6837-4259-a5e3-1d9c58f55ac7,1782297552.619599,1782297552.694499,74.90,200,0.0690190999994229
b36ce0fa-a405-4929-95c0-645764219898,1782297552.637889,1782297552.764337,126.45,200,0.06834230499953264
f6b85850-3a5a-42a9-b009-b5ae37a85a14,1782297552.656737,1782297552.827060,170.32,200,0.06026615999871865
a206eca0-8a35-45b8-a000-75fc4cda8d35,1782297552.663669,1782297552.911481,247.81,200,0.08176123200064467
ef4b7437-fcf4-4e5e-b7c8-595f92a420c2,1782297552.887570,1782297552.984820,97.25,200,0.07196771100097976
8f592e6b-08c3-43fd-9040-a551de59bf07,1782297552.989375,1782297553.050174,60.80,200,0.05549836600039271
85befb01-d25a-4e14-9ca2-d90e0870cdb2,1782297553.055479,1782297553.119237,63.76,200,0.05308207800044329
eb51c872-c7fb-4ed3-a0f7-4398d78e6902,1782297553.484480,1782297553.550957,66.48,200,0.060880605000420474
eb42f7ee-696f-4b66-9633-fe64e5b811f1,1782297553.672626,1782297553.732310,59.68,200,0.05417634800141968
56701a05-7d0f-45c3-bfc6-136fc0bbe4c3,1782297553.802746,1782297553.864440,61.69,200,0.05653302300015639
fd81993c-0195-4135-904c-b9dad0550e35,1782297553.827707,1782297553.896511,68.80,200,0.06245487900014268
45f75710-ec71-4d17-ab0c-e7f9ae0ded48,1782297553.851744,1782297553.933688,81.94,200,0.06768028599981335
11e55429-c942-4340-807f-04a417972f8d,1782297553.860184,1782297554.002577,142.39,200,0.059952679001071374
40ad07b1-cd84-41a7-ad8a-436ae51bfe85,1782297554.050845,1782297554.115246,64.40,200,0.053718371000286425
132597af-86a3-43f0-a7b6-97cbc4899046,1782297554.426066,1782297554.491038,64.97,200,0.05971952800064173
e7f17870-e110-4d3c-88d2-8b60b21bd977,1782297554.590570,1782297554.648966,58.40,200,0.05338155800018285
f7b5f663-0030-4c52-92c8-eace8a5fbf9c,1782297554.704381,1782297554.765685,61.30,200,0.056037307000224246
4e8189a0-e793-4063-9974-57a1ffc23395,1782297554.725301,1782297554.853897,128.60,200,0.08410450500014122
8412f110-0230-4aee-a473-e03557609dd9,1782297554.746419,1782297554.813349,66.93,200,0.05968567000127223
8c96c382-e1a5-4fcf-8144-e3576ddaff7d,1782297554.753878,1782297554.879416,125.54,200,0.06487041900072654
08cf01f0-ff3b-40da-9077-da2e212d7680,1782297555.005896,1782297555.073699,67.80,200,0.06181827299951692
6cf21924-f8d9-44fc-96d7-e88517c5c07d,1782297555.044963,1782297555.114721,69.76,200,0.0566103999990446
6a1c486b-aab8-4050-ad2b-886cf22ab13d,1782297555.378379,1782297555.448608,70.23,200,0.06466782099960255
3d6b7b3d-a535-4a90-b258-01fb82d66220,1782297555.525078,1782297555.585227,60.15,200,0.05445453600077599
138a2adb-4c21-4178-b1cb-0e1b89d09758,1782297555.625695,1782297555.713565,87.87,200,0.07856446499863523
95b60cf7-8741-475c-b06c-f65cedf37472,1782297555.646038,1782297555.718019,71.98,200,0.06567146000088542
d442943a-6c49-45f3-a5bd-30a16c324aac,1782297555.663669,1782297555.785925,122.26,200,0.06660333599938895
e5cedee7-72ad-4205-8e8b-62409778148b,1782297555.670767,1782297555.785635,114.87,200,0.07090183699983754
23a1e7b2-b456-4316-a5b3-1e84df08dbb0,1782297555.894222,1782297555.954194,59.97,200,0.054446830001325
70211aeb-7f39-4939-b10a-be54c424960a,1782297555.995568,1782297556.056891,61.32,200,0.05606262400033302
0d82301d-2cc8-4bf0-8b79-68d513db31d1,1782297556.062166,1782297556.133670,71.50,200,0.05990497200036771
d211e9a5-e917-4dd2-b231-cfd022bcb7ca,1782297556.491380,1782297556.551073,59.69,200,0.05444357600026706
8dd29a46-fe6c-48fc-98c5-f578126f8991,1782297556.679504,1782297556.737201,57.70,200,0.052501072999803
88c59d13-f93b-4280-82d2-5bc8de6b1555,1782297556.810588,1782297556.869373,58.78,200,0.05313901999943482
e9b7eb2f-a09c-4d28-841b-6b278f5bcc9b,1782297556.833760,1782297556.930295,96.54,200,0.05952546600019559
91e88a7d-5203-4781-bab3-f4e896d18e06,1782297556.858516,1782297556.997114,138.60,200,0.06593010399956256
d396e070-562d-49dd-8f12-1235c0ab3e06,1782297556.866484,1782297556.937179,70.69,200,0.06384246800007531
9e20946e-e731-4367-b373-fdca7ea922ca,1782297557.065349,1782297557.132866,67.52,200,0.05632496699945477
87f5d1fd-680f-441e-861a-efb4c7121be4,1782297557.494847,1782297557.560816,65.97,200,0.060396361999664805
56cbd6b0-4a7a-4299-9905-6fc941b0ecf9,1782297557.682479,1782297557.749105,66.63,200,0.06012715400174784
11adc632-a674-407a-8b85-a14db7db53bb,1782297557.812553,1782297557.873547,60.99,200,0.05563670599985926
5f145638-0643-4d57-883a-134b89cb4054,1782297557.836589,1782297557.944973,108.38,200,0.06979098600095313
1d99c4f5-4830-4add-9c1c-684c6f4bc316,1782297557.861539,1782297557.932068,70.53,200,0.06284245800088684
3ee4176c-e38a-4df0-ac7a-5f31a5882338,1782297557.869442,1782297557.989599,120.16,200,0.05652397800076869
4e13df08-8f85-4b81-b3ce-ca38c809b1df,1782297558.077917,1782297558.146350,68.43,200,0.057319726000059745
efc55630-7663-477e-bdea-d4cdde42a69f,1782297558.579308,1782297558.639441,60.13,200,0.05539936400055012
eee3d5e4-2b09-4425-9a19-56fc30510be3,1782297558.797875,1782297558.857554,59.68,200,0.05456341399985831
906a6dc3-b8ca-4dbe-ba4a-22fa23b81657,1782297558.950036,1782297559.018394,68.36,200,0.06222506500125746
66eb249d-6a98-4120-8d88-2c09971c0259,1782297558.978481,1782297559.093622,115.14,200,0.07333671200103709
66a298df-40a6-489f-91c1-7cf07e117d95,1782297559.007462,1782297559.093285,85.82,200,0.07627654799944139
90c0d305-c09f-453e-be8a-aaf20245877f,1782297559.088277,1782297559.156252,67.98,200,0.054994887999782804
e93378c9-5907-4524-9f5f-340c35260feb,1782297559.589293,1782297559.652050,62.76,200,0.05687348799983738
bb5e8dd9-ae35-489a-9c91-eee58ea3b986,1782297559.808608,1782297559.871909,63.30,200,0.05769793100080278
b58ac055-cf1b-4741-b4a7-10a299ab41e5,1782297559.960358,1782297560.025151,64.79,200,0.05864764599937189
4a2c532c-ad89-4555-9c76-706eb62b074d,1782297559.988486,1782297560.052789,64.30,200,0.058614164001483005
fa47c12d-0475-46ff-aa87-ac87c90c6ec4,1782297560.017209,1782297560.111739,94.53,200,0.058114241999646765
db4518a7-acf2-4799-a578-5fc5dabf0d03,1782297560.070807,1782297560.154856,84.05,200,0.06930273699981626
f1d38c33-77fa-4d63-9cb5-c02acbfc3fae,1782297560.445534,1782297560.510224,64.69,200,0.05978019299982407
a9e80371-5be3-401d-a5b4-033566eb47cc,1782297560.610671,1782297560.682697,72.03,200,0.06651157200030866
36fd6ddd-0609-415c-8a6f-fe0afe542d52,1782297560.724125,1782297560.787134,63.01,200,0.05769917600082408
21559b2b-a00d-46d7-83c9-b6b82d24da39,1782297560.745221,1782297560.927324,182.10,200,0.07986542500111682
c0456b9f-5348-4682-b07d-a75111759311,1782297560.767380,1782297560.927027,159.65,200,0.056967667000208166
12b61ae2-860e-475a-8b43-b19d5e7a4aa2,1782297560.774204,1782297560.850544,76.34,200,0.06896061800034659
0bce8895-4b3b-4370-8705-ac3e4af0ca83,1782297561.025706,1782297561.093067,67.36,200,0.061999894000109634
7e8cb594-ce66-49fa-a688-2ad6ae208246,1782297561.058232,1782297561.132241,74.01,200,0.060929063000003225
29d2cdbf-83bf-4c0a-8a80-5befbc57b962,1782297561.358976,1782297561.415799,56.82,200,0.051983203999043326
7c1ac375-0a16-4383-a1bc-2b0d9032fa10,1782297561.491284,1782297561.547471,56.19,200,0.05110391299967887
acba9d3b-2e6e-462c-8da1-e17ca3ba9da1,1782297561.582303,1782297561.646242,63.94,200,0.05829522900057782
d76c2b77-fa6c-487b-8d20-fc0c3bf9d233,1782297561.599306,1782297561.725369,126.06,200,0.0766379609995056
46b9d5f5-b827-42b4-8b41-20a937b93011,1782297561.616017,1782297561.813182,197.16,200,0.08557254799961811
78148497-e6eb-47da-8608-748c0aab62d7,1782297561.622390,1782297561.703394,81.00,200,0.0735498620015278
2a746d4c-bd68-449a-a298-f49cd5fb16d4,1782297561.823631,1782297561.883047,59.42,200,0.05431322500044189
2efcfb24-023a-42cb-8e2c-1c5e744a2aa0,1782297561.915485,1782297561.989653,74.17,200,0.06617541099876689
9dbbb049-c5c3-40eb-b83a-c5374d9c80d9,1782297562.038063,1782297562.101852,63.79,200,0.05869115099994815
3b2b60fb-4978-4378-b355-d714e458369b,1782297562.073623,1782297562.166596,92.97,200,0.06326514700049302
50d8a641-67e0-4417-826b-2a481a267cce,1782297562.448256,1782297562.516264,68.01,200,0.06273321300068346
fa3737c4-95ba-4ac0-b6c7-105cbc57f795,1782297562.612822,1782297562.691439,78.62,200,0.07268850299988117
d660f5ab-be8a-4bab-ab7b-d8c033cffb8a,1782297562.726988,1782297562.799908,72.92,200,0.06633924199923058
635c03ff-7b83-44d4-8635-de3ec0cafa5e,1782297562.748759,1782297562.878541,129.78,200,0.07488428899887367
6f1582f5-e545-476a-a5de-c1f0e8ecadf9,1782297562.770333,1782297562.949427,179.09,200,0.06971454300037294
804ad720-6c9d-4862-b985-299bc93d6528,1782297562.777070,1782297563.003651,226.58,200,0.05344061199866701
48232524-fb0a-4582-a5e4-07c67387e56f,1782297563.028112,1782297563.092403,64.29,200,0.059060924000732484
e0357832-4bb6-4a28-865b-0342b42fba9c,1782297563.076601,1782297563.172191,95.59,200,0.07830362300046545
dca95124-b8f9-4e51-9d0e-c5744c5135d5,1782297563.450927,1782297563.518097,67.17,200,0.06174962299883191
8152e587-df9d-4e2f-8287-48885c9fe779,1782297563.615583,1782297563.683328,67.75,200,0.06256955199933145
6be5c2fb-b96e-469c-b438-84487b5d22ee,1782297563.729755,1782297563.796187,66.43,200,0.060535317001267686
27c124e7-cd1e-40d0-9a05-352f0deb5476,1782297563.750695,1782297563.826131,75.44,200,0.06902431900016381
b39d1a4b-0894-4275-bf71-363ec2d512c4,1782297563.772274,1782297563.888024,115.75,200,0.06068140999923344
b4c34174-15ac-4443-977a-3a8c6d52f36b,1782297563.780049,1782297563.875851,95.80,200,0.0780780719996983
6ddfb7fa-2f95-42d0-8f70-6a7d8590a217,1782297564.032582,1782297564.111045,78.46,200,0.07115388800048095
65045e7c-48bc-428f-bb94-3c62cf008b08,1782297564.086882,1782297564.186303,99.42,200,0.07363171900033194
d1e94050-b042-485c-a70b-403d17652008,1782297564.515933,1782297564.578031,62.10,200,0.056387515000096755
b5057e0d-ed69-4e89-8afa-a9b8b544e70f,1782297564.704433,1782297564.763766,59.33,200,0.054212824999922304
ce1d160e-1570-462b-8338-91bdf01472db,1782297564.834164,1782297564.904608,70.44,200,0.06498265700065531
105a90f1-664c-4e6b-a828-231c891e1adf,1782297564.859092,1782297564.991067,131.97,200,0.0826799860005849
8a230b40-a00c-4999-a849-1110842dd0e6,1782297564.883279,1782297564.948026,64.75,200,0.058112796001296374
2e8d1d8b-4a7b-44d5-bedc-352027297b41,1782297564.891855,1782297565.008676,116.82,200,0.05947975699928065
d7bab121-a63d-4906-9d82-2e16682c5654,1782297565.087884,1782297565.156707,68.82,200,0.05824280100023316
8373aa0f-e175-4195-80c7-cc0f09093595,1782297565.516421,1782297565.579821,63.40,200,0.058317136999903596
f3502521-ccd8-4257-bb73-f980888fa8f8,1782297565.705312,1782297565.763755,58.44,200,0.052812994001214975
b0b42fb5-4778-4f48-8d87-c5744548fdd4,1782297565.836250,1782297565.934507,98.26,200,0.08812471000055666
bd8c3535-9dee-4b09-9b9f-c3158900fa02,1782297565.859574,1782297565.942269,82.70,200,0.07620433400006732
0ac5cc8b-b4b3-4067-8e00-fef97dfe6890,1782297565.883471,1782297566.006494,123.02,200,0.06274578099873906
71476266-a323-4672-a99d-3717c196c7ca,1782297565.892125,1782297566.074878,182.75,200,0.06745458699879237
b9e34af0-b79d-408f-a04e-137e683fe52f,1782297566.090516,1782297566.158745,68.23,200,0.057656937000501784
c3b6a4fe-af2a-42b6-9d6d-a7be2ffdee1a,1782297566.519639,1782297566.574815,55.18,200,0.050277013000595616
33fd51d8-fa35-4fc1-b65e-a72dccddc076,1782297566.707333,1782297566.769423,62.09,200,0.05673149300127989
d93c5530-41a1-42e1-970b-13d9ec4c0423,1782297566.837806,1782297566.898091,60.29,200,0.05455840400099987
0efade6e-c1ba-4c64-8345-0dcce5d6b083,1782297566.862638,1782297566.926407,63.77,200,0.057930765999117284
ff12a920-b031-4d87-a010-ef612ca217db,1782297566.887180,1782297566.972937,85.76,200,0.07381623200126342
a8892a28-9fff-4209-942a-ce444059caf3,1782297566.895082,1782297566.995202,100.12,200,0.06662361300004704
7c994e51-1309-4f8d-a405-82a05cbb277a,1782297567.071404,1782297567.139370,67.97,200,0.057523602999935974
95d63570-f4cd-4265-a0b2-bcc743cdc7f3,1782297567.372144,1782297567.435339,63.19,200,0.05837238899948716
81dc8baa-d590-462d-b66e-c4482bed8b87,1782297567.503775,1782297567.563408,59.63,200,0.05460035800024343
d83560fb-0ee2-41cc-8161-a194697e6b74,1782297567.594833,1782297567.662855,68.02,200,0.06200114700004633
c811e32a-36d0-4241-82e5-c1ffa5a21814,1782297567.612180,1782297567.701927,89.75,200,0.0805172769996716
23b612e9-0844-40fc-88a0-5f79dd9b9a92,1782297567.629367,1782297567.771025,141.66,200,0.06834347899894055
5fc59f16-8a34-41b2-9edb-d8aa2b6c06e2,1782297567.634942,1782297567.725911,90.97,200,0.06193702500058862
ba498a64-0a5d-49f4-be7b-65c88d3a6546,1782297567.836520,1782297567.896536,60.02,200,0.05500558700077818
9b1dd5a9-88a5-41ca-8156-e7f0f6409236,1782297567.927883,1782297567.985832,57.95,200,0.0530883419996826
247ba62c-46e0-461e-9c7a-a5d95e21a55f,1782297568.051237,1782297568.111680,60.44,200,0.05567799799973727
a05fa780-a025-4410-b3d8-ed486bac03b9,1782297568.122363,1782297568.192016,69.65,200,0.058741013999679126
ffef517a-ad7c-49bb-887e-6e73c1b0551b,1782297571.473687,1782297571.530013,56.33,200,0.051399650999883306
63821f71-a5c7-40a9-ac43-ac5f29c7640e,1782297571.738677,1782297571.804187,65.51,200,0.05956071999935375
dc112afd-464e-491a-b1e9-b53c9c1791b6,1782297571.858375,1782297571.928380,70.00,200,0.058357510999485385
0ff3e775-4ac4-4bb6-888c-31d34b95f565,1782297571.919809,1782297571.995313,75.50,200,0.06540173700159357
24aed4ee-1bca-49a7-ac49-12472146eeba,1782297571.953509,1782297572.018868,65.36,200,0.058933558999342495
b2c08c75-875b-4370-9688-1b1b62fc88cc,1782297572.232294,1782297572.289068,56.77,200,0.051848757999323425
b6886055-bfa2-429c-a76b-a9e8b6f8c512,1782297572.396521,1782297572.459460,62.94,200,0.05740250099916011
996bbd54-48d1-4d7b-b324-90d931c39408,1782297572.510927,1782297572.572407,61.48,200,0.056116902000212576
52f80545-8451-414b-9741-3424a149492e,1782297572.531799,1782297572.601456,69.66,200,0.06284739900002023
dc103015-a3f8-46be-b5a6-512a7b377245,1782297572.553368,1782297572.636022,82.65,200,0.06289713799924357
bb7a05ab-ab7b-48fe-94b7-46b6b1be9188,1782297572.561281,1782297572.662102,100.82,200,0.05923078100022394
4accd847-95eb-46ea-b363-eb204db8b821,1782297572.812758,1782297572.881419,68.66,200,0.06291750600030355
90200179-1c71-4c6d-b8d4-57852c6f3517,1782297572.863021,1782297572.937843,74.82,200,0.05498161699870252
19659c32-5dea-41e4-8b26-db345bb41ef2,1782297573.363705,1782297573.422912,59.21,200,0.054113190999487415
f90978e5-45ad-4491-93fe-dd11480f997d,1782297573.583454,1782297573.641771,58.32,200,0.053221807998852455
8684882e-aeaa-4fe8-8a36-b43b1b8efc92,1782297573.735294,1782297573.797072,61.78,200,0.056796773000314715
04f1cebe-ea63-4275-b152-0a86f07a5b6e,1782297573.763265,1782297573.827755,64.49,200,0.058452659999602474
8d9c9b78-663f-49a5-a4c4-05c3344d1a61,1782297573.792081,1782297573.885401,93.32,200,0.05586962800043693
26abec46-8ef8-4092-bb76-3975857113ee,1782297573.865116,1782297573.968726,103.61,200,0.07943139400049404
8e4c9cec-a506-447b-ad33-eda5f5e3a03a,1782297574.365515,1782297574.437306,71.79,200,0.06648728000072879
577e89ad-719e-4e1e-bcc2-c499a97091dd,1782297574.585889,1782297574.647656,61.77,200,0.056516040000133216
8b87ac29-3f68-42e3-a726-a50ca5a4b7d0,1782297574.737121,1782297574.798756,61.63,200,0.055876008000268484
43ac1ba8-76de-4992-aa74-bad387a9d70d,1782297574.766173,1782297574.831678,65.50,200,0.05928810300065379
4ff6b494-8229-4672-bbb5-b11df21c768a,1782297574.794836,1782297574.859409,64.57,200,0.05834247999882791
15fa8d90-b1bc-47b8-bc3e-714c8a26d892,1782297574.849202,1782297574.940361,91.16,200,0.07508536100067431
d8aa9e9c-4c52-4382-b53d-86887c6efc32,1782297575.223223,1782297575.291830,68.61,200,0.06333891299982497
115fb3d6-0f0d-4d29-bada-816183d81662,1782297575.388358,1782297575.462375,74.02,200,0.06842351500017685
3dfc52df-abee-497b-b18d-99cb27ee603d,1782297575.501882,1782297575.567772,65.89,200,0.0598908610008948
2d67556a-70da-4041-b155-3e4190a32197,1782297575.522912,1782297575.628507,105.59,200,0.059869324999453966
6b66fa92-362d-46b4-a3b7-6fa63b65494f,1782297575.544398,1782297575.682105,137.71,200,0.05253994899976533
e9c2b352-2c6c-4bdb-8fb2-01a4adb05cd0,1782297575.552096,1782297575.616309,64.21,200,0.057425582001087605
a1e6db22-ac66-4998-881d-18843564984b,1782297575.803602,1782297575.864181,60.58,200,0.055162622998977895
7e0bc298-61c2-40b8-9c59-d71ac5bb4de5,1782297575.858631,1782297575.922351,63.72,200,0.052362136000738246
5fa2e524-11f4-4e3c-b1c9-f180d24208a3,1782297576.287249,1782297576.347443,60.19,200,0.05442549199869973
e01654ed-e29e-4d40-8548-198fbc879f7d,1782297576.475108,1782297576.533026,57.92,200,0.05267796800035285
29522d56-adb4-46f4-982f-53ca13521a25,1782297576.606594,1782297576.667036,60.44,200,0.05538456099930045
20f99a54-d219-4072-84d9-19f08c87de41,1782297576.629681,1782297576.708322,78.64,200,0.07000401100049203
be2bfa24-f24d-4df0-a465-1844dda03a3e,1782297576.653918,1782297576.771428,117.51,200,0.06190227200022491
7a0f360e-7288-441e-a496-84feafab0eae,1782297576.662722,1782297576.726855,64.13,200,0.05727344499973697
b2b8ce31-65b4-4606-a34f-1aaac4c77538,1782297576.860150,1782297576.923097,62.95,200,0.052565721000064514
6c7aeba5-7eb9-4eca-a348-75f174a2ae42,1782297577.289795,1782297577.352239,62.44,200,0.057230336000429816
8d007d87-ea2c-4b5b-9c95-8c5d0a691ed3,1782297577.477728,1782297577.534951,57.22,200,0.05208914699869638
fb7aa7e1-b52e-4b52-b6b0-6af4e128c5e5,1782297577.608391,1782297577.666656,58.27,200,0.05269774099906499
91f98441-806d-410b-a01e-83bec46a9d0a,1782297577.632407,1782297577.728600,96.19,200,0.06124609499966027
bce564d6-8256-4f34-b036-d4c454e0ce49,1782297577.656054,1782297577.727648,71.59,200,0.06309177899856877
0e4e3b08-45a3-489f-aa2d-d29dee7e0013,1782297577.664757,1782297577.780361,115.60,200,0.05187277999903017
d6f2b089-937c-4a91-815e-0157089f194d,1782297577.854393,1782297577.916762,62.37,200,0.05209527400074876
3731c9d3-ba0c-4103-835d-c9c9f43821d2,1782297578.229651,1782297578.296642,66.99,200,0.060844970999824
1ab1cfef-93a8-410c-8e1d-0d43ad6d8f76,1782297578.394063,1782297578.458303,64.24,200,0.05869508700016013
b3dc68b0-09c4-4564-a49a-d21367376e94,1782297578.507833,1782297578.567286,59.45,200,0.053931661999740754
c3643afb-2796-4e18-9ad0-0a171246e5df,1782297578.528987,1782297578.698984,170.00,200,0.06514948199946957
8a8f5bec-56d7-4f84-ba31-96066125ea15,1782297578.550513,1782297578.698715,148.20,200,0.06172399999923073
5540629c-2097-4d02-aa57-1471b06d6526,1782297578.557546,1782297578.753959,196.41,200,0.054553866999413
727c2e3f-b77e-4fdb-a5aa-7fad86455ce0,1782297578.809459,1782297578.868383,58.92,200,0.05414926499906869
d4eba43e-91c0-4d2f-94c5-864014147606,1782297578.856505,1782297578.922580,66.07,200,0.05244696499903512
89b8593d-d800-4453-8192-9058311d2a32,1782297579.231393,1782297579.288875,57.48,200,0.05225066899947706
2b200237-8720-49c4-95ba-f800a6ddf437,1782297579.396236,1782297579.456438,60.20,200,0.05491143099970941
456ad017-f976-467a-9a74-8a8aef6efa98,1782297579.509908,1782297579.569896,59.99,200,0.05449072600094951
328ca16e-f81b-425a-824c-56aa2e9911b1,1782297579.530979,1782297579.629467,98.49,200,0.058641235998948105
1b0a0eca-80ff-4b33-99eb-b1a850fde873,1782297579.552708,1782297579.620823,68.11,200,0.061003337999864016
9b578c4c-71d5-49a4-81a8-1c1d4d5d0fa3,1782297579.560265,1782297579.674679,114.41,200,0.05271360599908803
513e7de0-e419-4681-a9a0-3515a64079c5,1782297579.811195,1782297579.873932,62.74,200,0.05674818499937828
785853e4-9c22-4f59-ab20-c352cabb7f50,1782297579.853330,1782297579.932100,78.77,200,0.06460967199927836
d0b73f6c-7530-4b95-a577-e65d094521d4,1782297580.186964,1782297580.255906,68.94,200,0.062151087000529515
3210b566-c869-48d6-914c-5e3369e1f026,1782297580.333490,1782297580.391784,58.29,200,0.05339354799980356
30ddfee0-a157-4a61-99be-ffda713ea274,1782297580.434206,1782297580.497282,63.08,200,0.05749868500060984
f12b8144-ef74-4194-85a9-deda9456d75d,1782297580.454650,1782297580.557525,102.87,200,0.05901826099943719
685be158-637e-4e35-93af-0489953ae152,1782297580.472110,1782297580.535406,63.30,200,0.057370765000086976
248d1ec9-d430-4e84-bc21-05fd46ecd4a7,1782297580.478816,1782297580.597740,118.92,200,0.061214993000248796
e3bd9595-b890-4b00-9d76-a2fee23aae1f,1782297580.703180,1782297580.762305,59.12,200,0.05382228900089103
07caec8b-e198-4a6a-b15c-215b16cb6ac0,1782297580.804764,1782297580.868882,64.12,200,0.05914289300017117
424c95d8-138d-4980-a74b-dde6e2651e28,1782297580.854979,1782297580.930509,75.53,200,0.059591458999420865
f3c21bf1-f227-44f2-821b-40213ca4a031,1782297581.188219,1782297581.255522,67.30,200,0.06241872099963075
8e592cef-5431-4b3f-8fa0-ca553ae0c9a6,1782297581.333941,1782297581.395942,62.00,200,0.05651718599983724
e9c5f2fc-def0-44cb-95bc-eb8db6e7e793,1782297581.435349,1782297581.498560,63.21,200,0.05796466999890981
79222b8d-d8ec-4817-ad88-bf8aaf0aaccb,1782297581.455274,1782297581.559763,104.49,200,0.059306163999281125
35900a57-259c-4a91-b061-641310364e86,1782297581.472977,1782297581.637739,164.76,200,0.07536971400077164
d3baedc9-8834-412e-aafc-494c0d7ca77d,1782297581.480436,1782297581.546106,65.67,200,0.05860784099968441
09e51489-9ec6-47dd-911e-7044856c0323,1782297581.703097,1782297581.780408,77.31,200,0.0696488630001113
34974241-df5a-4509-b8ce-48dfa5beb0cd,1782297581.805842,1782297581.865840,60.00,200,0.05498837699997239
dff2acee-25fc-4c5d-a0b5-8633f9153c05,1782297581.871322,1782297581.937735,66.41,200,0.055452187998525915
5b45101f-49c3-4d39-a032-ef958801c7c4,1782297582.300328,1782297582.368255,67.93,200,0.06234341199888149
3ca10ff7-3db5-44ac-ad5a-85360ffb92c2,1782297582.488642,1782297582.546434,57.79,200,0.05267792700033169
e350e504-3f17-4455-9c09-507f5466f36e,1782297582.619951,1782297582.684714,64.76,200,0.05979364799895848
5b785e44-d878-4b0d-ac60-7a27a40d71a3,1782297582.642978,1782297582.712968,69.99,200,0.0634011570000439
11174bcc-fe45-4788-b86c-a23ea98d894b,1782297582.667708,1782297582.747257,79.55,200,0.061048260000461596
2c574662-7b60-4953-803f-a2a44a724be0,1782297582.676197,1782297582.772364,96.17,200,0.05840361899936397
7b9b3199-37f3-4ed1-9177-906a6fd2a79e,1782297582.873013,1782297582.940774,67.76,200,0.05623265199938032
cb3f2711-a5ea-4f71-a185-6987bb9f1ba5,1782297583.302393,1782297583.366405,64.01,200,0.05890937699950882
a5857679-95e3-414c-974f-47a25a2c16fc,1782297583.490012,1782297583.547389,57.38,200,0.05211148699891055
91358b0c-3572-4d67-bb90-bc55adf789bb,1782297583.620888,1782297583.688927,68.04,200,0.06223497499922814
ee5ff993-3c62-4a28-8a5c-db381363659e,1782297583.645069,1782297583.715402,70.33,200,0.06237489600061963
3329110f-1fec-4317-9b18-c81dd3e7915b,1782297583.669357,1782297583.853578,184.22,200,0.060597108998990734
da20c546-8452-4225-8f66-b4e1ae14d318,1782297583.677583,1782297583.853834,176.25,200,0.07470150599874614
adea3296-a2fe-47bb-846d-b039e1fdcd58,1782297583.868756,1782297583.933775,65.02,200,0.05446129200026917
a88f0103-e8c5-4c4a-9917-3699cda3b6c1,1782297584.243580,1782297584.303678,60.10,200,0.054341425999155035
8a9f4b65-ca1f-4d6e-83b1-ff8fcf1f3cd7,1782297584.409097,1782297584.471769,62.67,200,0.05625347800014424
b2e3c9a4-866c-4cc7-84a9-a74832e32f3d,1782297584.522177,1782297584.585956,63.78,200,0.058835671999986516
f6740dc1-6946-46c0-8d57-5cc543cc222e,1782297584.543139,1782297584.651082,107.94,200,0.06403031300033035
2a602df7-20d1-4ceb-bd85-3ef3e71597ce,1782297584.564767,1782297584.635308,70.54,200,0.06255501399937202
06bc3733-6cf1-45e1-b24d-459b66ab901c,1782297584.572385,1782297584.704022,131.64,200,0.0677971749992139
268e1530-7bd1-446c-8a24-eefdeba3d099,1782297584.824495,1782297584.883461,58.97,200,0.05374258500160067
57bcf667-b5bc-4706-ac7d-59476102e2dc,1782297584.863106,1782297584.942873,79.77,200,0.05778744500094035
679253eb-b8ff-4df7-b118-ee7d4b94612b,1782297585.196560,1782297585.262180,65.62,200,0.060309796999717946
b7e8dbad-e804-4d40-b07d-8f44e51fa638,1782297585.342697,1782297585.416316,73.62,200,0.0683910490006383
4a8ddd1b-9fce-4ed4-95f5-60eeebea9249,1782297585.444757,1782297585.509572,64.82,200,0.05959070099925157
c8bc0dcc-5337-48fd-b79b-6e83337813d2,1782297585.464688,1782297585.565768,101.08,200,0.054677697000443004
6f5ca495-4521-495f-a65f-72b729f15929,1782297585.482325,1782297585.628970,146.64,200,0.06190046300071117
187424a6-5089-4634-a90d-b57fdb508711,1782297585.488516,1782297585.693619,205.10,200,0.06359745199915778
789712a6-a51e-4383-bd94-052e677b7705,1782297585.713030,1782297585.770553,57.52,200,0.052781316999244154
ea386520-5204-4302-a70c-8fa13d4e853a,1782297585.813954,1782297585.871419,57.46,200,0.052488326000457164
62c2cb36-5455-4d83-9d76-42085c55567c,1782297585.866245,1782297585.930206,63.96,200,0.05224489699867263
7078da75-70b6-409a-996e-df2469512019,1782297586.200133,1782297586.270879,70.75,200,0.06411265600036131
6ba78924-763f-4972-8afc-9e73c58f03f9,1782297586.345285,1782297586.423335,78.05,200,0.07123024400061695
46d3b4c7-c5a6-472a-a2ce-ccd3e74d96bc,1782297586.446896,1782297586.520792,73.90,200,0.06691370800035656
eab36d16-1f40-43e0-99ac-34b368c81dd9,1782297586.467243,1782297586.555726,88.48,200,0.07749204100036877
499c2b50-8d05-4701-9363-d5d394594886,1782297586.484388,1782297586.624272,139.88,200,0.06757384699994873
f565790f-f1cc-455c-a0b2-2ff6f06a5ca0,1782297586.491926,1782297586.581900,89.97,200,0.05996250599855557
5e935385-1772-462c-a724-2c91f1f02f4b,1782297586.714669,1782297586.772113,57.44,200,0.05236078599955363
e85c8b8a-04a8-40a5-9a23-848fce52b308,1782297586.816608,1782297586.872577,55.97,200,0.05161662599857664
272324ef-81af-4cc9-9336-cc63a8d1c8af,1782297586.874631,1782297586.939964,65.33,200,0.05474543800119136
16f7283a-69c2-4b46-b805-6b35e5feeaed,1782297587.249592,1782297587.306756,57.16,200,0.051969612000903
29259e4d-b39d-4c6b-a3ce-e1798485d354,1782297587.414152,1782297587.472105,57.95,200,0.05269490200043947
0e2e41cf-73c5-4c8f-a89d-a8edbe92de98,1782297587.528548,1782297587.591874,63.33,200,0.05709139400096319
733d4ad7-1c67-47f3-9b76-f0582a4dcec5,1782297587.548793,1782297587.647927,99.13,200,0.05487013700076204
ad477dc4-0adf-44c6-be68-c5beeea75464,1782297587.570380,1782297587.708880,138.50,200,0.059709657998610055
9b301a28-6dd9-4bb4-b482-af5bc3d85dc3,1782297587.577836,1782297587.761492,183.66,200,0.051805767998303054
ec112640-9d6b-4a69-8bb2-a6a4df7a9281,1782297587.830023,1782297587.891718,61.70,200,0.0559739600012108
131798c6-6dc7-47e9-83aa-7b728f239f5c,1782297587.864466,1782297587.960149,95.68,200,0.06507004400009464
e56019b7-a275-4a11-9620-71e3d4c8a88f,1782297588.164901,1782297588.221731,56.83,200,0.05197450700143236
9001ea7d-6ff2-4e84-b590-dc9f8e492e44,1782297588.297185,1782297588.361730,64.54,200,0.0590842759993393
56bc015c-70e1-4ee7-b266-a0ac841afacb,1782297588.389150,1782297588.505585,116.44,200,0.10791047900056583
6941e7a6-9378-4ca0-a203-2ccf7d0924ae,1782297588.405239,1782297588.602333,197.09,200,0.09428533000027528
7df5d058-ede7-4035-b69c-223ee3f84224,1782297588.422150,1782297588.529631,107.48,200,0.09825433699916175
d2007ecf-6ddd-435a-9ae5-68d2cdfc8d42,1782297588.427960,1782297588.695400,267.44,200,0.08058322299984866
ca04671f-c37e-4df1-b8c0-0c28eac54adb,1782297588.629940,1782297588.696435,66.50,200,0.06053461300143681
7f4776c0-23df-4908-92bb-2a55f1e60b93,1782297588.720763,1782297588.787111,66.35,200,0.06023286799972993
d223a5fc-eab8-402f-a368-4891be091b59,1782297588.844479,1782297588.922743,78.26,200,0.07065155999953276
62b915f3-f2a3-4608-a9fd-e2cbfc0830a2,1782297588.878893,1782297588.950612,71.72,200,0.058525442000245675
e12c877f-d0f1-4f29-9485-86358abc9403,1782297589.253473,1782297589.325109,71.64,200,0.06436546799886855
ea771e12-0940-4cd7-b502-1aa633c5c60a,1782297589.418635,1782297589.484769,66.13,200,0.06142032599927916
d987530b-7f4e-452a-819a-a9bf4034bc15,1782297589.532343,1782297589.604979,72.64,200,0.06576513400068507
5f09701b-2756-4385-a858-6b9b11bfe465,1782297589.553652,1782297589.635397,81.75,200,0.07514887300021655
902489ef-da8f-4416-b7c6-13854323dbf1,1782297589.575197,1782297589.710170,134.97,200,0.07347301899972081
42341397-531e-447c-b43e-63c0c01f3181,1782297589.581878,1782297589.680314,98.44,200,0.07356891299968993
3e6299b2-c72c-4b56-a323-a948813c3c88,1782297589.833713,1782297589.891934,58.22,200,0.05375371999980416
b9d28926-fbc7-440d-b12b-4599c1c743ff,1782297589.880747,1782297589.947154,66.41,200,0.0533241889988858
e22afc9d-fde9-42d8-a8b2-1e0f4abc75a5,1782297590.256012,1782297590.317337,61.33,200,0.056124210999769275
12e6375a-2cbf-4f01-adac-da627f0b91d0,1782297590.419852,1782297590.508035,88.18,200,0.07981445500081463
8f8f8406-acba-4e52-930f-c153e439cb0e,1782297590.535610,1782297590.626716,91.11,200,0.08368161500038696
15945c96-bdee-4854-9689-60c282edd331,1782297590.555771,1782297590.645758,89.99,200,0.08211217999996734
552c97e9-597f-46df-91d1-b2f6a9f27257,1782297590.577313,1782297590.715185,137.87,200,0.06781952100027411
a982c18a-3eb0-4805-affb-9d72f231ea56,1782297590.584223,1782297590.771479,187.26,200,0.05518469199887477
695f0674-8cca-47aa-bca8-e90265103864,1782297590.835827,1782297590.895306,59.48,200,0.0542093259991816
cf288fae-ea76-43c5-b12f-018914718368,1782297590.916758,1782297590.989923,73.16,200,0.06254095800068171
b7771d00-1c97-4013-838a-c0761a418b8d,1782297591.519013,1782297591.584696,65.68,200,0.059974096999212634
10d038c7-c6fe-452b-9bf6-f4635d3eb984,1782297591.782348,1782297591.843366,61.02,200,0.056119816999853356
4b94be79-0ebc-4342-ae5c-6fec93cf6552,1782297591.872448,1782297591.950931,78.48,200,0.06488313900081266
17224ec8-548f-43d8-af75-1898d9d58e53,1782297591.964824,1782297592.031295,66.47,200,0.061187532999610994
8690fbd1-d8b6-4b66-b167-bd28886dd943,1782297591.998805,1782297592.061964,63.16,200,0.056827939000868355
35ff2067-94a1-45f5-aa80-d456bcc3ec39,1782297592.173572,1782297592.231307,57.74,200,0.05265313499876356
fca5d256-3407-441d-9f6f-d388a6397787,1782297592.304705,1782297592.362766,58.06,200,0.05331446300078824
50c4dcce-8277-4aa3-afa5-23c3d1b89b30,1782297592.396210,1782297592.467588,71.38,200,0.06617923099838663
8d65f37d-6ed2-4073-95e0-fc65a6d63876,1782297592.413092,1782297592.531899,118.81,200,0.06316545799927553
3e5fbc30-d9a1-426c-80ba-c871080b51fa,1782297592.429658,1782297592.501424,71.77,200,0.06378058600057557
407305a6-ace2-4c8f-8c11-80af1000d64a,1782297592.436505,1782297592.598875,162.37,200,0.06558518100064248
c5ec7e2a-264a-44ec-8eb9-0d89d19b7528,1782297592.637301,1782297592.698312,61.01,200,0.05614911799966649
e482d14d-74f7-4538-9df6-d4a2a937c58b,1782297592.728776,1782297592.797632,68.86,200,0.06390223000016704
18412f3c-af9c-49a5-a224-c28677df6835,1782297592.852041,1782297592.913734,61.69,200,0.05670685399854847
bef9054f-108b-4698-afad-857854e98ce7,1782297592.895157,1782297592.970011,74.85,200,0.05495534600049723
a50f88c6-cfc3-4430-9bea-2b3d78ecfde3,1782297593.323947,1782297593.384160,60.21,200,0.05436592399928486
315da656-5b14-470a-a694-f5bee9e16239,1782297593.512627,1782297593.570452,57.82,200,0.052452012001594994
3ddba395-1f18-4192-b3f0-2e75325aef04,1782297593.643961,1782297593.723182,79.22,200,0.07100218999948993
8477c878-f83a-4578-a7d6-eb98678e9a6d,1782297593.667322,1782297593.734433,67.11,200,0.060721515999830444
c772aa30-7ba2-4be4-8200-94a5ac844b2d,1782297593.690970,1782297593.791500,100.53,200,0.06704652400003397
a536dd5e-0fbb-4ffe-affb-8fedec6c335c,1782297593.699524,1782297593.857452,157.93,200,0.06480983100118465
57fb250e-6729-480a-a8d0-162e668a415a,1782297593.884605,1782297593.948066,63.46,200,0.052761273000214715
86c87774-d3ee-4b1f-a385-121b3a4503d6,1782297594.217689,1782297594.277674,59.99,200,0.05472977899989928
0cb0b8a0-82af-4f34-805a-0176fe96d157,1782297594.364109,1782297594.431350,67.24,200,0.06196114100021077
2e558833-ac82-4088-b5ec-66cf4e009865,1782297594.465832,1782297594.532396,66.56,200,0.060332817998641985
770f24c7-f361-422f-acfe-a9dabe292097,1782297594.485963,1782297594.610601,124.64,200,0.07678465500066523
663ecd9c-0fa0-4a20-bb91-70bf8f44e4b2,1782297594.503621,1782297594.675329,171.71,200,0.06331902999954764
1b9c3aa0-987e-4b6d-bea0-13c7054e65ac,1782297594.510233,1782297594.747054,236.82,200,0.07059401199876447
99c3e574-44cf-425f-bb10-7abab0637f82,1782297594.733896,1782297594.817538,83.64,200,0.06916769800045586
36de16fb-2f69-4722-afd9-ddd253b9d09f,1782297594.836977,1782297594.911880,74.90,200,0.06910549299936974
0b884ccf-a776-435f-998e-40f6fe2edba4,1782297594.885149,1782297594.979109,93.96,200,0.06518906199926278
9717f3df-89ff-4c70-acb4-64116f1f79e3,1782297595.219970,1782297595.303198,83.23,200,0.07507948800048325
ec559891-30c5-4549-be55-1cd0c9075379,1782297595.364864,1782297595.474670,109.81,200,0.10125041999890527
ab9b8b96-211b-43b5-a13a-5beb0b8ac17b,1782297595.466611,1782297595.574112,107.50,200,0.0949452389995713
548767f5-29d0-4354-835d-dd9db9dfef9e,1782297595.485368,1782297595.584209,98.84,200,0.08967047699843533
794e131e-95cb-4cdc-97b1-df10b372115f,1782297595.504363,1782297595.666272,161.91,200,0.09027787299964984
b8d3e778-d9e7-44b0-9f50-f522ece40cc9,1782297595.510865,1782297595.732624,221.76,200,0.06493412499912665
9d18ff1f-bb4c-4afd-a7bf-46b84b2943d6,1782297595.733979,1782297595.796730,62.75,200,0.057570791999751236
b37774c2-29c0-41b1-8f22-9a4c7aa3e3a9,1782297595.836320,1782297595.905576,69.26,200,0.06275135000032606
dcb9b1ba-9dca-4382-b06d-f6ccf8ff8c93,1782297595.904882,1782297595.977037,72.15,200,0.057480538000163506
4554eae5-f27e-4c1f-a42b-13932e0df576,1782297596.333807,1782297596.395216,61.41,200,0.05579024999860849
6cadfe31-f95c-454d-b204-eb9c04d54fb9,1782297596.521761,1782297596.602713,80.95,200,0.07403493799938587
1dee7aac-5128-4f0c-a093-df1b33b752bf,1782297596.652277,1782297596.725924,73.65,200,0.06757483399997
84e3d729-90f4-41f7-bda8-fe8e983e3017,1782297596.676597,1782297596.876010,199.41,200,0.08211855300032767
173796c8-0345-451d-8f6c-3eaacff785bf,1782297596.700359,1782297596.875719,175.36,200,0.0627929000002041
760c13c9-be16-4005-9376-e987d46df99a,1782297596.709173,1782297596.943122,233.95,200,0.06643390200042631
6d269acf-49c0-4392-8a09-f036adb89d69,1782297596.884445,1782297597.012999,128.55,200,0.06845346400041308
d14dd6ef-6fdd-47e7-b558-2edb53359224,1782297597.185834,1782297597.265706,79.87,200,0.07299511800010805
23f3a3e5-58c1-42e0-9d1e-9ffe5f4aeee4,1782297597.317192,1782297597.380017,62.82,200,0.05746922400066978
63dfc1da-d952-4333-a8a1-de7252490f13,1782297597.408459,1782297597.473331,64.87,200,0.0593354669999826
e4cf1dc4-21c5-47bd-8f14-9d68df02a2f4,1782297597.425323,1782297597.531888,106.57,200,0.0572790440000972
a810826c-7df2-4cf7-b005-c4e9598f2ed2,1782297597.441890,1782297597.614388,172.50,200,0.07944698000028438
c4f3e575-6973-4b61-9805-751d7b1288fd,1782297597.448284,1782297597.516166,67.88,200,0.06139295799948741
e9cf9a56-2848-4764-9f8a-eff6e25abd88,1782297597.648806,1782297597.713697,64.89,200,0.05972564799958491
b9b113fc-54bd-4066-9290-583bf7966b33,1782297597.741145,1782297597.800901,59.76,200,0.054615565999483806
035c163a-e27b-49e8-9734-8383f7452aa8,1782297597.864401,1782297597.945777,81.38,200,0.07333645499966224
4846cc0d-0636-4df9-9eee-bab7a9878b19,1782297597.906996,1782297597.980250,73.25,200,0.061313809999774094
1cb06757-1c7b-4c8c-ab27-54257ce7fe41,1782297598.336054,1782297598.398418,62.36,200,0.05745421800020267
b562f398-2ae2-4106-ad3f-21d62c77fd6b,1782297598.523967,1782297598.604938,80.97,200,0.07422886899985315
83aa7709-1390-451d-93ca-ea4325d8abc1,1782297598.654754,1782297598.739333,84.58,200,0.07726939599888283
d9d5fa53-584a-42c5-8a94-6ffb310b44c4,1782297598.678421,1782297598.764374,85.95,200,0.07750254900020082
81ba45d6-b931-43ea-8564-4be5e5a1c0a7,1782297598.702691,1782297598.812920,110.23,200,0.0721220679988619
9fbc0c86-ed26-46b7-8ee4-c371283a6370,1782297598.711628,1782297598.837601,125.97,200,0.07215897000060068
413d90d9-948a-4406-b5cc-b332cf236524,1782297598.920251,1782297598.989800,69.55,200,0.05744645300001139
d62393a0-85da-4c6f-a5dd-41d8801dd88d,1782297599.421687,1782297599.484478,62.79,200,0.0571648949990049
60009bc2-bfeb-4118-bb27-de6ffff5488f,1782297599.640962,1782297599.701400,60.44,200,0.05476621699926909
3a3b0294-bc12-4c51-ad45-7f1fd27b2cc6,1782297599.792901,1782297599.857833,64.93,200,0.05994353099958971
ad114c3b-e1ee-4dda-a434-b5e56f430942,1782297599.820946,1782297599.887621,66.68,200,0.06113919199924567
ab856dfe-2fd8-4916-a191-8f4cd6c38a64,1782297599.849383,1782297599.950120,100.74,200,0.06136261400024523
34274851-5976-4524-a1d7-f769f674854d,1782297599.906362,1782297599.980560,74.20,200,0.061611076000190224
875e9675-195c-4583-8228-02c4af05ff28,1782297600.281352,1782297600.359130,77.78,200,0.0696044600008463
131e5956-98df-4c0a-bb74-ebc33031a44c,1782297600.445609,1782297600.511457,65.85,200,0.06008624899914139
759b34c4-a81b-45d9-88bd-5bd7f4d0b51e,1782297600.559975,1782297600.629183,69.21,200,0.06375587100046687
a0f4074c-7121-48ae-ab9f-028ee8da9aa8,1782297600.580947,1782297600.691670,110.72,200,0.06104016900098941
ab0dab3b-1593-47ce-9695-ee67b857d019,1782297600.601561,1782297600.770535,168.97,200,0.07742915299968445
7e917d0e-ff09-4d1c-8d63-821135f95941,1782297600.609981,1782297600.859937,249.96,200,0.08611375399959798
4ebbc3f6-caff-4be1-a7bd-657a925d8582,1782297600.860177,1782297600.926889,66.71,200,0.061413042998538
45c34567-23d9-41c2-a6e9-da7f5eb7de9e,1782297600.891068,1782297600.981937,90.87,200,0.07578208899940364
196c0571-b3d5-4cc3-b865-13895d2c8f1f,1782297603.879828,1782297603.946072,66.24,200,0.06005346600068151
4af317c6-a163-459e-8740-9b81ae2263a9,1782297603.999597,1782297604.076915,77.32,200,0.07202950099963346
e37aa8ca-8c3b-4acd-9d2e-f1ad359ab862,1782297604.081578,1782297604.185737,104.16,200,0.09731653299968457
cf6d173c-30b3-4ad3-9f15-71b5a3e58f7e,1782297604.097758,1782297604.235602,137.84,200,0.12936409900066792
c9cb4461-6439-4769-805f-00d36373169e,1782297604.114068,1782297604.287392,173.32,200,0.1000660580011754
bf4cc06a-eec0-4d63-8485-e35aae185cef,1782297604.118255,1782297604.384472,266.22,200,0.09510501399927307
c148adb5-bade-4afb-87b8-92ca0a7e4d57,1782297604.302076,1782297604.398264,96.19,200,0.08878114800063486
daa264c9-4cac-4b8f-a4ab-d35c1190148a,1782297604.384801,1782297604.452110,67.31,200,0.058719785998619045
cbff9ac4-c6c2-4c1b-9951-0e19d3f42442,1782297604.496459,1782297604.557468,61.01,200,0.05516387099851272
78ff8aa6-bd81-448f-9c6b-91bf29cfe503,1782297604.498162,1782297604.626956,128.79,200,0.06838124199930462
f2f8f742-d526-45ed-97c7-0e6f5783d944,1782297604.625796,1782297604.710133,84.34,200,0.07025746100043762
f1f6900d-58a5-4670-9a1f-4d9566d69de4,1782297605.000060,1782297605.072858,72.80,200,0.06649463600115268
5d84c925-f3c2-4960-8c79-31f2950d2380,1782297605.165524,1782297605.241569,76.05,200,0.06877533000078984
dca76254-32bd-4d98-920a-843665e17a66,1782297605.279306,1782297605.347512,68.21,200,0.06203922499844339
2ce38334-faf4-414b-8d20-a994bacc1a14,1782297605.300480,1782297605.375727,75.25,200,0.06776726799944299
9a921a29-af7f-4f4d-9228-51a48cc095ad,1782297605.321642,1782297605.422643,101.00,200,0.07424892300150532
2c2c241d-883b-45f0-bc05-6c5f76fddf29,1782297605.329748,1782297605.446330,116.58,200,0.06951846599986311
41b7c952-091b-4cbe-a384-315f4ae86eae,1782297605.581853,1782297605.652201,70.35,200,0.0644790100013779
52fe1e5a-683f-45c4-89b4-7390d5916650,1782297605.635980,1782297605.711085,75.11,200,0.0594552679995104
d70ef731-cf28-429c-94bf-8718cb601893,1782297606.064832,1782297606.123782,58.95,200,0.05344474800040189
fecd2150-d6c1-4e83-bf02-1469dbfc4b10,1782297606.252235,1782297606.326640,74.40,200,0.06682498000009218
28601970-58b9-48ec-93b7-9eaac5bdb823,1782297606.383093,1782297606.444691,61.60,200,0.05593001800116326
7d9be799-c7af-4779-b1f6-79965a1a5b43,1782297606.407139,1782297606.514991,107.85,200,0.06923552199987171
983fac66-f61d-408d-b639-d5c721142887,1782297606.431200,1782297606.503870,72.67,200,0.06625754800006689
c4a78f81-7b04-4f77-978f-2e2b6cb1777d,1782297606.439855,1782297606.558204,118.35,200,0.05303242899935867
b2312467-ca53-4912-8507-3401f7e60b5c,1782297606.628977,1782297606.694673,65.70,200,0.05415995199837198
be19654b-e959-4a95-a3f1-c1b9d11b2069,1782297607.003399,1782297607.067239,63.84,200,0.058168610999928205
e5f17657-73ff-4678-afb9-03392e6c798e,1782297607.168638,1782297607.232908,64.27,200,0.0576844670013088
fca83fe3-16eb-4dd7-9ab5-094d80cca4e5,1782297607.282335,1782297607.358620,76.28,200,0.06965081300040765
b5565818-b2d8-4590-a576-1b703c48ac33,1782297607.303630,1782297607.410020,106.39,200,0.08974425300039002
e2153341-12c8-451c-8469-4f09bdb7376e,1782297607.325644,1782297607.478892,153.25,200,0.06786227900010999
978c7f09-be9f-4d39-8300-67284a7b87bb,1782297607.332323,1782297607.437414,105.09,200,0.07744413300133601
e3d3dc8f-9422-4d1a-83be-b0ca0ebcdfaa,1782297607.584304,1782297607.653981,69.68,200,0.06348458300089987
8d87dde2-db79-4bb1-8260-e35209d374a0,1782297607.625228,1782297607.707078,81.85,200,0.06550318399968091
55f7dea5-8323-46b7-8a96-fb572c9e0d00,1782297607.959009,1782297608.031744,72.74,200,0.06644442300057563
bc715728-cbcf-4add-95f2-c389e4d97310,1782297608.105311,1782297608.174343,69.03,200,0.06331147199853149
c2ee511b-ab2c-44b9-85c6-1f6053c6c19b,1782297608.206814,1782297608.269873,63.06,200,0.057678717999806395
d3f11f59-da98-41f2-8a6d-df3c25c26e47,1782297608.224867,1782297608.378708,153.84,200,0.05433715500112157
6eecf76e-9a10-49b5-86c2-18b4db40e35c,1782297608.243668,1782297608.379006,135.34,200,0.05195388799984357
becdcc70-d850-43ba-a4e0-b32e023b0103,1782297608.250179,1782297608.444965,194.79,200,0.06544271200073126
7a52651c-0961-4695-a580-6acb729b9fc8,1782297608.474364,1782297608.555510,81.15,200,0.07569787700049346
a95a6860-f1af-426c-9748-2a73b81489fb,1782297608.575922,1782297608.643347,67.42,200,0.06200046300000395
a5acc60e-18c4-42c1-8281-3911b4de18e5,1782297608.652396,1782297608.734433,82.04,200,0.06878276799943706
21f5bbb4-f123-4692-9177-262911bc967e,1782297609.153169,1782297609.210882,57.71,200,0.05262770300032571
f340a094-a09b-492f-a8ba-7d2c8f153626,1782297609.372369,1782297609.436829,64.46,200,0.059095811999213765
1b27df84-4fd1-4fc1-b838-9cca9e16fd76,1782297609.525305,1782297609.607758,82.45,200,0.0765028860005259
885ec8fd-5aee-4c4b-a6d1-3ac68a1278a6,1782297609.553537,1782297609.641622,88.09,200,0.07882623600016814
b552fe14-1249-49ba-a294-e5207d7ea65e,1782297609.581737,1782297609.708531,126.79,200,0.06597653299832018
ad887a94-3674-4e07-a94e-921fe2b46915,1782297609.645722,1782297609.790054,144.33,200,0.07798584299962386
9b7f0140-a527-499c-bda2-7a9136a988d8,1782297610.075738,1782297610.171936,96.20,200,0.0895093140006793
908f23ff-1f83-4202-af96-2fb5e2d2e157,1782297610.262628,1782297610.326041,63.41,200,0.05739356900085113
6945f265-fc4e-47a7-bb4d-11b0fc4ded9b,1782297610.394450,1782297610.478917,84.47,200,0.07628277000003436
9b08305a-d5be-431b-b46c-cea8ab54dbee,1782297610.417653,1782297610.563114,145.46,200,0.08197547299823782
91b2febf-88a7-4055-ae1e-1510e7d6201e,1782297610.441257,1782297610.512090,70.83,200,0.0645043810000061
54cf8385-5d34-4f74-9b8a-b2185d6ddf7d,1782297610.449774,1782297610.579791,130.02,200,0.06670171500081779
4a5b4d8f-0233-417b-90f0-ce97631cfe9a,1782297610.647996,1782297610.713806,65.81,200,0.05511283999840089
1b9a4d3f-b75c-43bf-bda6-53ab48a1ad94,1782297611.077649,1782297611.142172,64.52,200,0.05944214400005876
37dfc224-edd1-4a5c-a752-aa0b288ae2de,1782297611.264661,1782297611.323393,58.73,200,0.053657489999750396
c0488d23-700f-4cbd-b918-32d74fb65d04,1782297611.396904,1782297611.462548,65.64,200,0.05876456800069718
f36a01fd-4895-4092-95a5-69924b72a780,1782297611.419335,1782297611.483992,64.66,200,0.0592564050002693
ff321496-5290-4a69-b5ad-36be8e8eb02e,1782297611.443958,1782297611.535731,91.77,200,0.07211401400127215
02e760e0-a625-4e92-8abf-aad72e0c197c,1782297611.452232,1782297611.542678,90.45,200,0.05721138499939116
2519abb5-128d-492d-b169-7c23e69de3ce,1782297611.640280,1782297611.730715,90.43,200,0.07529177399919718
04005813-84a1-4494-93fe-aa5c70bf1c36,1782297612.016422,1782297612.081205,64.78,200,0.059440627999720164
693e1e28-7bcb-4308-9602-0cc1ccebd09c,1782297612.179838,1782297612.258003,78.16,200,0.07224364699868602
61f0d234-a2e2-4be2-ba2e-c3263e2b5396,1782297612.293528,1782297612.360799,67.27,200,0.06094115899941244
13daab9b-ba57-4ac2-941a-47898804c101,1782297612.314593,1782297612.425730,111.14,200,0.06397973099956289
d18f2aea-3fd5-4ae9-8ae2-22d8363c408a,1782297612.336011,1782297612.550900,214.89,200,0.05580510000072536
568375e2-7290-466b-ad5f-c89289f745ee,1782297612.343759,1782297612.551172,207.41,200,0.06622277899987239
8bf3439f-5b77-4a3d-b826-964b0047d531,1782297612.595541,1782297612.652717,57.18,200,0.05222259299989673
